Dish Name,State/Region,Category,Diet,Description,Ingredients (Key),Typical Serving Size,KCAL,PROTEIN (g),CARBS (g),FAT (g),Free Sugar (g),Fibre (g),Sodium (mg),Calcium (mg),Iron (mg),Vitamin C (mg),Folate (µg),Ingredients (Full List),Ingredients with Ayurvedic Notes
Sattu drink,Bihar,Beverage (Juice/Cooler),Veg,A vegetarian beverage from Bihar.,Roasted Gram Flour (Sattu),,23.38,0.56,5.16,0.14,3.96,0.4,12.65,1.59,0.17,0.0,25.48,"Roasted Gram Flour (Sattu), Water, Sugar, Ice","Roasted Gram Flour (Sattu) (Laghu, light, balances Kapha); Water (Balances doshas when eaten fresh and in moderation); Sugar (Guru, Madhura, builds Ojas but heavy for Kapha); Ice (Balances doshas when eaten fresh and in moderation)"
Almond biscuit (Badam ke biscuit),Continental/Global Cuisine,Bakery (Cookie/Biscuit),Veg,A vegetarian bakery typically made with almond.,Almond,,407.74,6.25,52.14,19.7,22.19,1.5,151.76,44.05,1.11,0.03,2.28,"Almond, Refined Flour (Maida), Butter, Sugar, Baking Powder, Egg","Almond (Guru, Snigdha, nourishing for Vata); Refined Flour (Maida) (Guru, heavier to digest, best in moderation); Butter (Snigdha, unctuous, balances Vata); Sugar (Guru, Madhura, builds Ojas but heavy for Kapha); Baking Powder (Neutral, leavening agent); Egg (Guru, Ushna, builds strength, use moderately for Pitta)"
Almond cardamom cake (Badam elaichi cake),Continental/Global Cuisine,Bakery (Cake/Pastry),Veg,A vegetarian bakery typically made with almond.,Almond,,356.35,7.18,34.53,21.36,18.06,2.35,155.37,81.29,1.29,0.37,10.86,"Almond, Refined Flour (Maida), Sugar, Butter, Egg, Baking Powder, Milk","Almond (Guru, Snigdha, nourishing for Vata); Refined Flour (Maida) (Guru, heavier to digest, best in moderation); Sugar (Guru, Madhura, builds Ojas but heavy for Kapha); Butter (Snigdha, unctuous, balances Vata); Egg (Guru, Ushna, builds strength, use moderately for Pitta); Baking Powder (Neutral, leavening agent); Milk (Guru, Shita, cooling and building, balances Pitta)"
Almond soup (Badam ka soup),Continental/Global Cuisine,Soup,Veg,A vegetarian soup typically made with almond.,Almond,,78.65,10.13,3.68,13.8,1.94,0.91,8376.94,114.95,2.83,7.68,38.67,"Almond, Stock/Water, Onion, Salt, Pepper, Butter/Oil","Almond (Guru, Snigdha, nourishing for Vata); Stock/Water (Guru, Ushna, deeply nourishing); Onion (Ushna, stimulates Agni, balances Kapha and Vata); Salt (Ushna, enhances taste, balances electrolytes); Pepper (Ushna, heating, clears Kapha); Butter/Oil (Snigdha, unctuous, balances Vata)"
American frosting,Continental/Global Cuisine,Bakery (Icing/Topping),Veg,A vegetarian bakery.,Icing Sugar,,257.57,1.05,67.48,0.01,67.46,0.0,19.33,7.05,0.14,,,"Icing Sugar, Butter, Water","Icing Sugar (Guru, Madhura, builds Ojas but heavy for Kapha); Butter (Snigdha, unctuous, balances Vata); Water (Balances doshas when eaten fresh and in moderation)"
Apple banana pie,Continental/Global Cuisine,Bakery (Cake/Pastry),Veg,"A vegetarian bakery typically made with banana, apple.","Banana, Apple",,243.99,3.13,32.12,11.39,12.96,1.89,384.43,21.23,0.79,8.88,31.98,"Banana, Apple, Refined Flour (Maida), Sugar, Butter, Egg, Baking Powder, Milk","Banana (Guru, Shita, grounding); Apple (Laghu, Shita, cooling and light); Refined Flour (Maida) (Guru, heavier to digest, best in moderation); Sugar (Guru, Madhura, builds Ojas but heavy for Kapha); Butter (Snigdha, unctuous, balances Vata); Egg (Guru, Ushna, builds strength, use moderately for Pitta); Baking Powder (Neutral, leavening agent); Milk (Guru, Shita, cooling and building, balances Pitta)"
Apple cake (Seb ka cake),Continental/Global Cuisine,Bakery (Cake/Pastry),Veg,A vegetarian bakery typically made with apple.,Apple,,290.08,4.94,39.48,12.87,23.52,1.22,136.95,38.99,0.9,1.16,9.32,"Apple, Refined Flour (Maida), Sugar, Butter, Egg, Baking Powder, Milk","Apple (Laghu, Shita, cooling and light); Refined Flour (Maida) (Guru, heavier to digest, best in moderation); Sugar (Guru, Madhura, builds Ojas but heavy for Kapha); Butter (Snigdha, unctuous, balances Vata); Egg (Guru, Ushna, builds strength, use moderately for Pitta); Baking Powder (Neutral, leavening agent); Milk (Guru, Shita, cooling and building, balances Pitta)"
Apple cinnamon pie,Continental/Global Cuisine,Bakery (Cake/Pastry),Veg,A vegetarian bakery typically made with apple.,Apple,,258.73,3.35,33.68,12.21,11.95,1.77,60.14,16.14,0.65,2.24,11.58,"Apple, Refined Flour (Maida), Sugar, Butter, Egg, Baking Powder, Milk","Apple (Laghu, Shita, cooling and light); Refined Flour (Maida) (Guru, heavier to digest, best in moderation); Sugar (Guru, Madhura, builds Ojas but heavy for Kapha); Butter (Snigdha, unctuous, balances Vata); Egg (Guru, Ushna, builds strength, use moderately for Pitta); Baking Powder (Neutral, leavening agent); Milk (Guru, Shita, cooling and building, balances Pitta)"
Apple mousse,Continental/Global Cuisine,Dessert (Souffle/Custard/Pudding),Veg,A vegetarian dessert typically made with apple.,Apple,,106.92,4.21,12.77,4.27,10.56,1.6,28.79,33.76,0.48,14.48,35.22,"Apple, Milk, Sugar, Egg, Cornflour","Apple (Laghu, Shita, cooling and light); Milk (Guru, Shita, cooling and building, balances Pitta); Sugar (Guru, Madhura, builds Ojas but heavy for Kapha); Egg (Guru, Ushna, builds strength, use moderately for Pitta); Cornflour (Balances doshas when eaten fresh and in moderation)"
Bacon and mushroom pancake,Continental/Global Cuisine,Breakfast/Tiffin (Pancake),Non-Veg,A non-vegetarian breakfast/tiffin typically made with mushroom.,Mushroom,,157.67,6.82,8.47,10.6,1.23,1.59,344.23,44.74,0.54,1.91,14.58,"Mushroom, Refined Flour (Maida), Sugar, Butter, Egg, Baking Powder, Milk","Mushroom (Balances doshas when eaten fresh and in moderation); Refined Flour (Maida) (Guru, heavier to digest, best in moderation); Sugar (Guru, Madhura, builds Ojas but heavy for Kapha); Butter (Snigdha, unctuous, balances Vata); Egg (Guru, Ushna, builds strength, use moderately for Pitta); Baking Powder (Neutral, leavening agent); Milk (Guru, Shita, cooling and building, balances Pitta)"
Baked brinjal in tomato sauce,Continental/Global Cuisine,Sauce/Condiment,Veg,"A vegetarian sauce/condiment typically made with tomato, brinjal.","Tomato, Brinjal",,38.63,1.58,4.13,1.62,2.2,2.34,79.66,26.24,0.32,68.38,103.99,"Tomato, Brinjal, Butter, Refined Flour (Maida), Salt, Pepper, Oil/Butter","Tomato (Amla, sour, stimulates digestion, use sparingly for Pitta); Brinjal (Laghu, light, supports digestion); Butter (Snigdha, unctuous, balances Vata); Refined Flour (Maida) (Guru, heavier to digest, best in moderation); Salt (Ushna, enhances taste, balances electrolytes); Pepper (Ushna, heating, clears Kapha); Oil/Butter (Snigdha, unctuous, balances Vata)"
Baked custard,Continental/Global Cuisine,Dessert (Souffle/Custard/Pudding),Veg,A vegetarian dessert.,Milk,,106.53,5.41,9.45,5.3,9.42,0.0,47.13,95.32,0.54,3.02,35.21,"Milk, Sugar, Egg, Cornflour","Milk (Guru, Shita, cooling and building, balances Pitta); Sugar (Guru, Madhura, builds Ojas but heavy for Kapha); Egg (Guru, Ushna, builds strength, use moderately for Pitta); Cornflour (Balances doshas when eaten fresh and in moderation)"
Baked eggs in tomato sauce,Continental/Global Cuisine,Sauce/Condiment,Egg (Ovo-Veg),"A vegetarian sauce/condiment typically made with tomato, egg.","Tomato, Egg",,80.05,4.92,3.78,5.22,2.03,0.01,188.21,71.94,1.31,245.7,317.88,"Tomato, Egg, Butter, Refined Flour (Maida), Salt, Pepper, Oil/Butter","Tomato (Amla, sour, stimulates digestion, use sparingly for Pitta); Egg (Guru, Ushna, builds strength, use moderately for Pitta); Butter (Snigdha, unctuous, balances Vata); Refined Flour (Maida) (Guru, heavier to digest, best in moderation); Salt (Ushna, enhances taste, balances electrolytes); Pepper (Ushna, heating, clears Kapha); Oil/Butter (Snigdha, unctuous, balances Vata)"
Baked fish with cheese sauce,Continental/Global Cuisine,Sauce/Condiment,Non-Veg,"A non-vegetarian sauce/condiment typically made with cheese, fish.","Cheese, Fish",,113.96,8.64,4.06,7.02,3.22,0.08,209.48,115.64,0.26,9.97,29.36,"Cheese, Fish, Butter, Refined Flour (Maida), Salt, Pepper, Oil/Butter","Cheese (Balances doshas when eaten fresh and in moderation); Fish (Guru, Ushna, nourishing, best fresh); Butter (Snigdha, unctuous, balances Vata); Refined Flour (Maida) (Guru, heavier to digest, best in moderation); Salt (Ushna, enhances taste, balances electrolytes); Pepper (Ushna, heating, clears Kapha); Oil/Butter (Snigdha, unctuous, balances Vata)"
Baked potato soup,Continental/Global Cuisine,Soup,Veg,A vegetarian soup typically made with potato.,Potato,,147.05,5.73,5.85,11.21,3.44,0.3,268.69,106.56,0.27,18.93,42.67,"Potato, Stock/Water, Onion, Salt, Pepper, Butter/Oil","Potato (Guru, Vata aggravating in excess); Stock/Water (Guru, Ushna, deeply nourishing); Onion (Ushna, stimulates Agni, balances Kapha and Vata); Salt (Ushna, enhances taste, balances electrolytes); Pepper (Ushna, heating, clears Kapha); Butter/Oil (Snigdha, unctuous, balances Vata)"
Banana cake (Kele ka cake),Continental/Global Cuisine,Bakery (Cake/Pastry),Veg,A vegetarian bakery typically made with banana.,Banana,,389.51,5.77,40.0,23.31,23.04,1.14,117.81,23.55,1.14,0.98,11.33,"Banana, Refined Flour (Maida), Sugar, Butter, Egg, Baking Powder, Milk","Banana (Guru, Shita, grounding); Refined Flour (Maida) (Guru, heavier to digest, best in moderation); Sugar (Guru, Madhura, builds Ojas but heavy for Kapha); Butter (Snigdha, unctuous, balances Vata); Egg (Guru, Ushna, builds strength, use moderately for Pitta); Baking Powder (Neutral, leavening agent); Milk (Guru, Shita, cooling and building, balances Pitta)"
Banana milkshake (Kele milkshake),Continental/Global Cuisine,Beverage (Milkshake/Smoothie),Veg,"A vegetarian beverage typically made with banana, milk.","Banana, Milk",,65.31,1.84,9.15,2.37,7.96,0.26,13.61,62.64,0.13,6.84,19.83,"Banana, Milk, Sugar, Ice, Water","Banana (Guru, Shita, grounding); Milk (Guru, Shita, cooling and building, balances Pitta); Sugar (Guru, Madhura, builds Ojas but heavy for Kapha); Ice (Balances doshas when eaten fresh and in moderation); Water (Balances doshas when eaten fresh and in moderation)"
Banana milkshake with ice cream (Kele ka milkshake ice cream ke saath),Continental/Global Cuisine,Beverage (Milkshake/Smoothie),Veg,"A vegetarian beverage typically made with banana, milk, cream.","Banana, Milk, Cream",,76.45,2.01,11.15,2.77,9.94,0.27,16.63,68.3,0.14,6.99,20.73,"Banana, Milk, Cream, Sugar, Ice, Water","Banana (Guru, Shita, grounding); Milk (Guru, Shita, cooling and building, balances Pitta); Cream (Guru, Snigdha, heavy and nourishing); Sugar (Guru, Madhura, builds Ojas but heavy for Kapha); Ice (Balances doshas when eaten fresh and in moderation); Water (Balances doshas when eaten fresh and in moderation)"
Barbeque sauce,Continental/Global Cuisine,Sauce/Condiment,Veg,A vegetarian sauce/condiment.,Tomato,,121.93,0.96,20.46,4.51,18.88,0.69,504.95,28.61,1.15,,,"Tomato, Butter, Refined Flour (Maida), Salt, Pepper, Oil/Butter","Tomato (Amla, sour, stimulates digestion, use sparingly for Pitta); Butter (Snigdha, unctuous, balances Vata); Refined Flour (Maida) (Guru, heavier to digest, best in moderation); Salt (Ushna, enhances taste, balances electrolytes); Pepper (Ushna, heating, clears Kapha); Oil/Butter (Snigdha, unctuous, balances Vata)"
Beans and macaroni,Continental/Global Cuisine,Continental/Fusion Main,Veg,"A vegetarian continental/fusion main typically made with beans, pasta.","Beans, Pasta",,136.08,4.58,14.24,7.01,1.68,2.05,182.79,86.86,0.75,16.54,82.63,"Beans, Pasta, Onion, Garlic, Olive Oil, Salt, Pepper, Mixed Herbs","Beans (Balances doshas when eaten fresh and in moderation); Pasta (Balances doshas when eaten fresh and in moderation); Onion (Ushna, stimulates Agni, balances Kapha and Vata); Garlic (Ushna, heating, balances Vata and Kapha); Olive Oil (Snigdha, unctuous, balances Vata); Salt (Ushna, enhances taste, balances electrolytes); Pepper (Ushna, heating, clears Kapha); Mixed Herbs (Balances doshas when eaten fresh and in moderation)"
Beetroot and egg salad (Chukandar aur ande ka salad),Continental/Global Cuisine,Salad,Egg (Ovo-Veg),A egg-based salad typically made with egg.,Egg,,84.92,3.36,3.4,6.45,1.97,0.55,110.12,18.13,0.55,6.0,41.14,"Egg, Salt, Pepper, Lemon Juice, Oil/Dressing","Egg (Guru, Ushna, builds strength, use moderately for Pitta); Salt (Ushna, enhances taste, balances electrolytes); Pepper (Ushna, heating, clears Kapha); Lemon Juice (Amla, alkalising, stimulates Agni); Oil/Dressing (Snigdha, unctuous, balances Vata)"
Bottle gourd soup (Ghiya/Lauki soup),Continental/Global Cuisine,Soup,Veg,A vegetarian soup typically made with bottle gourd.,Bottle Gourd,,23.05,0.45,1.16,1.79,0.39,0.96,53.81,15.14,0.26,6.0,52.73,"Bottle Gourd, Stock/Water, Onion, Salt, Pepper, Butter/Oil","Bottle Gourd (Laghu, light, supports digestion); Stock/Water (Guru, Ushna, deeply nourishing); Onion (Ushna, stimulates Agni, balances Kapha and Vata); Salt (Ushna, enhances taste, balances electrolytes); Pepper (Ushna, heating, clears Kapha); Butter/Oil (Snigdha, unctuous, balances Vata)"
Bread sauce,Continental/Global Cuisine,Sauce/Condiment,Veg,A vegetarian sauce/condiment typically made with bread.,Bread,,111.04,3.46,8.69,7.05,4.63,0.56,88.84,110.72,0.31,,,"Bread, Butter, Refined Flour (Maida), Salt, Pepper, Oil/Butter","Bread (Balances doshas when eaten fresh and in moderation); Butter (Snigdha, unctuous, balances Vata); Refined Flour (Maida) (Guru, heavier to digest, best in moderation); Salt (Ushna, enhances taste, balances electrolytes); Pepper (Ushna, heating, clears Kapha); Oil/Butter (Snigdha, unctuous, balances Vata)"
Brown sauce,Continental/Global Cuisine,Sauce/Condiment,Veg,A vegetarian sauce/condiment.,Onion,,109.18,11.92,5.38,23.67,0.13,1.69,14174.59,40.44,2.46,,,"Onion, Butter, Refined Flour (Maida), Salt, Pepper, Oil/Butter","Onion (Ushna, stimulates Agni, balances Kapha and Vata); Butter (Snigdha, unctuous, balances Vata); Refined Flour (Maida) (Guru, heavier to digest, best in moderation); Salt (Ushna, enhances taste, balances electrolytes); Pepper (Ushna, heating, clears Kapha); Oil/Butter (Snigdha, unctuous, balances Vata)"
Buckwheat pancake (Khura),Continental/Global Cuisine,Breakfast/Tiffin (Pancake),Veg,A vegetarian breakfast/tiffin.,Buckwheat,,263.3,2.91,27.28,16.43,0.64,0.56,69.97,11.32,0.69,0.66,3.38,"Buckwheat, Refined Flour (Maida), Sugar, Butter, Egg, Baking Powder, Milk","Buckwheat (Balances doshas when eaten fresh and in moderation); Refined Flour (Maida) (Guru, heavier to digest, best in moderation); Sugar (Guru, Madhura, builds Ojas but heavy for Kapha); Butter (Snigdha, unctuous, balances Vata); Egg (Guru, Ushna, builds strength, use moderately for Pitta); Baking Powder (Neutral, leavening agent); Milk (Guru, Shita, cooling and building, balances Pitta)"
Butterfly biscuit,Continental/Global Cuisine,Bakery (Cookie/Biscuit),Veg,A vegetarian bakery.,Butter,,341.45,9.98,25.33,22.11,2.44,1.02,572.05,202.49,1.09,0.03,2.63,"Butter, Refined Flour (Maida), Sugar, Baking Powder, Egg","Butter (Snigdha, unctuous, balances Vata); Refined Flour (Maida) (Guru, heavier to digest, best in moderation); Sugar (Guru, Madhura, builds Ojas but heavy for Kapha); Baking Powder (Neutral, leavening agent); Egg (Guru, Ushna, builds strength, use moderately for Pitta)"
Buttermilk biscuit,Continental/Global Cuisine,Bakery (Cookie/Biscuit),Veg,A vegetarian bakery.,Buttermilk,,322.54,5.76,34.93,17.5,3.44,1.18,323.74,67.16,0.77,0.0,11.23,"Buttermilk, Refined Flour (Maida), Butter, Sugar, Baking Powder, Egg","Buttermilk (Amla, Guru, sour and cooling in moderation); Refined Flour (Maida) (Guru, heavier to digest, best in moderation); Butter (Snigdha, unctuous, balances Vata); Sugar (Guru, Madhura, builds Ojas but heavy for Kapha); Baking Powder (Neutral, leavening agent); Egg (Guru, Ushna, builds strength, use moderately for Pitta)"
Cajun chicken,Continental/Global Cuisine,Curry/Gravy,Non-Veg,A non-vegetarian curry/gravy typically made with chicken.,Chicken,,184.94,12.69,1.94,13.99,1.1,0.89,1740.13,156.98,0.53,45.44,44.55,"Chicken, Onion, Tomato, Ginger-Garlic Paste, Oil/Ghee, Turmeric, Red Chilli Powder, Garam Masala, Salt","Chicken (Guru, Ushna, builds strength); Onion (Ushna, stimulates Agni, balances Kapha and Vata); Tomato (Amla, sour, stimulates digestion, use sparingly for Pitta); Ginger-Garlic Paste (Ushna, kindles Agni, aids digestion); Oil/Ghee (Snigdha, unctuous, balances Vata and nourishes tissues); Turmeric (Ushna, anti-inflammatory, purifies blood); Red Chilli Powder (Ushna, heating, use sparingly for Pitta); Garam Masala (Ushna, kindles Agni, aids digestion); Salt (Ushna, enhances taste, balances electrolytes)"
Caramel custard (baked),Continental/Global Cuisine,Dessert (Souffle/Custard/Pudding),Veg,A vegetarian dessert.,Milk,,122.7,5.11,14.95,5.01,14.92,0.0,44.78,90.59,0.53,3.02,35.21,"Milk, Sugar, Egg, Cornflour","Milk (Guru, Shita, cooling and building, balances Pitta); Sugar (Guru, Madhura, builds Ojas but heavy for Kapha); Egg (Guru, Ushna, builds strength, use moderately for Pitta); Cornflour (Balances doshas when eaten fresh and in moderation)"
Caramel custard (steamed),Continental/Global Cuisine,Dessert (Souffle/Custard/Pudding),Veg,A vegetarian dessert.,Milk,,121.58,4.97,15.02,4.87,14.98,0.0,43.57,88.12,0.51,3.02,35.21,"Milk, Sugar, Egg, Cornflour","Milk (Guru, Shita, cooling and building, balances Pitta); Sugar (Guru, Madhura, builds Ojas but heavy for Kapha); Egg (Guru, Ushna, builds strength, use moderately for Pitta); Cornflour (Balances doshas when eaten fresh and in moderation)"
Caramel ice cream,Continental/Global Cuisine,Dessert (Ice Cream),Veg,A vegetarian dessert typically made with cream.,Cream,,173.52,4.31,14.81,11.15,14.52,0.08,33.47,87.32,0.35,3.27,25.96,"Cream, Milk, Fresh Cream, Sugar","Cream (Guru, Snigdha, heavy and nourishing); Milk (Guru, Shita, cooling and building, balances Pitta); Fresh Cream (Guru, Snigdha, heavy and nourishing); Sugar (Guru, Madhura, builds Ojas but heavy for Kapha)"
Cardamom cookies (Elaichi cookies),Continental/Global Cuisine,Bakery (Cookie/Biscuit),Veg,A vegetarian bakery.,Cardamom,,400.49,5.1,53.99,19.12,38.99,2.79,98.45,25.21,1.41,0.0,34.95,"Cardamom, Refined Flour (Maida), Butter, Sugar, Baking Powder, Egg","Cardamom (Ushna, aromatic, soothes digestion); Refined Flour (Maida) (Guru, heavier to digest, best in moderation); Butter (Snigdha, unctuous, balances Vata); Sugar (Guru, Madhura, builds Ojas but heavy for Kapha); Baking Powder (Neutral, leavening agent); Egg (Guru, Ushna, builds strength, use moderately for Pitta)"
Carrot apple sandwich (Gajar aur seb ka sandwich),Continental/Global Cuisine,Sandwich/Burger,Veg,"A vegetarian sandwich/burger typically made with carrot, apple.","Carrot, Apple",,214.11,5.3,29.04,9.12,5.3,3.66,302.88,118.05,1.8,2.7,21.7,"Carrot, Apple, Bread, Butter, Salt, Pepper","Carrot (Laghu, sweet, balances Pitta); Apple (Laghu, Shita, cooling and light); Bread (Balances doshas when eaten fresh and in moderation); Butter (Snigdha, unctuous, balances Vata); Salt (Ushna, enhances taste, balances electrolytes); Pepper (Ushna, heating, clears Kapha)"
Carrot cake (Gajar ka cake),Continental/Global Cuisine,Bakery (Cake/Pastry),Veg,A vegetarian bakery typically made with carrot.,Carrot,,255.59,5.6,35.98,10.27,23.96,2.93,158.74,156.1,1.03,3.12,17.06,"Carrot, Refined Flour (Maida), Sugar, Butter, Egg, Baking Powder, Milk","Carrot (Laghu, sweet, balances Pitta); Refined Flour (Maida) (Guru, heavier to digest, best in moderation); Sugar (Guru, Madhura, builds Ojas but heavy for Kapha); Butter (Snigdha, unctuous, balances Vata); Egg (Guru, Ushna, builds strength, use moderately for Pitta); Baking Powder (Neutral, leavening agent); Milk (Guru, Shita, cooling and building, balances Pitta)"
Cauliflower au gratin,Continental/Global Cuisine,Curry/Gravy,Veg,A vegetarian curry/gravy typically made with cauliflower.,Cauliflower,,145.9,4.45,9.13,10.2,3.01,1.44,164.96,119.69,0.57,50.15,69.55,"Cauliflower, Onion, Tomato, Ginger-Garlic Paste, Oil/Ghee, Turmeric, Red Chilli Powder, Garam Masala, Salt","Cauliflower (Balances doshas when eaten fresh and in moderation); Onion (Ushna, stimulates Agni, balances Kapha and Vata); Tomato (Amla, sour, stimulates digestion, use sparingly for Pitta); Ginger-Garlic Paste (Ushna, kindles Agni, aids digestion); Oil/Ghee (Snigdha, unctuous, balances Vata and nourishes tissues); Turmeric (Ushna, anti-inflammatory, purifies blood); Red Chilli Powder (Ushna, heating, use sparingly for Pitta); Garam Masala (Ushna, kindles Agni, aids digestion); Salt (Ushna, enhances taste, balances electrolytes)"
Checker board sandwich,Continental/Global Cuisine,Sandwich/Burger,Veg,A vegetarian sandwich/burger.,Bread,,348.37,7.37,25.94,24.65,2.9,2.22,358.25,188.02,1.11,0.05,8.52,"Bread, Butter, Salt, Pepper","Bread (Balances doshas when eaten fresh and in moderation); Butter (Snigdha, unctuous, balances Vata); Salt (Ushna, enhances taste, balances electrolytes); Pepper (Ushna, heating, clears Kapha)"
Cheese and chilli sandwich,Continental/Global Cuisine,Sandwich/Burger,Veg,"A vegetarian sandwich/burger typically made with cheese, chili.","Cheese, Chili",,218.11,6.8,27.4,9.78,2.38,2.08,437.5,113.79,0.99,12.3,16.14,"Cheese, Chili, Bread, Butter, Salt, Pepper","Cheese (Balances doshas when eaten fresh and in moderation); Chili (Balances doshas when eaten fresh and in moderation); Bread (Balances doshas when eaten fresh and in moderation); Butter (Snigdha, unctuous, balances Vata); Salt (Ushna, enhances taste, balances electrolytes); Pepper (Ushna, heating, clears Kapha)"
Cheese and mushroom omelette/omlet,Continental/Global Cuisine,Breakfast (Omelette/Egg),Egg (Ovo-Veg),"A egg-based breakfast typically made with mushroom, cheese.","Mushroom, Cheese",,205.63,9.69,1.68,17.82,1.07,0.93,400.29,148.77,1.01,0.48,32.02,"Mushroom, Cheese, Egg, Onion, Green Chilli, Salt, Oil","Mushroom (Balances doshas when eaten fresh and in moderation); Cheese (Balances doshas when eaten fresh and in moderation); Egg (Guru, Ushna, builds strength, use moderately for Pitta); Onion (Ushna, stimulates Agni, balances Kapha and Vata); Green Chilli (Ushna, use sparingly for Pitta); Salt (Ushna, enhances taste, balances electrolytes); Oil (Snigdha, unctuous, balances Vata)"
Cheese and mushroom tart,Continental/Global Cuisine,Bakery (Cake/Pastry),Veg,"A vegetarian bakery typically made with mushroom, cheese.","Mushroom, Cheese",,246.1,5.51,21.43,15.28,3.16,1.18,212.42,100.97,0.59,6.53,7.96,"Mushroom, Cheese, Refined Flour (Maida), Sugar, Butter, Egg, Baking Powder, Milk","Mushroom (Balances doshas when eaten fresh and in moderation); Cheese (Balances doshas when eaten fresh and in moderation); Refined Flour (Maida) (Guru, heavier to digest, best in moderation); Sugar (Guru, Madhura, builds Ojas but heavy for Kapha); Butter (Snigdha, unctuous, balances Vata); Egg (Guru, Ushna, builds strength, use moderately for Pitta); Baking Powder (Neutral, leavening agent); Milk (Guru, Shita, cooling and building, balances Pitta)"
Cheese and pineapple sandwich (Cheese aur ananas ka sandwich),Continental/Global Cuisine,Sandwich/Burger,Veg,"A vegetarian sandwich/burger typically made with pineapple, cheese.","Pineapple, Cheese",,257.71,8.2,29.1,12.8,4.1,2.33,571.96,199.73,1.04,3.64,12.08,"Pineapple, Cheese, Bread, Butter, Salt, Pepper","Pineapple (Laghu, Shita, cooling and light); Cheese (Balances doshas when eaten fresh and in moderation); Bread (Balances doshas when eaten fresh and in moderation); Butter (Snigdha, unctuous, balances Vata); Salt (Ushna, enhances taste, balances electrolytes); Pepper (Ushna, heating, clears Kapha)"
Cheese and tomato pancake,Continental/Global Cuisine,Breakfast/Tiffin (Pancake),Veg,"A vegetarian breakfast/tiffin typically made with tomato, cheese.","Tomato, Cheese",,147.39,5.15,10.66,9.28,3.48,1.06,281.62,127.51,0.64,9.72,16.52,"Tomato, Cheese, Refined Flour (Maida), Sugar, Butter, Egg, Baking Powder, Milk","Tomato (Amla, sour, stimulates digestion, use sparingly for Pitta); Cheese (Balances doshas when eaten fresh and in moderation); Refined Flour (Maida) (Guru, heavier to digest, best in moderation); Sugar (Guru, Madhura, builds Ojas but heavy for Kapha); Butter (Snigdha, unctuous, balances Vata); Egg (Guru, Ushna, builds strength, use moderately for Pitta); Baking Powder (Neutral, leavening agent); Milk (Guru, Shita, cooling and building, balances Pitta)"
Cheese and tomato sandwich (Cheese aur tamatar ke sandwich),Continental/Global Cuisine,Sandwich/Burger,Veg,"A vegetarian sandwich/burger typically made with tomato, green peas, cheese.","Tomato, Green Peas, Cheese",,243.32,7.92,26.92,12.27,2.85,1.97,549.71,191.2,1.0,3.16,12.18,"Tomato, Green Peas, Cheese, Bread, Butter, Salt, Pepper","Tomato (Amla, sour, stimulates digestion, use sparingly for Pitta); Green Peas (Balances doshas when eaten fresh and in moderation); Cheese (Balances doshas when eaten fresh and in moderation); Bread (Balances doshas when eaten fresh and in moderation); Butter (Snigdha, unctuous, balances Vata); Salt (Ushna, enhances taste, balances electrolytes); Pepper (Ushna, heating, clears Kapha)"
Cheese and tomato sandwich (toasted) (Cheese aur tamatar ke sandwich (toasted)),Continental/Global Cuisine,Sandwich/Burger,Veg,"A vegetarian sandwich/burger typically made with tomato, green peas, cheese.","Tomato, Green Peas, Cheese",,224.58,6.82,21.42,12.95,2.67,1.78,457.94,169.22,0.82,6.32,14.48,"Tomato, Green Peas, Cheese, Bread, Butter, Salt, Pepper","Tomato (Amla, sour, stimulates digestion, use sparingly for Pitta); Green Peas (Balances doshas when eaten fresh and in moderation); Cheese (Balances doshas when eaten fresh and in moderation); Bread (Balances doshas when eaten fresh and in moderation); Butter (Snigdha, unctuous, balances Vata); Salt (Ushna, enhances taste, balances electrolytes); Pepper (Ushna, heating, clears Kapha)"
Cheese open sandwich,Continental/Global Cuisine,Sandwich/Burger,Veg,A vegetarian sandwich/burger typically made with cheese.,Cheese,,274.07,9.84,28.42,14.24,3.24,1.74,504.41,256.25,1.22,0.6,12.93,"Cheese, Bread, Butter, Salt, Pepper","Cheese (Balances doshas when eaten fresh and in moderation); Bread (Balances doshas when eaten fresh and in moderation); Butter (Snigdha, unctuous, balances Vata); Salt (Ushna, enhances taste, balances electrolytes); Pepper (Ushna, heating, clears Kapha)"
Cheese pizza,Continental/Global Cuisine,Continental/Fusion Main,Veg,A vegetarian continental/fusion main typically made with cheese.,Cheese,,249.5,5.79,30.62,12.43,3.42,1.95,397.73,96.51,1.09,6.72,15.85,"Cheese, Onion, Garlic, Olive Oil, Salt, Pepper, Mixed Herbs","Cheese (Balances doshas when eaten fresh and in moderation); Onion (Ushna, stimulates Agni, balances Kapha and Vata); Garlic (Ushna, heating, balances Vata and Kapha); Olive Oil (Snigdha, unctuous, balances Vata); Salt (Ushna, enhances taste, balances electrolytes); Pepper (Ushna, heating, clears Kapha); Mixed Herbs (Balances doshas when eaten fresh and in moderation)"
Cheese sauce,Continental/Global Cuisine,Sauce/Condiment,Veg,A vegetarian sauce/condiment typically made with cheese.,Cheese,,194.76,7.68,7.08,15.12,4.53,0.12,317.38,255.14,0.31,,,"Cheese, Butter, Refined Flour (Maida), Salt, Pepper, Oil/Butter","Cheese (Balances doshas when eaten fresh and in moderation); Butter (Snigdha, unctuous, balances Vata); Refined Flour (Maida) (Guru, heavier to digest, best in moderation); Salt (Ushna, enhances taste, balances electrolytes); Pepper (Ushna, heating, clears Kapha); Oil/Butter (Snigdha, unctuous, balances Vata)"
Cheese soup,Continental/Global Cuisine,Soup,Veg,A vegetarian soup typically made with cheese.,Cheese,,41.13,12.39,1.87,17.07,0.84,1.8,13695.35,83.65,2.4,5.29,20.27,"Cheese, Stock/Water, Onion, Salt, Pepper, Butter/Oil","Cheese (Balances doshas when eaten fresh and in moderation); Stock/Water (Guru, Ushna, deeply nourishing); Onion (Ushna, stimulates Agni, balances Kapha and Vata); Salt (Ushna, enhances taste, balances electrolytes); Pepper (Ushna, heating, clears Kapha); Butter/Oil (Snigdha, unctuous, balances Vata)"
Cheese toast,Continental/Global Cuisine,Bakery (Bread),Veg,A vegetarian bakery typically made with cheese.,Cheese,,785.37,1.98,5.49,84.11,0.53,0.31,121.05,43.87,0.31,0.0,6.85,"Cheese, Refined Flour (Maida), Yeast, Salt, Sugar, Water","Cheese (Balances doshas when eaten fresh and in moderation); Refined Flour (Maida) (Guru, heavier to digest, best in moderation); Yeast (Neutral, leavening agent); Salt (Ushna, enhances taste, balances electrolytes); Sugar (Guru, Madhura, builds Ojas but heavy for Kapha); Water (Balances doshas when eaten fresh and in moderation)"
Cherry and walnut cookies,Continental/Global Cuisine,Bakery (Cookie/Biscuit),Veg,A vegetarian bakery typically made with walnut.,Walnut,,422.6,5.63,59.35,18.75,30.37,1.3,114.62,46.27,1.31,0.0,2.49,"Walnut, Refined Flour (Maida), Butter, Sugar, Baking Powder, Egg","Walnut (Balances doshas when eaten fresh and in moderation); Refined Flour (Maida) (Guru, heavier to digest, best in moderation); Butter (Snigdha, unctuous, balances Vata); Sugar (Guru, Madhura, builds Ojas but heavy for Kapha); Baking Powder (Neutral, leavening agent); Egg (Guru, Ushna, builds strength, use moderately for Pitta)"
Chicken and corn open sandwich,Continental/Global Cuisine,Sandwich/Burger,Non-Veg,A non-vegetarian sandwich/burger typically made with chicken.,Chicken,,188.16,8.63,19.21,8.83,2.48,1.67,226.72,65.13,0.8,2.12,14.16,"Chicken, Bread, Butter, Salt, Pepper","Chicken (Guru, Ushna, builds strength); Bread (Balances doshas when eaten fresh and in moderation); Butter (Snigdha, unctuous, balances Vata); Salt (Ushna, enhances taste, balances electrolytes); Pepper (Ushna, heating, clears Kapha)"
Chicken consomme (Clear chicken soup),Continental/Global Cuisine,Soup,Non-Veg,A non-vegetarian soup typically made with chicken.,Chicken,,47.94,11.47,1.19,12.02,0.54,1.57,8953.64,35.48,1.82,2.1,11.38,"Chicken, Stock/Water, Onion, Salt, Pepper, Butter/Oil","Chicken (Guru, Ushna, builds strength); Stock/Water (Guru, Ushna, deeply nourishing); Onion (Ushna, stimulates Agni, balances Kapha and Vata); Salt (Ushna, enhances taste, balances electrolytes); Pepper (Ushna, heating, clears Kapha); Butter/Oil (Snigdha, unctuous, balances Vata)"
Chicken salad,Continental/Global Cuisine,Salad,Non-Veg,A non-vegetarian salad typically made with chicken.,Chicken,,338.19,15.33,1.3,30.26,0.96,2.0,50.62,43.19,1.23,4.92,35.5,"Chicken, Salt, Pepper, Lemon Juice, Oil/Dressing","Chicken (Guru, Ushna, builds strength); Salt (Ushna, enhances taste, balances electrolytes); Pepper (Ushna, heating, clears Kapha); Lemon Juice (Amla, alkalising, stimulates Agni); Oil/Dressing (Snigdha, unctuous, balances Vata)"
Chicken sandwich,Continental/Global Cuisine,Sandwich/Burger,Non-Veg,A non-vegetarian sandwich/burger typically made with chicken.,Chicken,,253.27,13.12,25.38,11.75,1.6,1.64,389.67,89.56,1.19,0.0,11.1,"Chicken, Bread, Butter, Salt, Pepper","Chicken (Guru, Ushna, builds strength); Bread (Balances doshas when eaten fresh and in moderation); Butter (Snigdha, unctuous, balances Vata); Salt (Ushna, enhances taste, balances electrolytes); Pepper (Ushna, heating, clears Kapha)"
Chicken sandwich (toasted),Continental/Global Cuisine,Sandwich/Burger,Non-Veg,A non-vegetarian sandwich/burger typically made with chicken.,Chicken,,167.37,12.08,18.82,5.32,2.13,1.64,327.55,99.99,0.99,12.97,20.71,"Chicken, Bread, Butter, Salt, Pepper","Chicken (Guru, Ushna, builds strength); Bread (Balances doshas when eaten fresh and in moderation); Butter (Snigdha, unctuous, balances Vata); Salt (Ushna, enhances taste, balances electrolytes); Pepper (Ushna, heating, clears Kapha)"
Chicken sweet corn soup,Continental/Global Cuisine,Soup,Non-Veg,A non-vegetarian soup typically made with chicken.,Chicken,,28.32,14.48,1.63,12.59,0.27,0.47,12205.33,91.5,3.83,2.02,13.45,"Chicken, Stock/Water, Onion, Salt, Pepper, Butter/Oil","Chicken (Guru, Ushna, builds strength); Stock/Water (Guru, Ushna, deeply nourishing); Onion (Ushna, stimulates Agni, balances Kapha and Vata); Salt (Ushna, enhances taste, balances electrolytes); Pepper (Ushna, heating, clears Kapha); Butter/Oil (Snigdha, unctuous, balances Vata)"
Chicken walnut sandwich (Chicken aur akhrot ke sandwich),Continental/Global Cuisine,Sandwich/Burger,Non-Veg,"A non-vegetarian sandwich/burger typically made with chicken, walnut.","Chicken, Walnut",,285.78,12.58,22.62,16.77,1.77,1.53,287.39,78.45,1.12,0.0,12.99,"Chicken, Walnut, Bread, Butter, Salt, Pepper","Chicken (Guru, Ushna, builds strength); Walnut (Balances doshas when eaten fresh and in moderation); Bread (Balances doshas when eaten fresh and in moderation); Butter (Snigdha, unctuous, balances Vata); Salt (Ushna, enhances taste, balances electrolytes); Pepper (Ushna, heating, clears Kapha)"
Chickpea flour cookies (Sweet besan rounds/cookies),Continental/Global Cuisine,Bakery (Cookie/Biscuit),Veg,A vegetarian bakery typically made with gram flour.,Gram Flour,,207.01,4.29,39.64,3.42,30.66,2.56,22.29,54.95,2.16,0.39,10.0,"Gram Flour, Refined Flour (Maida), Butter, Sugar, Baking Powder, Egg","Gram Flour (Laghu, light, balances Kapha); Refined Flour (Maida) (Guru, heavier to digest, best in moderation); Butter (Snigdha, unctuous, balances Vata); Sugar (Guru, Madhura, builds Ojas but heavy for Kapha); Baking Powder (Neutral, leavening agent); Egg (Guru, Ushna, builds strength, use moderately for Pitta)"
Chocochip ice cream,Continental/Global Cuisine,Dessert (Ice Cream),Veg,A vegetarian dessert typically made with cream.,Cream,,241.45,4.23,16.75,17.93,16.08,0.0,34.84,73.22,0.51,2.13,24.1,"Cream, Milk, Fresh Cream, Sugar","Cream (Guru, Snigdha, heavy and nourishing); Milk (Guru, Shita, cooling and building, balances Pitta); Fresh Cream (Guru, Snigdha, heavy and nourishing); Sugar (Guru, Madhura, builds Ojas but heavy for Kapha)"
Chocolate biscuit,Continental/Global Cuisine,Bakery (Cookie/Biscuit),Veg,A vegetarian bakery typically made with cocoa/chocolate.,Cocoa/Chocolate,,379.76,5.88,51.56,17.09,24.16,1.01,127.02,41.51,1.14,0.03,1.81,"Cocoa/Chocolate, Refined Flour (Maida), Butter, Sugar, Baking Powder, Egg","Cocoa/Chocolate (Guru, Ushna, stimulating); Refined Flour (Maida) (Guru, heavier to digest, best in moderation); Butter (Snigdha, unctuous, balances Vata); Sugar (Guru, Madhura, builds Ojas but heavy for Kapha); Baking Powder (Neutral, leavening agent); Egg (Guru, Ushna, builds strength, use moderately for Pitta)"
Chocolate cake,Continental/Global Cuisine,Bakery (Cake/Pastry),Veg,A vegetarian bakery typically made with cocoa/chocolate.,Cocoa/Chocolate,,335.61,6.01,45.14,15.18,27.58,0.64,241.93,41.13,1.08,0.15,9.21,"Cocoa/Chocolate, Refined Flour (Maida), Sugar, Butter, Egg, Baking Powder, Milk","Cocoa/Chocolate (Guru, Ushna, stimulating); Refined Flour (Maida) (Guru, heavier to digest, best in moderation); Sugar (Guru, Madhura, builds Ojas but heavy for Kapha); Butter (Snigdha, unctuous, balances Vata); Egg (Guru, Ushna, builds strength, use moderately for Pitta); Baking Powder (Neutral, leavening agent); Milk (Guru, Shita, cooling and building, balances Pitta)"
Chocolate chiffon cake,Continental/Global Cuisine,Bakery (Cake/Pastry),Veg,A vegetarian bakery typically made with cocoa/chocolate.,Cocoa/Chocolate,,311.71,5.76,37.87,15.8,24.25,0.7,188.59,42.15,1.07,0.21,12.0,"Cocoa/Chocolate, Refined Flour (Maida), Sugar, Butter, Egg, Baking Powder, Milk","Cocoa/Chocolate (Guru, Ushna, stimulating); Refined Flour (Maida) (Guru, heavier to digest, best in moderation); Sugar (Guru, Madhura, builds Ojas but heavy for Kapha); Butter (Snigdha, unctuous, balances Vata); Egg (Guru, Ushna, builds strength, use moderately for Pitta); Baking Powder (Neutral, leavening agent); Milk (Guru, Shita, cooling and building, balances Pitta)"
Chocolate chip cookies,Continental/Global Cuisine,Bakery (Cookie/Biscuit),Veg,A vegetarian bakery typically made with cocoa/chocolate.,Cocoa/Chocolate,,425.29,5.79,57.98,19.38,30.29,1.05,278.29,24.76,1.22,0.0,2.62,"Cocoa/Chocolate, Refined Flour (Maida), Butter, Sugar, Baking Powder, Egg","Cocoa/Chocolate (Guru, Ushna, stimulating); Refined Flour (Maida) (Guru, heavier to digest, best in moderation); Butter (Snigdha, unctuous, balances Vata); Sugar (Guru, Madhura, builds Ojas but heavy for Kapha); Baking Powder (Neutral, leavening agent); Egg (Guru, Ushna, builds strength, use moderately for Pitta)"
Chocolate eggless cake,Continental/Global Cuisine,Bakery (Cake/Pastry),Veg,"A vegetarian bakery typically made with egg, cocoa/chocolate.","Cocoa/Chocolate, Curd (egg substitute)",,312.01,6.66,43.45,13.19,34.2,0.32,196.61,185.38,0.95,2.67,14.7,"Cocoa/Chocolate, Curd (egg substitute), Refined Flour (Maida), Sugar, Butter, Baking Powder, Milk","Cocoa/Chocolate (Guru, Ushna, stimulating); Curd (egg substitute) (Amla, Guru, sour and cooling in moderation); Refined Flour (Maida) (Guru, heavier to digest, best in moderation); Sugar (Guru, Madhura, builds Ojas but heavy for Kapha); Butter (Snigdha, unctuous, balances Vata); Baking Powder (Neutral, leavening agent); Milk (Guru, Shita, cooling and building, balances Pitta)"
Chocolate ice cream,Continental/Global Cuisine,Dessert (Ice Cream),Veg,"A vegetarian dessert typically made with cream, cocoa/chocolate.","Cream, Cocoa/Chocolate",,177.7,4.47,15.41,11.25,15.33,0.0,36.79,84.24,0.47,4.06,43.75,"Cream, Cocoa/Chocolate, Milk, Fresh Cream, Sugar","Cream (Guru, Snigdha, heavy and nourishing); Cocoa/Chocolate (Guru, Ushna, stimulating); Milk (Guru, Shita, cooling and building, balances Pitta); Fresh Cream (Guru, Snigdha, heavy and nourishing); Sugar (Guru, Madhura, builds Ojas but heavy for Kapha)"
Chocolate meringue pie,Continental/Global Cuisine,Bakery (Cake/Pastry),Veg,A vegetarian bakery typically made with cocoa/chocolate.,Cocoa/Chocolate,,214.76,4.98,28.8,9.17,15.03,0.37,80.77,55.98,0.92,1.26,23.21,"Cocoa/Chocolate, Refined Flour (Maida), Sugar, Butter, Egg, Baking Powder, Milk","Cocoa/Chocolate (Guru, Ushna, stimulating); Refined Flour (Maida) (Guru, heavier to digest, best in moderation); Sugar (Guru, Madhura, builds Ojas but heavy for Kapha); Butter (Snigdha, unctuous, balances Vata); Egg (Guru, Ushna, builds strength, use moderately for Pitta); Baking Powder (Neutral, leavening agent); Milk (Guru, Shita, cooling and building, balances Pitta)"
Chocolate sauce,Continental/Global Cuisine,Sauce/Condiment,Veg,A vegetarian sauce/condiment typically made with cocoa/chocolate.,Cocoa/Chocolate,,263.2,1.91,43.21,10.39,42.06,0.0,2.8,18.8,1.13,0.0,0.63,"Cocoa/Chocolate, Butter, Refined Flour (Maida), Salt, Pepper, Oil/Butter","Cocoa/Chocolate (Guru, Ushna, stimulating); Butter (Snigdha, unctuous, balances Vata); Refined Flour (Maida) (Guru, heavier to digest, best in moderation); Salt (Ushna, enhances taste, balances electrolytes); Pepper (Ushna, heating, clears Kapha); Oil/Butter (Snigdha, unctuous, balances Vata)"
Chocolate sponge cake,Continental/Global Cuisine,Bakery (Cake/Pastry),Veg,A vegetarian bakery typically made with cocoa/chocolate.,Cocoa/Chocolate,,239.86,9.13,39.54,5.51,25.0,0.52,61.47,33.99,1.81,0.0,19.87,"Cocoa/Chocolate, Refined Flour (Maida), Sugar, Butter, Egg, Baking Powder, Milk","Cocoa/Chocolate (Guru, Ushna, stimulating); Refined Flour (Maida) (Guru, heavier to digest, best in moderation); Sugar (Guru, Madhura, builds Ojas but heavy for Kapha); Butter (Snigdha, unctuous, balances Vata); Egg (Guru, Ushna, builds strength, use moderately for Pitta); Baking Powder (Neutral, leavening agent); Milk (Guru, Shita, cooling and building, balances Pitta)"
Chocolate walnut cookies (Chocolate aur akhrot ke cookies),Continental/Global Cuisine,Bakery (Cookie/Biscuit),Veg,"A vegetarian bakery typically made with walnut, cocoa/chocolate.","Walnut, Cocoa/Chocolate",,424.8,6.56,47.1,23.62,22.58,1.54,280.44,36.1,1.37,0.16,4.22,"Walnut, Cocoa/Chocolate, Refined Flour (Maida), Butter, Sugar, Baking Powder, Egg","Walnut (Balances doshas when eaten fresh and in moderation); Cocoa/Chocolate (Guru, Ushna, stimulating); Refined Flour (Maida) (Guru, heavier to digest, best in moderation); Butter (Snigdha, unctuous, balances Vata); Sugar (Guru, Madhura, builds Ojas but heavy for Kapha); Baking Powder (Neutral, leavening agent); Egg (Guru, Ushna, builds strength, use moderately for Pitta)"
Choconut ice cream,Continental/Global Cuisine,Dessert (Ice Cream),Veg,A vegetarian dessert typically made with cream.,Cream,,273.96,5.04,23.13,18.49,21.02,0.51,29.83,67.38,0.89,2.17,29.32,"Cream, Milk, Fresh Cream, Sugar","Cream (Guru, Snigdha, heavy and nourishing); Milk (Guru, Shita, cooling and building, balances Pitta); Fresh Cream (Guru, Snigdha, heavy and nourishing); Sugar (Guru, Madhura, builds Ojas but heavy for Kapha)"
Christmas bell biscuit,Continental/Global Cuisine,Bakery (Cookie/Biscuit),Veg,A vegetarian bakery.,Butter,,404.85,5.66,60.79,15.84,25.94,2.33,127.01,32.0,1.22,0.0,2.42,"Butter, Refined Flour (Maida), Sugar, Baking Powder, Egg","Butter (Snigdha, unctuous, balances Vata); Refined Flour (Maida) (Guru, heavier to digest, best in moderation); Sugar (Guru, Madhura, builds Ojas but heavy for Kapha); Baking Powder (Neutral, leavening agent); Egg (Guru, Ushna, builds strength, use moderately for Pitta)"
Christmas biscuit,Continental/Global Cuisine,Bakery (Cookie/Biscuit),Veg,A vegetarian bakery.,Butter,,406.07,5.67,60.97,15.88,26.01,2.17,127.36,29.07,1.2,0.0,2.42,"Butter, Refined Flour (Maida), Sugar, Baking Powder, Egg","Butter (Snigdha, unctuous, balances Vata); Refined Flour (Maida) (Guru, heavier to digest, best in moderation); Sugar (Guru, Madhura, builds Ojas but heavy for Kapha); Baking Powder (Neutral, leavening agent); Egg (Guru, Ushna, builds strength, use moderately for Pitta)"
Christmas cake,Continental/Global Cuisine,Bakery (Cake/Pastry),Veg,A vegetarian bakery.,Dry Fruits,,372.95,5.49,48.29,16.88,27.45,1.49,64.84,40.98,1.32,8.51,17.06,"Dry Fruits, Refined Flour (Maida), Sugar, Butter, Egg, Baking Powder, Milk","Dry Fruits (Balances doshas when eaten fresh and in moderation); Refined Flour (Maida) (Guru, heavier to digest, best in moderation); Sugar (Guru, Madhura, builds Ojas but heavy for Kapha); Butter (Snigdha, unctuous, balances Vata); Egg (Guru, Ushna, builds strength, use moderately for Pitta); Baking Powder (Neutral, leavening agent); Milk (Guru, Shita, cooling and building, balances Pitta)"
Christmas star biscuit,Continental/Global Cuisine,Bakery (Cookie/Biscuit),Veg,A vegetarian bakery.,Butter,,392.03,3.54,74.54,10.04,53.05,1.47,76.09,22.75,0.96,0.01,2.69,"Butter, Refined Flour (Maida), Sugar, Baking Powder, Egg","Butter (Snigdha, unctuous, balances Vata); Refined Flour (Maida) (Guru, heavier to digest, best in moderation); Sugar (Guru, Madhura, builds Ojas but heavy for Kapha); Baking Powder (Neutral, leavening agent); Egg (Guru, Ushna, builds strength, use moderately for Pitta)"
Christmas tree biscuit,Continental/Global Cuisine,Bakery (Cookie/Biscuit),Veg,A vegetarian bakery.,Butter,,385.63,5.43,58.41,15.0,24.77,2.65,120.45,35.04,1.18,1.61,2.58,"Butter, Refined Flour (Maida), Sugar, Baking Powder, Egg","Butter (Snigdha, unctuous, balances Vata); Refined Flour (Maida) (Guru, heavier to digest, best in moderation); Sugar (Guru, Madhura, builds Ojas but heavy for Kapha); Baking Powder (Neutral, leavening agent); Egg (Guru, Ushna, builds strength, use moderately for Pitta)"
Christmas wreath biscuit,Continental/Global Cuisine,Bakery (Cookie/Biscuit),Veg,A vegetarian bakery.,Butter,,386.05,5.43,58.07,15.01,24.89,2.28,120.2,29.71,1.21,2.28,2.53,"Butter, Refined Flour (Maida), Sugar, Baking Powder, Egg","Butter (Snigdha, unctuous, balances Vata); Refined Flour (Maida) (Guru, heavier to digest, best in moderation); Sugar (Guru, Madhura, builds Ojas but heavy for Kapha); Baking Powder (Neutral, leavening agent); Egg (Guru, Ushna, builds strength, use moderately for Pitta)"
Classic club sandwich,Continental/Global Cuisine,Sandwich/Burger,Non-Veg,A vegetarian sandwich/burger.,Chicken,,200.83,6.74,18.49,11.56,1.86,1.62,277.49,107.73,1.09,16.19,56.9,"Chicken, Bread, Butter, Salt, Pepper","Chicken (Guru, Ushna, builds strength); Bread (Balances doshas when eaten fresh and in moderation); Butter (Snigdha, unctuous, balances Vata); Salt (Ushna, enhances taste, balances electrolytes); Pepper (Ushna, heating, clears Kapha)"
Classic italian pasta,Continental/Global Cuisine,Continental/Fusion Main,Veg,A vegetarian continental/fusion main typically made with pasta.,Pasta,,42.12,0.57,4.4,2.45,2.94,1.36,49.04,19.55,0.41,,,"Pasta, Onion, Garlic, Olive Oil, Salt, Pepper, Mixed Herbs","Pasta (Balances doshas when eaten fresh and in moderation); Onion (Ushna, stimulates Agni, balances Kapha and Vata); Garlic (Ushna, heating, balances Vata and Kapha); Olive Oil (Snigdha, unctuous, balances Vata); Salt (Ushna, enhances taste, balances electrolytes); Pepper (Ushna, heating, clears Kapha); Mixed Herbs (Balances doshas when eaten fresh and in moderation)"
Clear tomato soup (Tamatar ka soup),Continental/Global Cuisine,Soup,Veg,"A vegetarian soup typically made with tomato, green peas.","Tomato, Green Peas",,80.07,4.79,3.45,12.22,1.44,1.96,5135.74,29.05,1.14,53.16,43.91,"Tomato, Green Peas, Stock/Water, Onion, Salt, Pepper, Butter/Oil","Tomato (Amla, sour, stimulates digestion, use sparingly for Pitta); Green Peas (Balances doshas when eaten fresh and in moderation); Stock/Water (Guru, Ushna, deeply nourishing); Onion (Ushna, stimulates Agni, balances Kapha and Vata); Salt (Ushna, enhances taste, balances electrolytes); Pepper (Ushna, heating, clears Kapha); Butter/Oil (Snigdha, unctuous, balances Vata)"
Club sandwich,Continental/Global Cuisine,Sandwich/Burger,Non-Veg,A vegetarian sandwich/burger.,Chicken,,235.32,7.31,18.51,15.12,2.01,1.81,461.66,115.68,0.86,6.0,17.42,"Chicken, Bread, Butter, Salt, Pepper","Chicken (Guru, Ushna, builds strength); Bread (Balances doshas when eaten fresh and in moderation); Butter (Snigdha, unctuous, balances Vata); Salt (Ushna, enhances taste, balances electrolytes); Pepper (Ushna, heating, clears Kapha)"
Coconut biscuit (Nariyal ke biscuit),Continental/Global Cuisine,Bakery (Cookie/Biscuit),Veg,A vegetarian bakery typically made with coconut.,Coconut,,434.98,5.78,42.9,27.16,20.76,3.64,105.76,37.81,1.32,0.03,2.51,"Coconut, Refined Flour (Maida), Butter, Sugar, Baking Powder, Egg","Coconut (Shita, cooling, pacifies Pitta); Refined Flour (Maida) (Guru, heavier to digest, best in moderation); Butter (Snigdha, unctuous, balances Vata); Sugar (Guru, Madhura, builds Ojas but heavy for Kapha); Baking Powder (Neutral, leavening agent); Egg (Guru, Ushna, builds strength, use moderately for Pitta)"
Coffee biscuit,Continental/Global Cuisine,Bakery (Cookie/Biscuit),Veg,A vegetarian bakery typically made with coffee.,Coffee,,416.57,6.9,46.55,23.0,21.69,1.59,112.53,48.92,1.27,0.03,3.0,"Coffee, Refined Flour (Maida), Butter, Sugar, Baking Powder, Egg","Coffee (Balances doshas when eaten fresh and in moderation); Refined Flour (Maida) (Guru, heavier to digest, best in moderation); Butter (Snigdha, unctuous, balances Vata); Sugar (Guru, Madhura, builds Ojas but heavy for Kapha); Baking Powder (Neutral, leavening agent); Egg (Guru, Ushna, builds strength, use moderately for Pitta)"
Coffee ice cream,Continental/Global Cuisine,Beverage (Tea/Coffee/Hot Drink),Veg,"A vegetarian beverage typically made with cream, coffee.","Cream, Coffee",,150.62,3.15,14.09,9.43,13.35,0.0,42.09,95.72,0.15,2.16,7.18,"Cream, Coffee, Water, Sugar, Ice, Milk","Cream (Guru, Snigdha, heavy and nourishing); Coffee (Balances doshas when eaten fresh and in moderation); Water (Balances doshas when eaten fresh and in moderation); Sugar (Guru, Madhura, builds Ojas but heavy for Kapha); Ice (Balances doshas when eaten fresh and in moderation); Milk (Guru, Shita, cooling and building, balances Pitta)"
Cold coffee with ice cream,Continental/Global Cuisine,Beverage (Tea/Coffee/Hot Drink),Veg,"A vegetarian beverage typically made with cream, coffee.","Cream, Coffee",,67.85,1.57,11.24,2.11,11.18,0.01,13.84,53.29,0.12,2.53,9.49,"Cream, Coffee, Water, Sugar, Ice, Milk","Cream (Guru, Snigdha, heavy and nourishing); Coffee (Balances doshas when eaten fresh and in moderation); Water (Balances doshas when eaten fresh and in moderation); Sugar (Guru, Madhura, builds Ojas but heavy for Kapha); Ice (Balances doshas when eaten fresh and in moderation); Milk (Guru, Shita, cooling and building, balances Pitta)"
Cold cucumber cream soup,Continental/Global Cuisine,Soup,Veg,A vegetarian soup typically made with cream.,Cream,,11.88,0.34,1.76,0.34,0.51,0.73,207.89,8.02,0.16,14.72,24.84,"Cream, Stock/Water, Onion, Salt, Pepper, Butter/Oil","Cream (Guru, Snigdha, heavy and nourishing); Stock/Water (Guru, Ushna, deeply nourishing); Onion (Ushna, stimulates Agni, balances Kapha and Vata); Salt (Ushna, enhances taste, balances electrolytes); Pepper (Ushna, heating, clears Kapha); Butter/Oil (Snigdha, unctuous, balances Vata)"
Cold cucumber soup (Thanda kheere ka soup),Continental/Global Cuisine,Soup,Egg (Ovo-Veg),A vegetarian soup typically made with egg.,Egg,,48.03,2.99,4.58,1.99,3.34,0.88,121.32,99.79,0.32,5.05,27.42,"Egg, Stock/Water, Onion, Salt, Pepper, Butter/Oil","Egg (Guru, Ushna, builds strength, use moderately for Pitta); Stock/Water (Guru, Ushna, deeply nourishing); Onion (Ushna, stimulates Agni, balances Kapha and Vata); Salt (Ushna, enhances taste, balances electrolytes); Pepper (Ushna, heating, clears Kapha); Butter/Oil (Snigdha, unctuous, balances Vata)"
Cold summer garden soup,Continental/Global Cuisine,Soup,Veg,A vegetarian soup.,Cucumber,,49.19,8.57,2.65,14.08,0.46,1.86,9919.62,43.93,2.13,16.3,43.26,"Cucumber, Stock/Water, Onion, Salt, Pepper, Butter/Oil","Cucumber (Balances doshas when eaten fresh and in moderation); Stock/Water (Guru, Ushna, deeply nourishing); Onion (Ushna, stimulates Agni, balances Kapha and Vata); Salt (Ushna, enhances taste, balances electrolytes); Pepper (Ushna, heating, clears Kapha); Butter/Oil (Snigdha, unctuous, balances Vata)"
Cold tomato soup,Continental/Global Cuisine,Soup,Veg,A vegetarian soup typically made with tomato.,Tomato,,16.9,0.11,0.59,1.56,0.22,0.16,287.15,4.2,0.1,10.09,5.63,"Tomato, Stock/Water, Onion, Salt, Pepper, Butter/Oil","Tomato (Amla, sour, stimulates digestion, use sparingly for Pitta); Stock/Water (Guru, Ushna, deeply nourishing); Onion (Ushna, stimulates Agni, balances Kapha and Vata); Salt (Ushna, enhances taste, balances electrolytes); Pepper (Ushna, heating, clears Kapha); Butter/Oil (Snigdha, unctuous, balances Vata)"
Consomme au julienne,Continental/Global Cuisine,Soup,Non-Veg,A vegetarian soup.,Clear Meat Stock,,27.76,12.49,1.49,10.66,0.83,1.38,10208.47,85.89,3.34,11.77,55.26,"Clear Meat Stock, Stock/Water, Onion, Salt, Pepper, Butter/Oil","Clear Meat Stock (Guru, Ushna, deeply nourishing); Stock/Water (Guru, Ushna, deeply nourishing); Onion (Ushna, stimulates Agni, balances Kapha and Vata); Salt (Ushna, enhances taste, balances electrolytes); Pepper (Ushna, heating, clears Kapha); Butter/Oil (Snigdha, unctuous, balances Vata)"
Consomme au vermicelli,Continental/Global Cuisine,Soup,Veg,A vegetarian soup typically made with vermicelli.,Vermicelli,,29.94,15.23,1.3,12.98,0.27,0.81,12524.61,97.34,3.98,2.44,20.12,"Vermicelli, Stock/Water, Onion, Salt, Pepper, Butter/Oil","Vermicelli (Balances doshas when eaten fresh and in moderation); Stock/Water (Guru, Ushna, deeply nourishing); Onion (Ushna, stimulates Agni, balances Kapha and Vata); Salt (Ushna, enhances taste, balances electrolytes); Pepper (Ushna, heating, clears Kapha); Butter/Oil (Snigdha, unctuous, balances Vata)"
Corn omelette/omlet,Continental/Global Cuisine,Breakfast (Omelette/Egg),Egg (Ovo-Veg),A egg-based breakfast.,Corn,,166.93,11.37,1.57,12.89,0.41,0.02,166.42,96.22,1.34,2.9,81.65,"Corn, Egg, Onion, Green Chilli, Salt, Oil","Corn (Balances doshas when eaten fresh and in moderation); Egg (Guru, Ushna, builds strength, use moderately for Pitta); Onion (Ushna, stimulates Agni, balances Kapha and Vata); Green Chilli (Ushna, use sparingly for Pitta); Salt (Ushna, enhances taste, balances electrolytes); Oil (Snigdha, unctuous, balances Vata)"
Cottage cheese pie,Continental/Global Cuisine,Bakery (Cake/Pastry),Veg,A vegetarian bakery typically made with cheese.,Cheese,,238.98,7.45,20.66,13.83,3.62,2.21,103.29,108.05,0.92,36.25,124.39,"Cheese, Refined Flour (Maida), Sugar, Butter, Egg, Baking Powder, Milk","Cheese (Balances doshas when eaten fresh and in moderation); Refined Flour (Maida) (Guru, heavier to digest, best in moderation); Sugar (Guru, Madhura, builds Ojas but heavy for Kapha); Butter (Snigdha, unctuous, balances Vata); Egg (Guru, Ushna, builds strength, use moderately for Pitta); Baking Powder (Neutral, leavening agent); Milk (Guru, Shita, cooling and building, balances Pitta)"
Cranberry cookies,Continental/Global Cuisine,Bakery (Cookie/Biscuit),Veg,A vegetarian bakery.,Cranberry,,272.48,3.92,36.39,12.66,19.96,1.13,58.25,36.16,0.71,5.52,17.21,"Cranberry, Refined Flour (Maida), Butter, Sugar, Baking Powder, Egg","Cranberry (Balances doshas when eaten fresh and in moderation); Refined Flour (Maida) (Guru, heavier to digest, best in moderation); Butter (Snigdha, unctuous, balances Vata); Sugar (Guru, Madhura, builds Ojas but heavy for Kapha); Baking Powder (Neutral, leavening agent); Egg (Guru, Ushna, builds strength, use moderately for Pitta)"
Cream of broccoli soup,Continental/Global Cuisine,Soup,Veg,A vegetarian soup typically made with cream.,Cream,,56.14,8.97,3.72,12.75,1.59,1.89,8792.43,66.55,1.82,68.91,94.43,"Cream, Stock/Water, Onion, Salt, Pepper, Butter/Oil","Cream (Guru, Snigdha, heavy and nourishing); Stock/Water (Guru, Ushna, deeply nourishing); Onion (Ushna, stimulates Agni, balances Kapha and Vata); Salt (Ushna, enhances taste, balances electrolytes); Pepper (Ushna, heating, clears Kapha); Butter/Oil (Snigdha, unctuous, balances Vata)"
Cream of carrot soup,Continental/Global Cuisine,Soup,Veg,"A vegetarian soup typically made with carrot, cream.","Carrot, Cream",,59.77,8.27,5.69,12.35,1.77,1.98,8694.79,57.24,1.73,10.68,37.89,"Carrot, Cream, Stock/Water, Onion, Salt, Pepper, Butter/Oil","Carrot (Laghu, sweet, balances Pitta); Cream (Guru, Snigdha, heavy and nourishing); Stock/Water (Guru, Ushna, deeply nourishing); Onion (Ushna, stimulates Agni, balances Kapha and Vata); Salt (Ushna, enhances taste, balances electrolytes); Pepper (Ushna, heating, clears Kapha); Butter/Oil (Snigdha, unctuous, balances Vata)"
Cream of green peas soup,Continental/Global Cuisine,Soup,Veg,"A vegetarian soup typically made with green peas, cream.","Green Peas, Cream",,127.84,7.13,6.75,14.78,1.61,2.95,4999.7,51.01,1.48,52.28,88.58,"Green Peas, Cream, Stock/Water, Onion, Salt, Pepper, Butter/Oil","Green Peas (Balances doshas when eaten fresh and in moderation); Cream (Guru, Snigdha, heavy and nourishing); Stock/Water (Guru, Ushna, deeply nourishing); Onion (Ushna, stimulates Agni, balances Kapha and Vata); Salt (Ushna, enhances taste, balances electrolytes); Pepper (Ushna, heating, clears Kapha); Butter/Oil (Snigdha, unctuous, balances Vata)"
Cream of mixed vegetable soup,Continental/Global Cuisine,Soup,Veg,A vegetarian soup typically made with cream.,Cream,,59.65,6.84,4.93,9.05,2.1,2.14,5655.45,65.26,1.36,39.02,54.46,"Cream, Stock/Water, Onion, Salt, Pepper, Butter/Oil","Cream (Guru, Snigdha, heavy and nourishing); Stock/Water (Guru, Ushna, deeply nourishing); Onion (Ushna, stimulates Agni, balances Kapha and Vata); Salt (Ushna, enhances taste, balances electrolytes); Pepper (Ushna, heating, clears Kapha); Butter/Oil (Snigdha, unctuous, balances Vata)"
Cream of mushroom soup,Continental/Global Cuisine,Soup,Veg,"A vegetarian soup typically made with mushroom, cream.","Mushroom, Cream",,117.28,6.64,3.74,15.5,1.93,1.34,5276.06,70.56,1.81,5.79,30.72,"Mushroom, Cream, Stock/Water, Onion, Salt, Pepper, Butter/Oil","Mushroom (Balances doshas when eaten fresh and in moderation); Cream (Guru, Snigdha, heavy and nourishing); Stock/Water (Guru, Ushna, deeply nourishing); Onion (Ushna, stimulates Agni, balances Kapha and Vata); Salt (Ushna, enhances taste, balances electrolytes); Pepper (Ushna, heating, clears Kapha); Butter/Oil (Snigdha, unctuous, balances Vata)"
Cream of potato soup,Continental/Global Cuisine,Soup,Veg,"A vegetarian soup typically made with potato, cream.","Potato, Cream",,60.2,8.1,6.14,12.05,1.24,1.51,8503.99,51.97,1.7,28.86,33.19,"Potato, Cream, Stock/Water, Onion, Salt, Pepper, Butter/Oil","Potato (Guru, Vata aggravating in excess); Cream (Guru, Snigdha, heavy and nourishing); Stock/Water (Guru, Ushna, deeply nourishing); Onion (Ushna, stimulates Agni, balances Kapha and Vata); Salt (Ushna, enhances taste, balances electrolytes); Pepper (Ushna, heating, clears Kapha); Butter/Oil (Snigdha, unctuous, balances Vata)"
Cream of spinach soup,Continental/Global Cuisine,Soup,Veg,"A vegetarian soup typically made with spinach, cream.","Spinach, Cream",,100.54,5.21,3.45,13.31,1.13,1.74,4429.81,70.77,2.1,63.34,298.06,"Spinach, Cream, Stock/Water, Onion, Salt, Pepper, Butter/Oil","Spinach (Laghu, cooling, iron-rich); Cream (Guru, Snigdha, heavy and nourishing); Stock/Water (Guru, Ushna, deeply nourishing); Onion (Ushna, stimulates Agni, balances Kapha and Vata); Salt (Ushna, enhances taste, balances electrolytes); Pepper (Ushna, heating, clears Kapha); Butter/Oil (Snigdha, unctuous, balances Vata)"
Cream of tomato soup,Continental/Global Cuisine,Soup,Veg,"A vegetarian soup typically made with tomato, cream.","Tomato, Cream",,97.81,4.61,3.93,13.12,1.81,1.38,4461.22,39.61,0.95,53.23,44.01,"Tomato, Cream, Stock/Water, Onion, Salt, Pepper, Butter/Oil","Tomato (Amla, sour, stimulates digestion, use sparingly for Pitta); Cream (Guru, Snigdha, heavy and nourishing); Stock/Water (Guru, Ushna, deeply nourishing); Onion (Ushna, stimulates Agni, balances Kapha and Vata); Salt (Ushna, enhances taste, balances electrolytes); Pepper (Ushna, heating, clears Kapha); Butter/Oil (Snigdha, unctuous, balances Vata)"
Creamy chocolate mousse,Continental/Global Cuisine,Dessert (Souffle/Custard/Pudding),Veg,A vegetarian dessert typically made with cocoa/chocolate.,Cocoa/Chocolate,,230.52,6.85,9.53,18.16,8.99,0.0,48.64,45.25,0.96,0.75,33.07,"Cocoa/Chocolate, Milk, Sugar, Egg, Cornflour","Cocoa/Chocolate (Guru, Ushna, stimulating); Milk (Guru, Shita, cooling and building, balances Pitta); Sugar (Guru, Madhura, builds Ojas but heavy for Kapha); Egg (Guru, Ushna, builds strength, use moderately for Pitta); Cornflour (Balances doshas when eaten fresh and in moderation)"
Cucumber and yogurt salad (Kheere aur dahi ka salad),Continental/Global Cuisine,Salad,Veg,A vegetarian salad typically made with curd/yogurt.,Curd/Yogurt,,36.13,2.09,4.72,0.93,2.28,1.66,141.73,68.49,0.52,6.74,21.36,"Curd/Yogurt, Salt, Pepper, Lemon Juice, Oil/Dressing","Curd/Yogurt (Amla, Guru, sour and cooling in moderation); Salt (Ushna, enhances taste, balances electrolytes); Pepper (Ushna, heating, clears Kapha); Lemon Juice (Amla, alkalising, stimulates Agni); Oil/Dressing (Snigdha, unctuous, balances Vata)"
Cucumber sandwich (Kheere ka sandwich),Continental/Global Cuisine,Sandwich/Burger,Veg,A vegetarian sandwich/burger.,Cucumber,,188.6,4.8,25.77,8.0,1.64,2.45,362.64,87.84,1.02,1.53,12.96,"Cucumber, Bread, Butter, Salt, Pepper","Cucumber (Balances doshas when eaten fresh and in moderation); Bread (Balances doshas when eaten fresh and in moderation); Butter (Snigdha, unctuous, balances Vata); Salt (Ushna, enhances taste, balances electrolytes); Pepper (Ushna, heating, clears Kapha)"
Curd dressing,Continental/Global Cuisine,Sauce/Condiment,Veg,A vegetarian sauce/condiment typically made with curd/yogurt.,Curd/Yogurt,,78.8,5.59,8.03,2.9,7.57,0.22,204.62,194.59,0.18,5.34,39.4,"Curd/Yogurt, Butter, Refined Flour (Maida), Salt, Pepper, Oil/Butter","Curd/Yogurt (Amla, Guru, sour and cooling in moderation); Butter (Snigdha, unctuous, balances Vata); Refined Flour (Maida) (Guru, heavier to digest, best in moderation); Salt (Ushna, enhances taste, balances electrolytes); Pepper (Ushna, heating, clears Kapha); Oil/Butter (Snigdha, unctuous, balances Vata)"
Curried Cauliflower soup,Continental/Global Cuisine,Soup,Veg,A vegetarian soup typically made with cauliflower.,Cauliflower,,37.32,6.72,3.12,9.77,1.79,2.34,7311.44,37.25,2.12,51.86,53.08,"Cauliflower, Stock/Water, Onion, Salt, Pepper, Butter/Oil","Cauliflower (Balances doshas when eaten fresh and in moderation); Stock/Water (Guru, Ushna, deeply nourishing); Onion (Ushna, stimulates Agni, balances Kapha and Vata); Salt (Ushna, enhances taste, balances electrolytes); Pepper (Ushna, heating, clears Kapha); Butter/Oil (Snigdha, unctuous, balances Vata)"
Custard tart,Continental/Global Cuisine,Bakery (Cake/Pastry),Veg,A vegetarian bakery.,Milk,,225.6,3.72,28.66,10.73,9.31,0.91,59.74,57.47,0.49,1.18,5.64,"Milk, Refined Flour (Maida), Sugar, Butter, Egg, Baking Powder","Milk (Guru, Shita, cooling and building, balances Pitta); Refined Flour (Maida) (Guru, heavier to digest, best in moderation); Sugar (Guru, Madhura, builds Ojas but heavy for Kapha); Butter (Snigdha, unctuous, balances Vata); Egg (Guru, Ushna, builds strength, use moderately for Pitta); Baking Powder (Neutral, leavening agent)"
Danish cookies,Continental/Global Cuisine,Bakery (Cookie/Biscuit),Veg,A vegetarian bakery.,Butter,,475.33,5.33,58.0,24.92,21.73,1.37,201.06,15.97,0.98,0.0,1.02,"Butter, Refined Flour (Maida), Sugar, Baking Powder, Egg","Butter (Snigdha, unctuous, balances Vata); Refined Flour (Maida) (Guru, heavier to digest, best in moderation); Sugar (Guru, Madhura, builds Ojas but heavy for Kapha); Baking Powder (Neutral, leavening agent); Egg (Guru, Ushna, builds strength, use moderately for Pitta)"
Danish luncheon sandwich,Continental/Global Cuisine,Sandwich/Burger,Non-Veg,A vegetarian sandwich/burger.,Ham,,193.82,9.03,17.77,10.1,1.13,1.52,365.63,77.13,1.27,2.35,25.88,"Ham, Bread, Butter, Salt, Pepper","Ham (Balances doshas when eaten fresh and in moderation); Bread (Balances doshas when eaten fresh and in moderation); Butter (Snigdha, unctuous, balances Vata); Salt (Ushna, enhances taste, balances electrolytes); Pepper (Ushna, heating, clears Kapha)"
Date and nut pie,Continental/Global Cuisine,Bakery (Cake/Pastry),Veg,A vegetarian bakery.,"Dates, Mixed Nuts",,322.42,3.93,46.86,13.31,31.18,4.13,3.87,34.69,1.54,6.39,32.22,"Dates, Mixed Nuts, Refined Flour (Maida), Sugar, Butter, Egg, Baking Powder, Milk","Dates (Guru, Snigdha, builds Ojas); Mixed Nuts (Balances doshas when eaten fresh and in moderation); Refined Flour (Maida) (Guru, heavier to digest, best in moderation); Sugar (Guru, Madhura, builds Ojas but heavy for Kapha); Butter (Snigdha, unctuous, balances Vata); Egg (Guru, Ushna, builds strength, use moderately for Pitta); Baking Powder (Neutral, leavening agent); Milk (Guru, Shita, cooling and building, balances Pitta)"
Dundee cake,Continental/Global Cuisine,Bakery (Cake/Pastry),Veg,A vegetarian bakery.,Dry Fruits,,396.62,7.78,41.4,22.7,21.3,1.81,182.74,58.11,1.57,0.07,9.22,"Dry Fruits, Refined Flour (Maida), Sugar, Butter, Egg, Baking Powder, Milk","Dry Fruits (Balances doshas when eaten fresh and in moderation); Refined Flour (Maida) (Guru, heavier to digest, best in moderation); Sugar (Guru, Madhura, builds Ojas but heavy for Kapha); Butter (Snigdha, unctuous, balances Vata); Egg (Guru, Ushna, builds strength, use moderately for Pitta); Baking Powder (Neutral, leavening agent); Milk (Guru, Shita, cooling and building, balances Pitta)"
Egg and tomato sandwich (Ande aur tamatar ka sandwich),Continental/Global Cuisine,Sandwich/Burger,Egg (Ovo-Veg),"A egg-based sandwich/burger typically made with tomato, green peas, egg.","Tomato, Green Peas, Egg",,222.11,7.66,25.9,10.51,2.09,1.77,423.26,95.71,1.3,1.98,16.33,"Tomato, Green Peas, Egg, Bread, Butter, Salt, Pepper","Tomato (Amla, sour, stimulates digestion, use sparingly for Pitta); Green Peas (Balances doshas when eaten fresh and in moderation); Egg (Guru, Ushna, builds strength, use moderately for Pitta); Bread (Balances doshas when eaten fresh and in moderation); Butter (Snigdha, unctuous, balances Vata); Salt (Ushna, enhances taste, balances electrolytes); Pepper (Ushna, heating, clears Kapha)"
Egg cutlet (Anda cutlet),Continental/Global Cuisine,Snack (Fried),Egg (Ovo-Veg),A egg-based snack typically made with egg.,Egg,,575.02,2.45,5.77,60.25,0.2,0.58,79.4,16.22,0.56,11.07,22.05,"Egg, Gram Flour (Besan)/Refined Flour, Oil (for frying), Spices, Salt","Egg (Guru, Ushna, builds strength, use moderately for Pitta); Gram Flour (Besan)/Refined Flour (Guru, heavier to digest, best in moderation); Oil (for frying) (Snigdha, unctuous, balances Vata); Spices (Balances doshas when eaten fresh and in moderation); Salt (Ushna, enhances taste, balances electrolytes)"
Egg drop soup,Continental/Global Cuisine,Soup,Egg (Ovo-Veg),A egg-based soup typically made with egg.,Egg,,26.64,12.93,1.1,13.52,0.6,0.81,12418.84,100.14,3.93,8.51,28.19,"Egg, Stock/Water, Onion, Salt, Pepper, Butter/Oil","Egg (Guru, Ushna, builds strength, use moderately for Pitta); Stock/Water (Guru, Ushna, deeply nourishing); Onion (Ushna, stimulates Agni, balances Kapha and Vata); Salt (Ushna, enhances taste, balances electrolytes); Pepper (Ushna, heating, clears Kapha); Butter/Oil (Snigdha, unctuous, balances Vata)"
Egg sandwich (Ande ka sandwich),Continental/Global Cuisine,Sandwich/Burger,Egg (Ovo-Veg),A egg-based sandwich/burger typically made with egg.,Egg,,285.96,8.69,29.16,15.8,1.86,1.88,461.67,110.13,1.44,0.0,14.92,"Egg, Bread, Butter, Salt, Pepper","Egg (Guru, Ushna, builds strength, use moderately for Pitta); Bread (Balances doshas when eaten fresh and in moderation); Butter (Snigdha, unctuous, balances Vata); Salt (Ushna, enhances taste, balances electrolytes); Pepper (Ushna, heating, clears Kapha)"
Egg sauce,Continental/Global Cuisine,Sauce/Condiment,Egg (Ovo-Veg),A egg-based sauce/condiment typically made with egg.,Egg,,146.85,5.97,5.88,11.08,3.19,0.12,51.54,89.49,0.65,,,"Egg, Butter, Refined Flour (Maida), Salt, Pepper, Oil/Butter","Egg (Guru, Ushna, builds strength, use moderately for Pitta); Butter (Snigdha, unctuous, balances Vata); Refined Flour (Maida) (Guru, heavier to digest, best in moderation); Salt (Ushna, enhances taste, balances electrolytes); Pepper (Ushna, heating, clears Kapha); Oil/Butter (Snigdha, unctuous, balances Vata)"
Eggless cake,Continental/Global Cuisine,Bakery (Cake/Pastry),Veg,A vegetarian bakery typically made with egg.,Curd (egg substitute),,318.08,8.12,46.14,11.75,27.7,0.68,310.5,212.97,0.61,1.35,7.58,"Curd (egg substitute), Refined Flour (Maida), Sugar, Butter, Baking Powder, Milk","Curd (egg substitute) (Amla, Guru, sour and cooling in moderation); Refined Flour (Maida) (Guru, heavier to digest, best in moderation); Sugar (Guru, Madhura, builds Ojas but heavy for Kapha); Butter (Snigdha, unctuous, balances Vata); Baking Powder (Neutral, leavening agent); Milk (Guru, Shita, cooling and building, balances Pitta)"
Fettuccine with spinach sauce,Continental/Global Cuisine,Sauce/Condiment,Veg,A vegetarian sauce/condiment typically made with spinach.,Spinach,,129.21,3.1,12.19,7.83,1.18,0.77,153.59,53.67,1.28,38.37,170.92,"Spinach, Butter, Refined Flour (Maida), Salt, Pepper, Oil/Butter","Spinach (Laghu, cooling, iron-rich); Butter (Snigdha, unctuous, balances Vata); Refined Flour (Maida) (Guru, heavier to digest, best in moderation); Salt (Ushna, enhances taste, balances electrolytes); Pepper (Ushna, heating, clears Kapha); Oil/Butter (Snigdha, unctuous, balances Vata)"
Finger millet biscuit (Ragi biscuit),Continental/Global Cuisine,Bakery (Cookie/Biscuit),Veg,A vegetarian bakery typically made with finger millet.,Finger Millet,,458.56,4.03,52.69,25.79,16.9,5.97,98.24,207.04,2.54,0.0,13.87,"Finger Millet, Refined Flour (Maida), Butter, Sugar, Baking Powder, Egg","Finger Millet (Balances doshas when eaten fresh and in moderation); Refined Flour (Maida) (Guru, heavier to digest, best in moderation); Butter (Snigdha, unctuous, balances Vata); Sugar (Guru, Madhura, builds Ojas but heavy for Kapha); Baking Powder (Neutral, leavening agent); Egg (Guru, Ushna, builds strength, use moderately for Pitta)"
Finger millet cake (Ragi cake),Continental/Global Cuisine,Bakery (Cake/Pastry),Veg,A vegetarian bakery typically made with finger millet.,Finger Millet,,279.46,3.96,38.93,12.27,24.76,2.35,98.26,118.38,1.35,0.76,11.41,"Finger Millet, Refined Flour (Maida), Sugar, Butter, Egg, Baking Powder, Milk","Finger Millet (Balances doshas when eaten fresh and in moderation); Refined Flour (Maida) (Guru, heavier to digest, best in moderation); Sugar (Guru, Madhura, builds Ojas but heavy for Kapha); Butter (Snigdha, unctuous, balances Vata); Egg (Guru, Ushna, builds strength, use moderately for Pitta); Baking Powder (Neutral, leavening agent); Milk (Guru, Shita, cooling and building, balances Pitta)"
Fish cutlet (Machli ka cutlet),Continental/Global Cuisine,Snack (Fried),Non-Veg,A non-vegetarian snack typically made with fish.,Fish,,654.64,2.77,3.13,70.11,0.29,0.54,75.33,10.44,0.36,10.46,19.06,"Fish, Gram Flour (Besan)/Refined Flour, Oil (for frying), Spices, Salt","Fish (Guru, Ushna, nourishing, best fresh); Gram Flour (Besan)/Refined Flour (Guru, heavier to digest, best in moderation); Oil (for frying) (Snigdha, unctuous, balances Vata); Spices (Balances doshas when eaten fresh and in moderation); Salt (Ushna, enhances taste, balances electrolytes)"
Fish pie,Continental/Global Cuisine,Bakery (Cake/Pastry),Non-Veg,A non-vegetarian bakery typically made with fish.,Fish,,120.9,9.25,7.74,5.77,1.13,0.76,101.8,36.15,0.46,27.02,37.04,"Fish, Refined Flour (Maida), Sugar, Butter, Egg, Baking Powder, Milk","Fish (Guru, Ushna, nourishing, best fresh); Refined Flour (Maida) (Guru, heavier to digest, best in moderation); Sugar (Guru, Madhura, builds Ojas but heavy for Kapha); Butter (Snigdha, unctuous, balances Vata); Egg (Guru, Ushna, builds strength, use moderately for Pitta); Baking Powder (Neutral, leavening agent); Milk (Guru, Shita, cooling and building, balances Pitta)"
Fish sandwich,Continental/Global Cuisine,Sandwich/Burger,Non-Veg,A non-vegetarian sandwich/burger typically made with fish.,Fish,,150.2,4.72,10.09,10.37,1.04,1.23,161.88,47.28,0.69,3.89,39.29,"Fish, Bread, Butter, Salt, Pepper","Fish (Guru, Ushna, nourishing, best fresh); Bread (Balances doshas when eaten fresh and in moderation); Butter (Snigdha, unctuous, balances Vata); Salt (Ushna, enhances taste, balances electrolytes); Pepper (Ushna, heating, clears Kapha)"
Flattened rice cutlet (Chirwa cutlet/Chivda cutlet/Poha cutlet),Continental/Global Cuisine,Snack (Fried),Veg,"A vegetarian snack typically made with rice, flattened rice.","Rice, Flattened Rice",,701.71,1.76,7.39,73.89,0.27,0.86,76.65,9.17,0.59,12.63,23.98,"Rice, Flattened Rice, Gram Flour (Besan)/Refined Flour, Oil (for frying), Spices, Salt","Rice (Laghu, easy to digest, balances Kapha); Flattened Rice (Laghu, light and easy to digest, balances Kapha); Gram Flour (Besan)/Refined Flour (Guru, heavier to digest, best in moderation); Oil (for frying) (Snigdha, unctuous, balances Vata); Spices (Balances doshas when eaten fresh and in moderation); Salt (Ushna, enhances taste, balances electrolytes)"
Flavoured milkshake,Continental/Global Cuisine,Beverage (Milkshake/Smoothie),Veg,A vegetarian beverage typically made with milk.,Milk,,66.78,2.06,8.65,2.83,8.61,0.0,16.34,75.05,0.11,3.62,12.65,"Milk, Sugar, Ice, Water","Milk (Guru, Shita, cooling and building, balances Pitta); Sugar (Guru, Madhura, builds Ojas but heavy for Kapha); Ice (Balances doshas when eaten fresh and in moderation); Water (Balances doshas when eaten fresh and in moderation)"
French dressing,Continental/Global Cuisine,Sauce/Condiment,Veg,A vegetarian sauce/condiment.,Olive Oil,,733.77,0.32,3.68,79.65,3.01,0.22,261.13,6.98,0.48,6.42,1.95,"Olive Oil, Butter, Refined Flour (Maida), Salt, Pepper, Oil/Butter","Olive Oil (Snigdha, unctuous, balances Vata); Butter (Snigdha, unctuous, balances Vata); Refined Flour (Maida) (Guru, heavier to digest, best in moderation); Salt (Ushna, enhances taste, balances electrolytes); Pepper (Ushna, heating, clears Kapha); Oil/Butter (Snigdha, unctuous, balances Vata)"
French omelette/omlet,Continental/Global Cuisine,Breakfast (Omelette/Egg),Egg (Ovo-Veg),A egg-based breakfast.,Egg,,211.04,10.03,0.41,18.86,0.1,0.38,381.85,46.35,1.58,0.48,25.79,"Egg, Onion, Green Chilli, Salt, Oil","Egg (Guru, Ushna, builds strength, use moderately for Pitta); Onion (Ushna, stimulates Agni, balances Kapha and Vata); Green Chilli (Ushna, use sparingly for Pitta); Salt (Ushna, enhances taste, balances electrolytes); Oil (Snigdha, unctuous, balances Vata)"
French onion soup,Continental/Global Cuisine,Soup,Veg,A vegetarian soup typically made with onion.,Onion,,55.61,11.41,4.28,14.39,1.5,1.01,11202.89,106.22,3.52,5.35,24.85,"Onion, Stock/Water, Salt, Pepper, Butter/Oil","Onion (Ushna, stimulates Agni, balances Kapha and Vata); Stock/Water (Guru, Ushna, deeply nourishing); Salt (Ushna, enhances taste, balances electrolytes); Pepper (Ushna, heating, clears Kapha); Butter/Oil (Snigdha, unctuous, balances Vata)"
French sandwich (toasted),Continental/Global Cuisine,Sandwich/Burger,Veg,A vegetarian sandwich/burger.,Bread,,186.75,6.82,14.82,11.51,1.82,1.37,274.68,100.73,1.24,6.66,29.24,"Bread, Butter, Salt, Pepper","Bread (Balances doshas when eaten fresh and in moderation); Butter (Snigdha, unctuous, balances Vata); Salt (Ushna, enhances taste, balances electrolytes); Pepper (Ushna, heating, clears Kapha)"
Fried chicken with tomato sauce (Fried chicken tamatar ki chutney kay saath),Continental/Global Cuisine,Chutney/Condiment,Non-Veg,"A non-vegetarian chutney/condiment typically made with tomato, green peas, chicken.","Tomato, Green Peas, Chicken",,125.03,11.48,2.51,7.61,1.16,1.13,107.56,16.09,0.64,10.78,17.41,"Tomato, Green Peas, Chicken, Green Chilli, Salt, Spices, Oil (tempering), Pepper, Oil/Butter","Tomato (Amla, sour, stimulates digestion, use sparingly for Pitta); Green Peas (Balances doshas when eaten fresh and in moderation); Chicken (Guru, Ushna, builds strength); Green Chilli (Ushna, use sparingly for Pitta); Salt (Ushna, enhances taste, balances electrolytes); Spices (Balances doshas when eaten fresh and in moderation); Oil (tempering) (Snigdha, unctuous, balances Vata); Pepper (Ushna, heating, clears Kapha); Oil/Butter (Snigdha, unctuous, balances Vata)"
Frozen frosty fruit salad (Phalon ka salaad),Continental/Global Cuisine,Salad,Veg,A vegetarian salad.,Mixed Fruits,,103.51,1.68,15.61,4.17,14.38,0.26,13.23,28.61,0.41,33.45,20.91,"Mixed Fruits, Salt, Pepper, Lemon Juice, Oil/Dressing","Mixed Fruits (Balances doshas when eaten fresh and in moderation); Salt (Ushna, enhances taste, balances electrolytes); Pepper (Ushna, heating, clears Kapha); Lemon Juice (Amla, alkalising, stimulates Agni); Oil/Dressing (Snigdha, unctuous, balances Vata)"
Fruit Ice cream (Phalon ka Ice cream),Continental/Global Cuisine,Dessert (Ice Cream),Veg,A vegetarian dessert typically made with cream.,Cream,,171.46,4.37,16.05,10.38,14.03,0.33,38.78,93.35,0.36,4.02,15.6,"Cream, Milk, Fresh Cream, Sugar","Cream (Guru, Snigdha, heavy and nourishing); Milk (Guru, Shita, cooling and building, balances Pitta); Fresh Cream (Guru, Snigdha, heavy and nourishing); Sugar (Guru, Madhura, builds Ojas but heavy for Kapha)"
Fruit puree tart,Continental/Global Cuisine,Bakery (Cake/Pastry),Veg,A vegetarian bakery.,Mixed Fruits,,286.5,3.35,30.42,16.83,9.79,1.31,49.65,19.64,0.63,2.6,6.05,"Mixed Fruits, Refined Flour (Maida), Sugar, Butter, Egg, Baking Powder, Milk","Mixed Fruits (Balances doshas when eaten fresh and in moderation); Refined Flour (Maida) (Guru, heavier to digest, best in moderation); Sugar (Guru, Madhura, builds Ojas but heavy for Kapha); Butter (Snigdha, unctuous, balances Vata); Egg (Guru, Ushna, builds strength, use moderately for Pitta); Baking Powder (Neutral, leavening agent); Milk (Guru, Shita, cooling and building, balances Pitta)"
Fruit salad (Phalon ka salaad),Continental/Global Cuisine,Salad,Veg,A vegetarian salad.,Mixed Fruits,,78.14,0.91,15.96,1.22,9.78,1.58,7.11,25.93,0.81,52.45,45.4,"Mixed Fruits, Salt, Pepper, Lemon Juice, Oil/Dressing","Mixed Fruits (Balances doshas when eaten fresh and in moderation); Salt (Ushna, enhances taste, balances electrolytes); Pepper (Ushna, heating, clears Kapha); Lemon Juice (Amla, alkalising, stimulates Agni); Oil/Dressing (Snigdha, unctuous, balances Vata)"
Garlic chickpea soup (Lahasun aur chane ka shoraba),Continental/Global Cuisine,Soup,Veg,A vegetarian soup typically made with garlic.,Garlic,,89.53,4.45,13.92,2.01,2.65,2.84,79.73,13.93,0.96,13.24,380.59,"Garlic, Stock/Water, Onion, Salt, Pepper, Butter/Oil","Garlic (Ushna, heating, balances Vata and Kapha); Stock/Water (Guru, Ushna, deeply nourishing); Onion (Ushna, stimulates Agni, balances Kapha and Vata); Salt (Ushna, enhances taste, balances electrolytes); Pepper (Ushna, heating, clears Kapha); Butter/Oil (Snigdha, unctuous, balances Vata)"
Garlic soup,Continental/Global Cuisine,Soup,Veg,A vegetarian soup typically made with garlic.,Garlic,,194.86,2.38,6.99,17.62,2.39,1.66,179.26,60.55,0.73,11.12,21.85,"Garlic, Stock/Water, Onion, Salt, Pepper, Butter/Oil","Garlic (Ushna, heating, balances Vata and Kapha); Stock/Water (Guru, Ushna, deeply nourishing); Onion (Ushna, stimulates Agni, balances Kapha and Vata); Salt (Ushna, enhances taste, balances electrolytes); Pepper (Ushna, heating, clears Kapha); Butter/Oil (Snigdha, unctuous, balances Vata)"
Ginger biscuit (Adarak ke biscuit),Continental/Global Cuisine,Bakery (Cookie/Biscuit),Veg,A vegetarian bakery typically made with ginger.,Ginger,,417.91,5.98,58.44,18.31,27.06,1.49,79.68,25.97,2.2,0.0,1.59,"Ginger, Refined Flour (Maida), Butter, Sugar, Baking Powder, Egg","Ginger (Ushna, kindles Agni, aids digestion); Refined Flour (Maida) (Guru, heavier to digest, best in moderation); Butter (Snigdha, unctuous, balances Vata); Sugar (Guru, Madhura, builds Ojas but heavy for Kapha); Baking Powder (Neutral, leavening agent); Egg (Guru, Ushna, builds strength, use moderately for Pitta)"
Gingerman biscuit,Continental/Global Cuisine,Bakery (Cookie/Biscuit),Veg,A vegetarian bakery typically made with ginger.,Ginger,,357.43,6.26,55.24,12.73,21.64,2.0,918.57,41.35,1.59,3.65,4.91,"Ginger, Refined Flour (Maida), Butter, Sugar, Baking Powder, Egg","Ginger (Ushna, kindles Agni, aids digestion); Refined Flour (Maida) (Guru, heavier to digest, best in moderation); Butter (Snigdha, unctuous, balances Vata); Sugar (Guru, Madhura, builds Ojas but heavy for Kapha); Baking Powder (Neutral, leavening agent); Egg (Guru, Ushna, builds strength, use moderately for Pitta)"
Gram flour and semolina chilla/cheela/savory pancake (Besan suji chilla/cheela),Continental/Global Cuisine,Breakfast/Tiffin (Pancake),Veg,"A vegetarian breakfast/tiffin typically made with gram flour, semolina, beans.","Gram Flour, Semolina, Beans",,758.89,2.08,7.63,80.04,0.25,1.39,74.88,12.13,0.67,3.8,34.83,"Gram Flour, Semolina, Beans, Refined Flour (Maida), Sugar, Butter, Egg, Baking Powder, Milk","Gram Flour (Laghu, light, balances Kapha); Semolina (Balances doshas when eaten fresh and in moderation); Beans (Balances doshas when eaten fresh and in moderation); Refined Flour (Maida) (Guru, heavier to digest, best in moderation); Sugar (Guru, Madhura, builds Ojas but heavy for Kapha); Butter (Snigdha, unctuous, balances Vata); Egg (Guru, Ushna, builds strength, use moderately for Pitta); Baking Powder (Neutral, leavening agent); Milk (Guru, Shita, cooling and building, balances Pitta)"
Green chilli sauce,Continental/Global Cuisine,Sauce/Condiment,Veg,A vegetarian sauce/condiment typically made with chili.,Chili,,46.06,1.25,7.36,0.27,5.36,1.77,1037.04,9.89,0.64,,,"Chili, Butter, Refined Flour (Maida), Salt, Pepper, Oil/Butter","Chili (Balances doshas when eaten fresh and in moderation); Butter (Snigdha, unctuous, balances Vata); Refined Flour (Maida) (Guru, heavier to digest, best in moderation); Salt (Ushna, enhances taste, balances electrolytes); Pepper (Ushna, heating, clears Kapha); Oil/Butter (Snigdha, unctuous, balances Vata)"
Green pea soup (Matar ka soup),Continental/Global Cuisine,Soup,Veg,A vegetarian soup typically made with green peas.,Green Peas,,39.81,11.06,3.63,12.9,0.87,2.49,10958.11,46.63,2.18,41.12,65.46,"Green Peas, Stock/Water, Onion, Salt, Pepper, Butter/Oil","Green Peas (Balances doshas when eaten fresh and in moderation); Stock/Water (Guru, Ushna, deeply nourishing); Onion (Ushna, stimulates Agni, balances Kapha and Vata); Salt (Ushna, enhances taste, balances electrolytes); Pepper (Ushna, heating, clears Kapha); Butter/Oil (Snigdha, unctuous, balances Vata)"
Greenpea cookies,Continental/Global Cuisine,Bakery (Cookie/Biscuit),Veg,A vegetarian bakery.,Green Peas,,159.42,6.53,23.07,4.24,14.45,5.32,229.9,48.45,1.47,16.8,28.24,"Green Peas, Refined Flour (Maida), Butter, Sugar, Baking Powder, Egg","Green Peas (Balances doshas when eaten fresh and in moderation); Refined Flour (Maida) (Guru, heavier to digest, best in moderation); Butter (Snigdha, unctuous, balances Vata); Sugar (Guru, Madhura, builds Ojas but heavy for Kapha); Baking Powder (Neutral, leavening agent); Egg (Guru, Ushna, builds strength, use moderately for Pitta)"
Ham and Bean soup,Continental/Global Cuisine,Soup,Non-Veg,A non-vegetarian soup.,Ham,,96.04,10.61,4.18,4.15,1.43,0.54,378.14,20.52,0.88,22.31,103.7,"Ham, Stock/Water, Onion, Salt, Pepper, Butter/Oil","Ham (Balances doshas when eaten fresh and in moderation); Stock/Water (Guru, Ushna, deeply nourishing); Onion (Ushna, stimulates Agni, balances Kapha and Vata); Salt (Ushna, enhances taste, balances electrolytes); Pepper (Ushna, heating, clears Kapha); Butter/Oil (Snigdha, unctuous, balances Vata)"
Hawain salad,Continental/Global Cuisine,Salad,Veg,A vegetarian salad.,Pineapple,,175.23,4.27,14.35,11.37,5.24,3.93,64.92,61.03,1.12,51.75,123.62,"Pineapple, Salt, Pepper, Lemon Juice, Oil/Dressing","Pineapple (Laghu, Shita, cooling and light); Salt (Ushna, enhances taste, balances electrolytes); Pepper (Ushna, heating, clears Kapha); Lemon Juice (Amla, alkalising, stimulates Agni); Oil/Dressing (Snigdha, unctuous, balances Vata)"
Hazelnut cookies,Continental/Global Cuisine,Bakery (Cookie/Biscuit),Veg,A vegetarian bakery.,Hazelnut,,493.32,6.25,39.44,34.97,22.01,2.45,81.06,47.43,1.29,0.0,19.45,"Hazelnut, Refined Flour (Maida), Butter, Sugar, Baking Powder, Egg","Hazelnut (Balances doshas when eaten fresh and in moderation); Refined Flour (Maida) (Guru, heavier to digest, best in moderation); Butter (Snigdha, unctuous, balances Vata); Sugar (Guru, Madhura, builds Ojas but heavy for Kapha); Baking Powder (Neutral, leavening agent); Egg (Guru, Ushna, builds strength, use moderately for Pitta)"
Honey cake,Continental/Global Cuisine,Bakery (Cake/Pastry),Veg,A vegetarian bakery typically made with honey.,Honey,,333.59,3.08,49.04,14.7,33.43,0.51,72.55,50.86,0.46,0.53,10.06,"Honey, Refined Flour (Maida), Sugar, Butter, Egg, Baking Powder, Milk","Honey (Ushna, Laghu, scrapes Kapha); Refined Flour (Maida) (Guru, heavier to digest, best in moderation); Sugar (Guru, Madhura, builds Ojas but heavy for Kapha); Butter (Snigdha, unctuous, balances Vata); Egg (Guru, Ushna, builds strength, use moderately for Pitta); Baking Powder (Neutral, leavening agent); Milk (Guru, Shita, cooling and building, balances Pitta)"
Hot and sour soup,Continental/Global Cuisine,Soup,Veg,A vegetarian soup.,Mixed Vegetables,,31.51,3.12,1.78,1.31,0.66,0.6,163.26,10.68,0.43,24.59,39.83,"Mixed Vegetables, Stock/Water, Onion, Salt, Pepper, Butter/Oil","Mixed Vegetables (Balances doshas when eaten fresh and in moderation); Stock/Water (Guru, Ushna, deeply nourishing); Onion (Ushna, stimulates Agni, balances Kapha and Vata); Salt (Ushna, enhances taste, balances electrolytes); Pepper (Ushna, heating, clears Kapha); Butter/Oil (Snigdha, unctuous, balances Vata)"
Hot cherry sauce,Continental/Global Cuisine,Sauce/Condiment,Veg,A vegetarian sauce/condiment.,Cherry,,252.74,0.13,67.95,0.07,17.65,0.0,105.81,24.82,0.45,,,"Cherry, Butter, Refined Flour (Maida), Salt, Pepper, Oil/Butter","Cherry (Balances doshas when eaten fresh and in moderation); Butter (Snigdha, unctuous, balances Vata); Refined Flour (Maida) (Guru, heavier to digest, best in moderation); Salt (Ushna, enhances taste, balances electrolytes); Pepper (Ushna, heating, clears Kapha); Oil/Butter (Snigdha, unctuous, balances Vata)"
Ice box cookies,Continental/Global Cuisine,Bakery (Cookie/Biscuit),Veg,A vegetarian bakery.,Butter,,374.24,5.7,56.09,14.44,26.69,1.28,449.14,18.5,1.04,0.1,1.64,"Butter, Refined Flour (Maida), Sugar, Baking Powder, Egg","Butter (Snigdha, unctuous, balances Vata); Refined Flour (Maida) (Guru, heavier to digest, best in moderation); Sugar (Guru, Madhura, builds Ojas but heavy for Kapha); Baking Powder (Neutral, leavening agent); Egg (Guru, Ushna, builds strength, use moderately for Pitta)"
Jam and fruit pancake,Continental/Global Cuisine,Pickle/Preserve,Veg,A vegetarian pickle/preserve.,Mixed Fruits,,162.02,3.79,20.73,7.01,7.85,1.21,93.09,54.06,0.52,6.48,8.42,"Mixed Fruits, Oil, Mustard Seeds, Turmeric, Red Chilli Powder, Salt","Mixed Fruits (Balances doshas when eaten fresh and in moderation); Oil (Snigdha, unctuous, balances Vata); Mustard Seeds (Ushna, stimulates digestion); Turmeric (Ushna, anti-inflammatory, purifies blood); Red Chilli Powder (Ushna, heating, use sparingly for Pitta); Salt (Ushna, enhances taste, balances electrolytes)"
Jam tart,Continental/Global Cuisine,Pickle/Preserve,Veg,A vegetarian pickle/preserve.,Jam,,360.72,4.42,46.18,17.35,14.74,1.14,70.34,12.23,0.74,0.0,2.44,"Jam, Oil, Mustard Seeds, Turmeric, Red Chilli Powder, Salt","Jam (Balances doshas when eaten fresh and in moderation); Oil (Snigdha, unctuous, balances Vata); Mustard Seeds (Ushna, stimulates digestion); Turmeric (Ushna, anti-inflammatory, purifies blood); Red Chilli Powder (Ushna, heating, use sparingly for Pitta); Salt (Ushna, enhances taste, balances electrolytes)"
Jellied sunshine fruit salad,Continental/Global Cuisine,Salad,Veg,A vegetarian salad.,Mixed Fruits,,48.86,5.85,4.21,0.85,2.86,1.8,74.2,37.14,0.87,28.75,37.7,"Mixed Fruits, Salt, Pepper, Lemon Juice, Oil/Dressing","Mixed Fruits (Balances doshas when eaten fresh and in moderation); Salt (Ushna, enhances taste, balances electrolytes); Pepper (Ushna, heating, clears Kapha); Lemon Juice (Amla, alkalising, stimulates Agni); Oil/Dressing (Snigdha, unctuous, balances Vata)"
Jelly biscuit,Continental/Global Cuisine,Bakery (Cookie/Biscuit),Veg,A vegetarian bakery.,Butter,,404.61,4.23,55.24,19.33,29.76,2.02,110.57,36.46,1.19,0.03,1.69,"Butter, Refined Flour (Maida), Sugar, Baking Powder, Egg","Butter (Snigdha, unctuous, balances Vata); Refined Flour (Maida) (Guru, heavier to digest, best in moderation); Sugar (Guru, Madhura, builds Ojas but heavy for Kapha); Baking Powder (Neutral, leavening agent); Egg (Guru, Ushna, builds strength, use moderately for Pitta)"
Kale salad,Continental/Global Cuisine,Salad,Veg,A vegetarian salad.,Kale,,177.71,4.86,5.01,15.33,3.31,1.36,292.04,109.11,1.3,30.49,35.39,"Kale, Salt, Pepper, Lemon Juice, Oil/Dressing","Kale (Balances doshas when eaten fresh and in moderation); Salt (Ushna, enhances taste, balances electrolytes); Pepper (Ushna, heating, clears Kapha); Lemon Juice (Amla, alkalising, stimulates Agni); Oil/Dressing (Snigdha, unctuous, balances Vata)"
Keema pancake,Continental/Global Cuisine,Breakfast/Tiffin (Pancake),Non-Veg,A non-vegetarian breakfast/tiffin typically made with minced meat.,Minced Meat,,176.27,9.01,9.56,11.25,2.2,0.84,125.4,40.96,0.93,4.64,12.23,"Minced Meat, Refined Flour (Maida), Sugar, Butter, Egg, Baking Powder, Milk","Minced Meat (Balances doshas when eaten fresh and in moderation); Refined Flour (Maida) (Guru, heavier to digest, best in moderation); Sugar (Guru, Madhura, builds Ojas but heavy for Kapha); Butter (Snigdha, unctuous, balances Vata); Egg (Guru, Ushna, builds strength, use moderately for Pitta); Baking Powder (Neutral, leavening agent); Milk (Guru, Shita, cooling and building, balances Pitta)"
Khoa and coconut pancake,Continental/Global Cuisine,Breakfast/Tiffin (Pancake),Veg,"A vegetarian breakfast/tiffin typically made with coconut, khoya (milk solids).","Coconut, Khoya (Milk Solids)",,271.98,6.98,27.32,15.29,16.47,1.65,101.0,157.22,1.12,0.73,19.12,"Coconut, Khoya (Milk Solids), Refined Flour (Maida), Sugar, Butter, Egg, Baking Powder, Milk","Coconut (Shita, cooling, pacifies Pitta); Khoya (Milk Solids) (Guru, Shita, cooling and building, balances Pitta); Refined Flour (Maida) (Guru, heavier to digest, best in moderation); Sugar (Guru, Madhura, builds Ojas but heavy for Kapha); Butter (Snigdha, unctuous, balances Vata); Egg (Guru, Ushna, builds strength, use moderately for Pitta); Baking Powder (Neutral, leavening agent); Milk (Guru, Shita, cooling and building, balances Pitta)"
Kidney bean sandwich with cottage cheese,Continental/Global Cuisine,Sandwich/Burger,Non-Veg,A non-vegetarian sandwich/burger typically made with cheese.,Cheese,,176.64,9.85,18.86,6.84,3.69,3.66,97.97,166.63,1.64,5.33,213.8,"Cheese, Bread, Butter, Salt, Pepper","Cheese (Balances doshas when eaten fresh and in moderation); Bread (Balances doshas when eaten fresh and in moderation); Butter (Snigdha, unctuous, balances Vata); Salt (Ushna, enhances taste, balances electrolytes); Pepper (Ushna, heating, clears Kapha)"
Lasagne with meat sauce,Continental/Global Cuisine,Sauce/Condiment,Non-Veg,A vegetarian sauce/condiment.,Minced Meat,,63.38,2.9,5.38,3.43,1.04,0.47,37.08,24.61,0.49,80.17,112.65,"Minced Meat, Butter, Refined Flour (Maida), Salt, Pepper, Oil/Butter","Minced Meat (Balances doshas when eaten fresh and in moderation); Butter (Snigdha, unctuous, balances Vata); Refined Flour (Maida) (Guru, heavier to digest, best in moderation); Salt (Ushna, enhances taste, balances electrolytes); Pepper (Ushna, heating, clears Kapha); Oil/Butter (Snigdha, unctuous, balances Vata)"
Lemon cake,Continental/Global Cuisine,Bakery (Cake/Pastry),Veg,A vegetarian bakery typically made with lemon.,Lemon,,373.85,5.29,43.1,20.63,25.84,0.62,151.29,32.77,0.91,2.44,9.0,"Lemon, Refined Flour (Maida), Sugar, Butter, Egg, Baking Powder, Milk","Lemon (Amla, alkalising, stimulates Agni); Refined Flour (Maida) (Guru, heavier to digest, best in moderation); Sugar (Guru, Madhura, builds Ojas but heavy for Kapha); Butter (Snigdha, unctuous, balances Vata); Egg (Guru, Ushna, builds strength, use moderately for Pitta); Baking Powder (Neutral, leavening agent); Milk (Guru, Shita, cooling and building, balances Pitta)"
Lemon chiffon pie,Continental/Global Cuisine,Bakery (Cake/Pastry),Veg,A vegetarian bakery typically made with lemon.,Lemon,,259.31,4.88,27.63,14.52,11.39,0.66,94.95,34.43,0.61,7.18,51.7,"Lemon, Refined Flour (Maida), Sugar, Butter, Egg, Baking Powder, Milk","Lemon (Amla, alkalising, stimulates Agni); Refined Flour (Maida) (Guru, heavier to digest, best in moderation); Sugar (Guru, Madhura, builds Ojas but heavy for Kapha); Butter (Snigdha, unctuous, balances Vata); Egg (Guru, Ushna, builds strength, use moderately for Pitta); Baking Powder (Neutral, leavening agent); Milk (Guru, Shita, cooling and building, balances Pitta)"
Lemon cookies,Continental/Global Cuisine,Bakery (Cookie/Biscuit),Veg,A vegetarian bakery typically made with lemon.,Lemon,,394.48,5.63,42.19,23.02,23.47,0.78,84.71,72.04,0.69,1.5,10.76,"Lemon, Refined Flour (Maida), Butter, Sugar, Baking Powder, Egg","Lemon (Amla, alkalising, stimulates Agni); Refined Flour (Maida) (Guru, heavier to digest, best in moderation); Butter (Snigdha, unctuous, balances Vata); Sugar (Guru, Madhura, builds Ojas but heavy for Kapha); Baking Powder (Neutral, leavening agent); Egg (Guru, Ushna, builds strength, use moderately for Pitta)"
Lemon coriander soup,Continental/Global Cuisine,Soup,Veg,"A vegetarian soup typically made with lemon, coriander.","Lemon, Coriander",,108.06,2.27,10.32,6.26,2.2,6.77,219.17,102.57,3.47,8.6,12.47,"Lemon, Coriander, Stock/Water, Onion, Salt, Pepper, Butter/Oil","Lemon (Amla, alkalising, stimulates Agni); Coriander (Shita, cooling, soothes Pitta); Stock/Water (Guru, Ushna, deeply nourishing); Onion (Ushna, stimulates Agni, balances Kapha and Vata); Salt (Ushna, enhances taste, balances electrolytes); Pepper (Ushna, heating, clears Kapha); Butter/Oil (Snigdha, unctuous, balances Vata)"
Lemon meringue pie,Continental/Global Cuisine,Bakery (Cake/Pastry),Veg,A vegetarian bakery typically made with lemon.,Lemon,,224.43,3.88,35.11,8.16,21.17,0.44,85.12,16.79,0.67,5.1,17.48,"Lemon, Refined Flour (Maida), Sugar, Butter, Egg, Baking Powder, Milk","Lemon (Amla, alkalising, stimulates Agni); Refined Flour (Maida) (Guru, heavier to digest, best in moderation); Sugar (Guru, Madhura, builds Ojas but heavy for Kapha); Butter (Snigdha, unctuous, balances Vata); Egg (Guru, Ushna, builds strength, use moderately for Pitta); Baking Powder (Neutral, leavening agent); Milk (Guru, Shita, cooling and building, balances Pitta)"
Lemon tart,Continental/Global Cuisine,Bakery (Cake/Pastry),Veg,A vegetarian bakery typically made with lemon.,Lemon,,303.35,6.12,30.68,17.45,10.68,0.81,76.09,24.03,0.98,2.66,9.19,"Lemon, Refined Flour (Maida), Sugar, Butter, Egg, Baking Powder, Milk","Lemon (Amla, alkalising, stimulates Agni); Refined Flour (Maida) (Guru, heavier to digest, best in moderation); Sugar (Guru, Madhura, builds Ojas but heavy for Kapha); Butter (Snigdha, unctuous, balances Vata); Egg (Guru, Ushna, builds strength, use moderately for Pitta); Baking Powder (Neutral, leavening agent); Milk (Guru, Shita, cooling and building, balances Pitta)"
Lentil soup,Continental/Global Cuisine,Soup,Veg,A vegetarian soup.,"Sesame Seeds, Lentils",,31.17,9.65,3.94,11.68,1.06,2.57,10418.84,40.57,2.26,17.9,34.92,"Sesame Seeds, Lentils, Stock/Water, Onion, Salt, Pepper, Butter/Oil","Sesame Seeds (Ushna, Snigdha, warming and nourishing); Lentils (Laghu, protein-rich, balances Kapha); Stock/Water (Guru, Ushna, deeply nourishing); Onion (Ushna, stimulates Agni, balances Kapha and Vata); Salt (Ushna, enhances taste, balances electrolytes); Pepper (Ushna, heating, clears Kapha); Butter/Oil (Snigdha, unctuous, balances Vata)"
Low calorie quick mayonnaise,Continental/Global Cuisine,Sauce/Condiment,Egg (Ovo-Veg),A vegetarian sauce/condiment.,Egg,,242.89,1.41,4.71,24.35,0.83,0.06,165.94,6.47,0.25,,,"Egg, Butter, Refined Flour (Maida), Salt, Pepper, Oil/Butter","Egg (Guru, Ushna, builds strength, use moderately for Pitta); Butter (Snigdha, unctuous, balances Vata); Refined Flour (Maida) (Guru, heavier to digest, best in moderation); Salt (Ushna, enhances taste, balances electrolytes); Pepper (Ushna, heating, clears Kapha); Oil/Butter (Snigdha, unctuous, balances Vata)"
Macaroni salad,Continental/Global Cuisine,Salad,Veg,A vegetarian salad typically made with pasta.,Pasta,,262.19,5.02,21.63,17.78,3.73,0.56,163.99,35.7,0.77,22.15,34.69,"Pasta, Salt, Pepper, Lemon Juice, Oil/Dressing","Pasta (Balances doshas when eaten fresh and in moderation); Salt (Ushna, enhances taste, balances electrolytes); Pepper (Ushna, heating, clears Kapha); Lemon Juice (Amla, alkalising, stimulates Agni); Oil/Dressing (Snigdha, unctuous, balances Vata)"
Macroni cheese pie,Continental/Global Cuisine,Bakery (Cake/Pastry),Veg,A vegetarian bakery typically made with cheese.,Cheese,,170.63,5.85,21.1,7.48,3.4,0.4,200.51,122.01,0.54,14.65,28.19,"Cheese, Refined Flour (Maida), Sugar, Butter, Egg, Baking Powder, Milk","Cheese (Balances doshas when eaten fresh and in moderation); Refined Flour (Maida) (Guru, heavier to digest, best in moderation); Sugar (Guru, Madhura, builds Ojas but heavy for Kapha); Butter (Snigdha, unctuous, balances Vata); Egg (Guru, Ushna, builds strength, use moderately for Pitta); Baking Powder (Neutral, leavening agent); Milk (Guru, Shita, cooling and building, balances Pitta)"
Mango cheesecake,Continental/Global Cuisine,Bakery (Cake/Pastry),Veg,A vegetarian bakery typically made with mango.,Mango,,152.46,2.39,20.06,7.3,15.36,1.14,107.12,55.1,0.53,24.93,68.68,"Mango, Refined Flour (Maida), Sugar, Butter, Egg, Baking Powder, Milk","Mango (Guru, Snigdha, nourishing in season); Refined Flour (Maida) (Guru, heavier to digest, best in moderation); Sugar (Guru, Madhura, builds Ojas but heavy for Kapha); Butter (Snigdha, unctuous, balances Vata); Egg (Guru, Ushna, builds strength, use moderately for Pitta); Baking Powder (Neutral, leavening agent); Milk (Guru, Shita, cooling and building, balances Pitta)"
Mango ice cream,Continental/Global Cuisine,Dessert (Ice Cream),Veg,"A vegetarian dessert typically made with mango, cream.","Mango, Cream",,125.69,3.4,11.14,7.62,11.01,0.52,29.13,67.17,0.39,44.98,142.26,"Mango, Cream, Milk, Fresh Cream, Sugar","Mango (Guru, Snigdha, nourishing in season); Cream (Guru, Snigdha, heavy and nourishing); Milk (Guru, Shita, cooling and building, balances Pitta); Fresh Cream (Guru, Snigdha, heavy and nourishing); Sugar (Guru, Madhura, builds Ojas but heavy for Kapha)"
Mango milkshake (Aam milkshake),Continental/Global Cuisine,Beverage (Milkshake/Smoothie),Veg,"A vegetarian beverage typically made with mango, milk.","Mango, Milk",,56.9,1.73,7.23,2.35,7.15,0.26,13.27,62.33,0.15,20.1,53.68,"Mango, Milk, Sugar, Ice, Water","Mango (Guru, Snigdha, nourishing in season); Milk (Guru, Shita, cooling and building, balances Pitta); Sugar (Guru, Madhura, builds Ojas but heavy for Kapha); Ice (Balances doshas when eaten fresh and in moderation); Water (Balances doshas when eaten fresh and in moderation)"
Mango milkshake with ice cream (Aam milkshake ice cream ke saath),Continental/Global Cuisine,Beverage (Milkshake/Smoothie),Veg,"A vegetarian beverage typically made with mango, milk, cream.","Mango, Milk, Cream",,68.35,1.93,9.18,2.8,9.11,0.23,16.64,69.36,0.15,16.96,46.37,"Mango, Milk, Cream, Sugar, Ice, Water","Mango (Guru, Snigdha, nourishing in season); Milk (Guru, Shita, cooling and building, balances Pitta); Cream (Guru, Snigdha, heavy and nourishing); Sugar (Guru, Madhura, builds Ojas but heavy for Kapha); Ice (Balances doshas when eaten fresh and in moderation); Water (Balances doshas when eaten fresh and in moderation)"
Mango mousse,Continental/Global Cuisine,Dessert (Souffle/Custard/Pudding),Veg,A vegetarian dessert typically made with mango.,Mango,,124.98,3.21,9.14,8.47,8.89,0.88,19.62,51.38,0.35,42.76,110.68,"Mango, Milk, Sugar, Egg, Cornflour","Mango (Guru, Snigdha, nourishing in season); Milk (Guru, Shita, cooling and building, balances Pitta); Sugar (Guru, Madhura, builds Ojas but heavy for Kapha); Egg (Guru, Ushna, builds strength, use moderately for Pitta); Cornflour (Balances doshas when eaten fresh and in moderation)"
Mango vanilla custard,Continental/Global Cuisine,Dessert (Souffle/Custard/Pudding),Veg,A vegetarian dessert typically made with mango.,Mango,,147.63,3.43,18.41,7.04,14.62,0.99,30.12,84.86,0.58,16.05,49.19,"Mango, Milk, Sugar, Egg, Cornflour","Mango (Guru, Snigdha, nourishing in season); Milk (Guru, Shita, cooling and building, balances Pitta); Sugar (Guru, Madhura, builds Ojas but heavy for Kapha); Egg (Guru, Ushna, builds strength, use moderately for Pitta); Cornflour (Balances doshas when eaten fresh and in moderation)"
Marble cake,Continental/Global Cuisine,Bakery (Cake/Pastry),Veg,A vegetarian bakery.,Cocoa,,354.11,6.3,46.88,16.27,27.56,0.71,138.48,39.6,1.12,0.08,8.85,"Cocoa, Refined Flour (Maida), Sugar, Butter, Egg, Baking Powder, Milk","Cocoa (Guru, Ushna, stimulating); Refined Flour (Maida) (Guru, heavier to digest, best in moderation); Sugar (Guru, Madhura, builds Ojas but heavy for Kapha); Butter (Snigdha, unctuous, balances Vata); Egg (Guru, Ushna, builds strength, use moderately for Pitta); Baking Powder (Neutral, leavening agent); Milk (Guru, Shita, cooling and building, balances Pitta)"
Masala biscuit,Continental/Global Cuisine,Bakery (Cookie/Biscuit),Veg,A vegetarian bakery.,Wheat Flour,,393.64,6.06,45.18,20.75,6.82,2.14,714.52,53.73,1.32,0.15,2.15,"Wheat Flour, Refined Flour (Maida), Butter, Sugar, Baking Powder, Egg","Wheat Flour (Guru, nourishing, grounds Vata); Refined Flour (Maida) (Guru, heavier to digest, best in moderation); Butter (Snigdha, unctuous, balances Vata); Sugar (Guru, Madhura, builds Ojas but heavy for Kapha); Baking Powder (Neutral, leavening agent); Egg (Guru, Ushna, builds strength, use moderately for Pitta)"
Mayonnaise,Continental/Global Cuisine,Sauce/Condiment,Egg (Ovo-Veg),A vegetarian sauce/condiment.,Egg,,774.86,1.86,1.65,84.52,1.44,0.11,272.89,15.36,0.51,,,"Egg, Butter, Refined Flour (Maida), Salt, Pepper, Oil/Butter","Egg (Guru, Ushna, builds strength, use moderately for Pitta); Butter (Snigdha, unctuous, balances Vata); Refined Flour (Maida) (Guru, heavier to digest, best in moderation); Salt (Ushna, enhances taste, balances electrolytes); Pepper (Ushna, heating, clears Kapha); Oil/Butter (Snigdha, unctuous, balances Vata)"
Mayonnaise vegetable dip,Continental/Global Cuisine,Sauce/Condiment,Veg,A vegetarian sauce/condiment.,Mixed Vegetables,,241.27,3.01,4.8,23.44,4.39,0.41,119.58,91.42,0.28,4.58,7.03,"Mixed Vegetables, Butter, Refined Flour (Maida), Salt, Pepper, Oil/Butter","Mixed Vegetables (Balances doshas when eaten fresh and in moderation); Butter (Snigdha, unctuous, balances Vata); Refined Flour (Maida) (Guru, heavier to digest, best in moderation); Salt (Ushna, enhances taste, balances electrolytes); Pepper (Ushna, heating, clears Kapha); Oil/Butter (Snigdha, unctuous, balances Vata)"
Mayonnaise without eggs,Continental/Global Cuisine,Sauce/Condiment,Veg,A vegetarian sauce/condiment typically made with egg.,Milk (egg substitute),,329.05,2.13,3.98,33.84,3.68,0.04,193.58,75.54,0.27,12.05,18.85,"Milk (egg substitute), Butter, Refined Flour (Maida), Salt, Pepper, Oil/Butter","Milk (egg substitute) (Guru, Shita, cooling and building, balances Pitta); Butter (Snigdha, unctuous, balances Vata); Refined Flour (Maida) (Guru, heavier to digest, best in moderation); Salt (Ushna, enhances taste, balances electrolytes); Pepper (Ushna, heating, clears Kapha); Oil/Butter (Snigdha, unctuous, balances Vata)"
Meat and macaroni casserole,Continental/Global Cuisine,Continental/Fusion Main,Non-Veg,A vegetarian continental/fusion main typically made with pasta.,"Minced Meat, Pasta",,161.55,9.15,16.12,10.17,1.0,1.19,2511.99,68.28,1.85,29.03,47.45,"Minced Meat, Pasta, Onion, Garlic, Olive Oil, Salt, Pepper, Mixed Herbs","Minced Meat (Balances doshas when eaten fresh and in moderation); Pasta (Balances doshas when eaten fresh and in moderation); Onion (Ushna, stimulates Agni, balances Kapha and Vata); Garlic (Ushna, heating, balances Vata and Kapha); Olive Oil (Snigdha, unctuous, balances Vata); Salt (Ushna, enhances taste, balances electrolytes); Pepper (Ushna, heating, clears Kapha); Mixed Herbs (Balances doshas when eaten fresh and in moderation)"
Meat consomme (with mutton),Continental/Global Cuisine,Soup,Non-Veg,A non-vegetarian soup typically made with mutton.,Mutton,,29.76,14.86,0.51,13.68,0.24,0.71,12665.52,115.88,4.22,2.44,15.49,"Mutton, Stock/Water, Onion, Salt, Pepper, Butter/Oil","Mutton (Guru, Ushna, heavy and warming); Stock/Water (Guru, Ushna, deeply nourishing); Onion (Ushna, stimulates Agni, balances Kapha and Vata); Salt (Ushna, enhances taste, balances electrolytes); Pepper (Ushna, heating, clears Kapha); Butter/Oil (Snigdha, unctuous, balances Vata)"
Mexican rice,Continental/Global Cuisine,Rice Dish,Veg,A vegetarian rice dish typically made with rice.,Rice,,120.57,4.62,14.21,4.88,1.44,1.64,93.42,14.51,0.55,42.71,53.09,"Rice, Oil/Ghee, Whole Spices, Salt","Rice (Laghu, easy to digest, balances Kapha); Oil/Ghee (Snigdha, unctuous, balances Vata and nourishes tissues); Whole Spices (Ushna, kindles Agni, aids digestion); Salt (Ushna, enhances taste, balances electrolytes)"
Milk cake,Continental/Global Cuisine,Bakery (Cake/Pastry),Veg,A vegetarian bakery typically made with milk.,Milk,,127.41,3.01,9.13,8.93,8.9,0.06,24.97,104.94,0.2,8.0,18.19,"Milk, Refined Flour (Maida), Sugar, Butter, Egg, Baking Powder","Milk (Guru, Shita, cooling and building, balances Pitta); Refined Flour (Maida) (Guru, heavier to digest, best in moderation); Sugar (Guru, Madhura, builds Ojas but heavy for Kapha); Butter (Snigdha, unctuous, balances Vata); Egg (Guru, Ushna, builds strength, use moderately for Pitta); Baking Powder (Neutral, leavening agent)"
Milk cookies,Continental/Global Cuisine,Bakery (Cookie/Biscuit),Veg,A vegetarian bakery typically made with milk.,Milk,,459.43,10.49,48.43,24.96,22.06,0.99,156.53,251.59,0.75,2.03,19.54,"Milk, Refined Flour (Maida), Butter, Sugar, Baking Powder, Egg","Milk (Guru, Shita, cooling and building, balances Pitta); Refined Flour (Maida) (Guru, heavier to digest, best in moderation); Butter (Snigdha, unctuous, balances Vata); Sugar (Guru, Madhura, builds Ojas but heavy for Kapha); Baking Powder (Neutral, leavening agent); Egg (Guru, Ushna, builds strength, use moderately for Pitta)"
Millet soup,Continental/Global Cuisine,Soup,Veg,A vegetarian soup.,Millet,,55.99,11.26,8.22,12.57,1.45,2.82,10918.83,65.21,2.74,4.23,26.39,"Millet, Stock/Water, Onion, Salt, Pepper, Butter/Oil","Millet (Balances doshas when eaten fresh and in moderation); Stock/Water (Guru, Ushna, deeply nourishing); Onion (Ushna, stimulates Agni, balances Kapha and Vata); Salt (Ushna, enhances taste, balances electrolytes); Pepper (Ushna, heating, clears Kapha); Butter/Oil (Snigdha, unctuous, balances Vata)"
Minced meat cutlet,Continental/Global Cuisine,Snack (Fried),Non-Veg,A non-vegetarian snack.,Minced Meat,,531.86,5.1,5.61,54.47,0.31,0.4,95.81,20.82,0.63,1.81,8.86,"Minced Meat, Gram Flour (Besan)/Refined Flour, Oil (for frying), Spices, Salt","Minced Meat (Balances doshas when eaten fresh and in moderation); Gram Flour (Besan)/Refined Flour (Guru, heavier to digest, best in moderation); Oil (for frying) (Snigdha, unctuous, balances Vata); Spices (Balances doshas when eaten fresh and in moderation); Salt (Ushna, enhances taste, balances electrolytes)"
Minced meat pancake (with chicken),Continental/Global Cuisine,Breakfast/Tiffin (Pancake),Non-Veg,A non-vegetarian breakfast/tiffin typically made with chicken.,Chicken,,116.04,12.01,8.18,10.48,1.29,0.7,4942.18,64.72,1.99,2.14,12.77,"Chicken, Refined Flour (Maida), Sugar, Butter, Egg, Baking Powder, Milk","Chicken (Guru, Ushna, builds strength); Refined Flour (Maida) (Guru, heavier to digest, best in moderation); Sugar (Guru, Madhura, builds Ojas but heavy for Kapha); Butter (Snigdha, unctuous, balances Vata); Egg (Guru, Ushna, builds strength, use moderately for Pitta); Baking Powder (Neutral, leavening agent); Milk (Guru, Shita, cooling and building, balances Pitta)"
Minced meat pie,Continental/Global Cuisine,Bakery (Cake/Pastry),Non-Veg,A non-vegetarian bakery.,Minced Meat,,221.55,7.38,18.11,13.04,1.42,2.33,127.85,18.14,1.07,37.52,69.49,"Minced Meat, Refined Flour (Maida), Sugar, Butter, Egg, Baking Powder, Milk","Minced Meat (Balances doshas when eaten fresh and in moderation); Refined Flour (Maida) (Guru, heavier to digest, best in moderation); Sugar (Guru, Madhura, builds Ojas but heavy for Kapha); Butter (Snigdha, unctuous, balances Vata); Egg (Guru, Ushna, builds strength, use moderately for Pitta); Baking Powder (Neutral, leavening agent); Milk (Guru, Shita, cooling and building, balances Pitta)"
Minestrone soup,Continental/Global Cuisine,Soup,Veg,A vegetarian soup.,Mixed Vegetables,,42.66,9.3,3.71,11.09,1.01,1.92,8875.06,53.55,1.82,19.43,23.24,"Mixed Vegetables, Stock/Water, Onion, Salt, Pepper, Butter/Oil","Mixed Vegetables (Balances doshas when eaten fresh and in moderation); Stock/Water (Guru, Ushna, deeply nourishing); Onion (Ushna, stimulates Agni, balances Kapha and Vata); Salt (Ushna, enhances taste, balances electrolytes); Pepper (Ushna, heating, clears Kapha); Butter/Oil (Snigdha, unctuous, balances Vata)"
Mint and peanut sandwich,Continental/Global Cuisine,Sandwich/Burger,Veg,A vegetarian sandwich/burger typically made with peanut.,Peanut,,273.59,7.18,31.83,13.88,2.78,3.67,453.3,114.99,1.7,1.75,15.62,"Peanut, Bread, Butter, Salt, Pepper","Peanut (Guru, Ushna, energy dense); Bread (Balances doshas when eaten fresh and in moderation); Butter (Snigdha, unctuous, balances Vata); Salt (Ushna, enhances taste, balances electrolytes); Pepper (Ushna, heating, clears Kapha)"
Mixed pulse and vegetable salad,Continental/Global Cuisine,Salad,Veg,A vegetarian salad.,"Mixed Lentils, Mixed Vegetables",,83.12,4.74,13.96,0.84,1.36,2.96,127.78,51.63,2.13,23.82,105.59,"Mixed Lentils, Mixed Vegetables, Salt, Pepper, Lemon Juice, Oil/Dressing","Mixed Lentils (Laghu, protein-rich, balances Kapha); Mixed Vegetables (Balances doshas when eaten fresh and in moderation); Salt (Ushna, enhances taste, balances electrolytes); Pepper (Ushna, heating, clears Kapha); Lemon Juice (Amla, alkalising, stimulates Agni); Oil/Dressing (Snigdha, unctuous, balances Vata)"
Mixed vegetable salad with curd sauce,Continental/Global Cuisine,Salad,Veg,A vegetarian salad typically made with curd/yogurt.,Curd/Yogurt,,60.28,4.23,7.03,1.5,2.16,3.79,116.66,65.51,1.35,37.73,86.34,"Curd/Yogurt, Salt, Pepper, Lemon Juice, Oil/Dressing","Curd/Yogurt (Amla, Guru, sour and cooling in moderation); Salt (Ushna, enhances taste, balances electrolytes); Pepper (Ushna, heating, clears Kapha); Lemon Juice (Amla, alkalising, stimulates Agni); Oil/Dressing (Snigdha, unctuous, balances Vata)"
Mixed vegetable soup,Continental/Global Cuisine,Soup,Veg,A vegetarian soup.,Mixed Vegetables,,35.71,8.22,2.95,11.66,1.64,1.64,9202.27,50.69,1.74,20.06,31.61,"Mixed Vegetables, Stock/Water, Onion, Salt, Pepper, Butter/Oil","Mixed Vegetables (Balances doshas when eaten fresh and in moderation); Stock/Water (Guru, Ushna, deeply nourishing); Onion (Ushna, stimulates Agni, balances Kapha and Vata); Salt (Ushna, enhances taste, balances electrolytes); Pepper (Ushna, heating, clears Kapha); Butter/Oil (Snigdha, unctuous, balances Vata)"
Mulligatawny soup,Continental/Global Cuisine,Soup,Veg,A vegetarian soup.,Lentils,,54.42,11.26,8.24,13.28,1.26,2.6,11602.5,43.89,2.65,8.37,27.88,"Lentils, Stock/Water, Onion, Salt, Pepper, Butter/Oil","Lentils (Laghu, protein-rich, balances Kapha); Stock/Water (Guru, Ushna, deeply nourishing); Onion (Ushna, stimulates Agni, balances Kapha and Vata); Salt (Ushna, enhances taste, balances electrolytes); Pepper (Ushna, heating, clears Kapha); Butter/Oil (Snigdha, unctuous, balances Vata)"
Mushroom and cheese sandwich (toasted),Continental/Global Cuisine,Sandwich/Burger,Veg,"A vegetarian sandwich/burger typically made with mushroom, cheese.","Mushroom, Cheese",,227.42,7.79,21.01,13.01,2.11,2.28,456.57,172.35,0.84,0.0,12.7,"Mushroom, Cheese, Bread, Butter, Salt, Pepper","Mushroom (Balances doshas when eaten fresh and in moderation); Cheese (Balances doshas when eaten fresh and in moderation); Bread (Balances doshas when eaten fresh and in moderation); Butter (Snigdha, unctuous, balances Vata); Salt (Ushna, enhances taste, balances electrolytes); Pepper (Ushna, heating, clears Kapha)"
Mushroom sauce,Continental/Global Cuisine,Sauce/Condiment,Veg,A vegetarian sauce/condiment typically made with mushroom.,Mushroom,,137.56,3.39,7.31,10.51,3.86,0.47,20.94,94.1,0.22,,,"Mushroom, Butter, Refined Flour (Maida), Salt, Pepper, Oil/Butter","Mushroom (Balances doshas when eaten fresh and in moderation); Butter (Snigdha, unctuous, balances Vata); Refined Flour (Maida) (Guru, heavier to digest, best in moderation); Salt (Ushna, enhances taste, balances electrolytes); Pepper (Ushna, heating, clears Kapha); Oil/Butter (Snigdha, unctuous, balances Vata)"
Mustard sauce,Continental/Global Cuisine,Sauce/Condiment,Veg,A vegetarian sauce/condiment typically made with mustard.,Mustard,,158.58,3.98,8.29,12.17,4.22,0.13,22.16,109.03,0.44,,,"Mustard, Butter, Refined Flour (Maida), Salt, Pepper, Oil/Butter","Mustard (Balances doshas when eaten fresh and in moderation); Butter (Snigdha, unctuous, balances Vata); Refined Flour (Maida) (Guru, heavier to digest, best in moderation); Salt (Ushna, enhances taste, balances electrolytes); Pepper (Ushna, heating, clears Kapha); Oil/Butter (Snigdha, unctuous, balances Vata)"
Olive biscuit,Continental/Global Cuisine,Bakery (Cookie/Biscuit),Veg,A vegetarian bakery.,Olive,,438.29,3.2,55.01,23.75,32.27,0.82,120.1,10.76,1.37,0.0,2.28,"Olive, Refined Flour (Maida), Butter, Sugar, Baking Powder, Egg","Olive (Balances doshas when eaten fresh and in moderation); Refined Flour (Maida) (Guru, heavier to digest, best in moderation); Butter (Snigdha, unctuous, balances Vata); Sugar (Guru, Madhura, builds Ojas but heavy for Kapha); Baking Powder (Neutral, leavening agent); Egg (Guru, Ushna, builds strength, use moderately for Pitta)"
Orange biscuit,Continental/Global Cuisine,Bakery (Cookie/Biscuit),Veg,A vegetarian bakery typically made with orange.,Orange,,354.78,3.63,62.11,11.01,42.63,0.75,259.14,20.35,0.77,1.36,5.1,"Orange, Refined Flour (Maida), Butter, Sugar, Baking Powder, Egg","Orange (Balances doshas when eaten fresh and in moderation); Refined Flour (Maida) (Guru, heavier to digest, best in moderation); Butter (Snigdha, unctuous, balances Vata); Sugar (Guru, Madhura, builds Ojas but heavy for Kapha); Baking Powder (Neutral, leavening agent); Egg (Guru, Ushna, builds strength, use moderately for Pitta)"
Orange cake,Continental/Global Cuisine,Bakery (Cake/Pastry),Veg,A vegetarian bakery typically made with orange.,Orange,,357.61,6.1,48.28,16.21,28.38,0.83,105.41,29.72,1.06,1.88,9.25,"Orange, Refined Flour (Maida), Sugar, Butter, Egg, Baking Powder, Milk","Orange (Balances doshas when eaten fresh and in moderation); Refined Flour (Maida) (Guru, heavier to digest, best in moderation); Sugar (Guru, Madhura, builds Ojas but heavy for Kapha); Butter (Snigdha, unctuous, balances Vata); Egg (Guru, Ushna, builds strength, use moderately for Pitta); Baking Powder (Neutral, leavening agent); Milk (Guru, Shita, cooling and building, balances Pitta)"
Orange chiffon pie,Continental/Global Cuisine,Bakery (Cake/Pastry),Veg,A vegetarian bakery typically made with orange.,Orange,,207.57,3.89,23.14,11.16,10.46,0.7,73.23,30.34,0.62,84.88,91.24,"Orange, Refined Flour (Maida), Sugar, Butter, Egg, Baking Powder, Milk","Orange (Balances doshas when eaten fresh and in moderation); Refined Flour (Maida) (Guru, heavier to digest, best in moderation); Sugar (Guru, Madhura, builds Ojas but heavy for Kapha); Butter (Snigdha, unctuous, balances Vata); Egg (Guru, Ushna, builds strength, use moderately for Pitta); Baking Powder (Neutral, leavening agent); Milk (Guru, Shita, cooling and building, balances Pitta)"
Orange cream tart,Continental/Global Cuisine,Bakery (Cake/Pastry),Veg,"A vegetarian bakery typically made with orange, cream.","Orange, Cream",,197.16,2.58,27.43,8.72,10.08,0.64,36.85,13.84,0.58,19.6,13.7,"Orange, Cream, Refined Flour (Maida), Sugar, Butter, Egg, Baking Powder, Milk","Orange (Balances doshas when eaten fresh and in moderation); Cream (Guru, Snigdha, heavy and nourishing); Refined Flour (Maida) (Guru, heavier to digest, best in moderation); Sugar (Guru, Madhura, builds Ojas but heavy for Kapha); Butter (Snigdha, unctuous, balances Vata); Egg (Guru, Ushna, builds strength, use moderately for Pitta); Baking Powder (Neutral, leavening agent); Milk (Guru, Shita, cooling and building, balances Pitta)"
Orange eggless cake,Continental/Global Cuisine,Bakery (Cake/Pastry),Veg,"A vegetarian bakery typically made with orange, egg.","Orange, Curd (egg substitute)",,355.62,7.16,52.65,13.82,37.87,0.56,226.28,205.84,0.52,3.47,13.72,"Orange, Curd (egg substitute), Refined Flour (Maida), Sugar, Butter, Baking Powder, Milk","Orange (Balances doshas when eaten fresh and in moderation); Curd (egg substitute) (Amla, Guru, sour and cooling in moderation); Refined Flour (Maida) (Guru, heavier to digest, best in moderation); Sugar (Guru, Madhura, builds Ojas but heavy for Kapha); Butter (Snigdha, unctuous, balances Vata); Baking Powder (Neutral, leavening agent); Milk (Guru, Shita, cooling and building, balances Pitta)"
Orange milkshake (Narangi milkshake),Continental/Global Cuisine,Beverage (Milkshake/Smoothie),Veg,"A vegetarian beverage typically made with orange, milk.","Orange, Milk",,57.42,1.86,7.11,2.52,7.08,0.0,14.63,67.42,0.11,10.82,16.85,"Orange, Milk, Sugar, Ice, Water","Orange (Balances doshas when eaten fresh and in moderation); Milk (Guru, Shita, cooling and building, balances Pitta); Sugar (Guru, Madhura, builds Ojas but heavy for Kapha); Ice (Balances doshas when eaten fresh and in moderation); Water (Balances doshas when eaten fresh and in moderation)"
Orange milkshake with ice cream (Narangi milkshake ice cream ke saath),Continental/Global Cuisine,Beverage (Milkshake/Smoothie),Veg,"A vegetarian beverage typically made with orange, milk, cream.","Orange, Milk, Cream",,67.82,1.95,9.15,2.75,9.0,0.16,16.65,69.8,0.19,20.86,21.34,"Orange, Milk, Cream, Sugar, Ice, Water","Orange (Balances doshas when eaten fresh and in moderation); Milk (Guru, Shita, cooling and building, balances Pitta); Cream (Guru, Snigdha, heavy and nourishing); Sugar (Guru, Madhura, builds Ojas but heavy for Kapha); Ice (Balances doshas when eaten fresh and in moderation); Water (Balances doshas when eaten fresh and in moderation)"
Orange omelette/omlet,Continental/Global Cuisine,Breakfast (Omelette/Egg),Egg (Ovo-Veg),A egg-based breakfast typically made with orange.,Orange,,194.66,8.93,1.68,16.84,1.68,0.0,340.92,37.33,1.26,7.2,28.86,"Orange, Egg, Onion, Green Chilli, Salt, Oil","Orange (Balances doshas when eaten fresh and in moderation); Egg (Guru, Ushna, builds strength, use moderately for Pitta); Onion (Ushna, stimulates Agni, balances Kapha and Vata); Green Chilli (Ushna, use sparingly for Pitta); Salt (Ushna, enhances taste, balances electrolytes); Oil (Snigdha, unctuous, balances Vata)"
Pancake,Continental/Global Cuisine,Breakfast/Tiffin (Pancake),Veg,A vegetarian breakfast/tiffin.,Wheat Flour,,203.36,5.68,20.49,10.82,3.32,0.65,143.7,79.49,0.69,0.5,5.43,"Wheat Flour, Refined Flour (Maida), Sugar, Butter, Egg, Baking Powder, Milk","Wheat Flour (Guru, nourishing, grounds Vata); Refined Flour (Maida) (Guru, heavier to digest, best in moderation); Sugar (Guru, Madhura, builds Ojas but heavy for Kapha); Butter (Snigdha, unctuous, balances Vata); Egg (Guru, Ushna, builds strength, use moderately for Pitta); Baking Powder (Neutral, leavening agent); Milk (Guru, Shita, cooling and building, balances Pitta)"
Paneer cutlet,Continental/Global Cuisine,Snack (Fried),Veg,A vegetarian snack typically made with paneer.,Paneer,,672.2,4.59,7.62,69.38,2.52,0.39,91.45,107.86,0.48,1.81,38.34,"Paneer, Gram Flour (Besan)/Refined Flour, Oil (for frying), Spices, Salt","Paneer (Guru, Snigdha, cooling and nourishing); Gram Flour (Besan)/Refined Flour (Guru, heavier to digest, best in moderation); Oil (for frying) (Snigdha, unctuous, balances Vata); Spices (Balances doshas when eaten fresh and in moderation); Salt (Ushna, enhances taste, balances electrolytes)"
Paneer in butter sauce,Continental/Global Cuisine,Sauce/Condiment,Veg,"A vegetarian sauce/condiment typically made with paneer, butter.","Paneer, Butter",,145.61,6.99,9.7,8.81,7.49,1.5,151.45,170.59,0.85,18.02,64.79,"Paneer, Butter, Refined Flour (Maida), Salt, Pepper, Oil/Butter","Paneer (Guru, Snigdha, cooling and nourishing); Butter (Snigdha, unctuous, balances Vata); Refined Flour (Maida) (Guru, heavier to digest, best in moderation); Salt (Ushna, enhances taste, balances electrolytes); Pepper (Ushna, heating, clears Kapha); Oil/Butter (Snigdha, unctuous, balances Vata)"
Paneer pea sandwich (toasted) (Paneer matar ka sandwich),Continental/Global Cuisine,Sandwich/Burger,Veg,"A vegetarian sandwich/burger typically made with green peas, paneer.","Green Peas, Paneer",,249.56,12.4,24.05,11.98,6.4,2.12,268.9,274.1,1.26,4.85,52.13,"Green Peas, Paneer, Bread, Butter, Salt, Pepper","Green Peas (Balances doshas when eaten fresh and in moderation); Paneer (Guru, Snigdha, cooling and nourishing); Bread (Balances doshas when eaten fresh and in moderation); Butter (Snigdha, unctuous, balances Vata); Salt (Ushna, enhances taste, balances electrolytes); Pepper (Ushna, heating, clears Kapha)"
Paneer potato cutlet (Paneer aloo cutlet),Continental/Global Cuisine,Snack (Fried),Veg,"A vegetarian snack typically made with potato, paneer.","Potato, Paneer",,672.94,2.47,5.23,71.4,1.02,0.41,85.71,45.36,0.38,11.61,41.52,"Potato, Paneer, Gram Flour (Besan)/Refined Flour, Oil (for frying), Spices, Salt","Potato (Guru, Vata aggravating in excess); Paneer (Guru, Snigdha, cooling and nourishing); Gram Flour (Besan)/Refined Flour (Guru, heavier to digest, best in moderation); Oil (for frying) (Snigdha, unctuous, balances Vata); Spices (Balances doshas when eaten fresh and in moderation); Salt (Ushna, enhances taste, balances electrolytes)"
Paneer soup,Continental/Global Cuisine,Soup,Veg,A vegetarian soup typically made with paneer.,Paneer,,47.85,3.22,2.42,2.8,1.98,0.28,68.03,82.76,0.3,7.59,106.5,"Paneer, Stock/Water, Onion, Salt, Pepper, Butter/Oil","Paneer (Guru, Snigdha, cooling and nourishing); Stock/Water (Guru, Ushna, deeply nourishing); Onion (Ushna, stimulates Agni, balances Kapha and Vata); Salt (Ushna, enhances taste, balances electrolytes); Pepper (Ushna, heating, clears Kapha); Butter/Oil (Snigdha, unctuous, balances Vata)"
"Paneer, apple and pineapple salad",Continental/Global Cuisine,Salad,Veg,"A vegetarian salad typically made with apple, pineapple, paneer.","Apple, Pineapple, Paneer",,95.08,3.88,8.35,5.07,6.36,1.65,176.63,103.05,0.84,25.3,67.13,"Apple, Pineapple, Paneer, Salt, Pepper, Lemon Juice, Oil/Dressing","Apple (Laghu, Shita, cooling and light); Pineapple (Laghu, Shita, cooling and light); Paneer (Guru, Snigdha, cooling and nourishing); Salt (Ushna, enhances taste, balances electrolytes); Pepper (Ushna, heating, clears Kapha); Lemon Juice (Amla, alkalising, stimulates Agni); Oil/Dressing (Snigdha, unctuous, balances Vata)"
Pasta cheese sauce,Continental/Global Cuisine,Sauce/Condiment,Veg,"A vegetarian sauce/condiment typically made with cheese, pasta.","Cheese, Pasta",,149.26,4.33,9.0,10.84,4.22,0.14,255.95,152.68,0.25,,,"Cheese, Pasta, Butter, Refined Flour (Maida), Salt, Pepper, Oil/Butter","Cheese (Balances doshas when eaten fresh and in moderation); Pasta (Balances doshas when eaten fresh and in moderation); Butter (Snigdha, unctuous, balances Vata); Refined Flour (Maida) (Guru, heavier to digest, best in moderation); Salt (Ushna, enhances taste, balances electrolytes); Pepper (Ushna, heating, clears Kapha); Oil/Butter (Snigdha, unctuous, balances Vata)"
Pasta hot pot,Continental/Global Cuisine,Continental/Fusion Main,Veg,A vegetarian continental/fusion main typically made with pasta.,Pasta,,125.17,5.84,11.6,6.47,5.99,0.8,231.17,55.28,0.82,58.74,111.3,"Pasta, Onion, Garlic, Olive Oil, Salt, Pepper, Mixed Herbs","Pasta (Balances doshas when eaten fresh and in moderation); Onion (Ushna, stimulates Agni, balances Kapha and Vata); Garlic (Ushna, heating, balances Vata and Kapha); Olive Oil (Snigdha, unctuous, balances Vata); Salt (Ushna, enhances taste, balances electrolytes); Pepper (Ushna, heating, clears Kapha); Mixed Herbs (Balances doshas when eaten fresh and in moderation)"
Pasta salad,Continental/Global Cuisine,Salad,Veg,A vegetarian salad typically made with pasta.,Pasta,,190.36,4.15,12.7,13.92,2.6,0.96,152.31,66.74,0.81,38.78,56.54,"Pasta, Salt, Pepper, Lemon Juice, Oil/Dressing","Pasta (Balances doshas when eaten fresh and in moderation); Salt (Ushna, enhances taste, balances electrolytes); Pepper (Ushna, heating, clears Kapha); Lemon Juice (Amla, alkalising, stimulates Agni); Oil/Dressing (Snigdha, unctuous, balances Vata)"
Pasta spinach sauce,Continental/Global Cuisine,Sauce/Condiment,Veg,"A vegetarian sauce/condiment typically made with spinach, pasta.","Spinach, Pasta",,85.46,1.76,1.76,7.9,1.04,0.86,115.79,58.57,1.23,,,"Spinach, Pasta, Butter, Refined Flour (Maida), Salt, Pepper, Oil/Butter","Spinach (Laghu, cooling, iron-rich); Pasta (Balances doshas when eaten fresh and in moderation); Butter (Snigdha, unctuous, balances Vata); Refined Flour (Maida) (Guru, heavier to digest, best in moderation); Salt (Ushna, enhances taste, balances electrolytes); Pepper (Ushna, heating, clears Kapha); Oil/Butter (Snigdha, unctuous, balances Vata)"
Pea keema sandwich (toasted) (Matar aur keema ka sandwich),Continental/Global Cuisine,Sandwich/Burger,Non-Veg,"A non-vegetarian sandwich/burger typically made with green peas, minced meat.","Green Peas, Minced Meat",,171.78,11.06,20.26,5.61,1.94,2.45,290.07,70.79,1.51,5.5,18.29,"Green Peas, Minced Meat, Bread, Butter, Salt, Pepper","Green Peas (Balances doshas when eaten fresh and in moderation); Minced Meat (Balances doshas when eaten fresh and in moderation); Bread (Balances doshas when eaten fresh and in moderation); Butter (Snigdha, unctuous, balances Vata); Salt (Ushna, enhances taste, balances electrolytes); Pepper (Ushna, heating, clears Kapha)"
Pea potato sandwich (toasted) (Matar aloo ka sandwich),Continental/Global Cuisine,Sandwich/Burger,Veg,"A vegetarian sandwich/burger typically made with potato, green peas.","Potato, Green Peas",,164.9,4.6,25.17,5.43,1.33,2.89,262.63,64.15,1.11,14.11,21.01,"Potato, Green Peas, Bread, Butter, Salt, Pepper","Potato (Guru, Vata aggravating in excess); Green Peas (Balances doshas when eaten fresh and in moderation); Bread (Balances doshas when eaten fresh and in moderation); Butter (Snigdha, unctuous, balances Vata); Salt (Ushna, enhances taste, balances electrolytes); Pepper (Ushna, heating, clears Kapha)"
Peach melba ice cream,Continental/Global Cuisine,Dessert (Ice Cream),Veg,A vegetarian dessert typically made with cream.,Cream,,200.85,2.06,16.31,14.51,13.35,0.06,17.92,60.55,0.11,2.99,11.79,"Cream, Milk, Fresh Cream, Sugar","Cream (Guru, Snigdha, heavy and nourishing); Milk (Guru, Shita, cooling and building, balances Pitta); Fresh Cream (Guru, Snigdha, heavy and nourishing); Sugar (Guru, Madhura, builds Ojas but heavy for Kapha)"
Peanut and tomato sandwich (Moongfali aur tamatar ka sandwich),Continental/Global Cuisine,Sandwich/Burger,Veg,"A vegetarian sandwich/burger typically made with tomato, green peas, peanut.","Tomato, Green Peas, Peanut",,291.43,9.53,28.54,16.14,2.82,4.03,364.99,94.03,1.58,3.16,22.04,"Tomato, Green Peas, Peanut, Bread, Butter, Salt, Pepper","Tomato (Amla, sour, stimulates digestion, use sparingly for Pitta); Green Peas (Balances doshas when eaten fresh and in moderation); Peanut (Guru, Ushna, energy dense); Bread (Balances doshas when eaten fresh and in moderation); Butter (Snigdha, unctuous, balances Vata); Salt (Ushna, enhances taste, balances electrolytes); Pepper (Ushna, heating, clears Kapha)"
Peanut biscuit,Continental/Global Cuisine,Bakery (Cookie/Biscuit),Veg,A vegetarian bakery typically made with peanut.,Peanut,,401.05,8.45,46.72,20.41,21.26,2.48,202.26,50.58,1.34,0.03,4.23,"Peanut, Refined Flour (Maida), Butter, Sugar, Baking Powder, Egg","Peanut (Guru, Ushna, energy dense); Refined Flour (Maida) (Guru, heavier to digest, best in moderation); Butter (Snigdha, unctuous, balances Vata); Sugar (Guru, Madhura, builds Ojas but heavy for Kapha); Baking Powder (Neutral, leavening agent); Egg (Guru, Ushna, builds strength, use moderately for Pitta)"
Peanut butter cucumber sandwich,Continental/Global Cuisine,Sandwich/Burger,Veg,"A vegetarian sandwich/burger typically made with butter, peanut.","Butter, Peanut",,243.33,9.04,29.76,10.56,2.91,3.35,460.09,95.35,1.32,0.92,16.53,"Butter, Peanut, Bread, Salt, Pepper","Butter (Snigdha, unctuous, balances Vata); Peanut (Guru, Ushna, energy dense); Bread (Balances doshas when eaten fresh and in moderation); Salt (Ushna, enhances taste, balances electrolytes); Pepper (Ushna, heating, clears Kapha)"
Peanut cutlet (Mungfali ke cutlet),Continental/Global Cuisine,Snack (Fried),Veg,A vegetarian snack typically made with peanut.,Peanut,,698.77,2.63,5.68,74.0,0.51,1.21,84.24,14.38,0.56,12.63,38.52,"Peanut, Gram Flour (Besan)/Refined Flour, Oil (for frying), Spices, Salt","Peanut (Guru, Ushna, energy dense); Gram Flour (Besan)/Refined Flour (Guru, heavier to digest, best in moderation); Oil (for frying) (Snigdha, unctuous, balances Vata); Spices (Balances doshas when eaten fresh and in moderation); Salt (Ushna, enhances taste, balances electrolytes)"
Pin wheel biscuit,Continental/Global Cuisine,Bakery (Cookie/Biscuit),Veg,A vegetarian bakery.,Butter,,404.6,5.4,54.56,18.66,23.25,1.16,131.73,42.7,1.13,0.05,1.72,"Butter, Refined Flour (Maida), Sugar, Baking Powder, Egg","Butter (Snigdha, unctuous, balances Vata); Refined Flour (Maida) (Guru, heavier to digest, best in moderation); Sugar (Guru, Madhura, builds Ojas but heavy for Kapha); Baking Powder (Neutral, leavening agent); Egg (Guru, Ushna, builds strength, use moderately for Pitta)"
Pin wheel sandwich,Continental/Global Cuisine,Sandwich/Burger,Veg,A vegetarian sandwich/burger.,Bread,,311.52,8.77,14.0,24.93,1.45,0.93,374.39,67.75,1.36,0.0,9.04,"Bread, Butter, Salt, Pepper","Bread (Balances doshas when eaten fresh and in moderation); Butter (Snigdha, unctuous, balances Vata); Salt (Ushna, enhances taste, balances electrolytes); Pepper (Ushna, heating, clears Kapha)"
Pineapple cake,Continental/Global Cuisine,Bakery (Cake/Pastry),Veg,A vegetarian bakery typically made with pineapple.,Pineapple,,195.57,5.01,23.51,9.34,16.16,0.76,37.47,49.06,0.64,27.35,80.64,"Pineapple, Refined Flour (Maida), Sugar, Butter, Egg, Baking Powder, Milk","Pineapple (Laghu, Shita, cooling and light); Refined Flour (Maida) (Guru, heavier to digest, best in moderation); Sugar (Guru, Madhura, builds Ojas but heavy for Kapha); Butter (Snigdha, unctuous, balances Vata); Egg (Guru, Ushna, builds strength, use moderately for Pitta); Baking Powder (Neutral, leavening agent); Milk (Guru, Shita, cooling and building, balances Pitta)"
Pineapple milkshake (Ananas milkshake),Continental/Global Cuisine,Beverage (Milkshake/Smoothie),Veg,"A vegetarian beverage typically made with pineapple, milk.","Pineapple, Milk",,55.72,1.66,7.62,2.23,7.6,0.0,14.05,59.92,0.11,10.22,17.45,"Pineapple, Milk, Sugar, Ice, Water","Pineapple (Laghu, Shita, cooling and light); Milk (Guru, Shita, cooling and building, balances Pitta); Sugar (Guru, Madhura, builds Ojas but heavy for Kapha); Ice (Balances doshas when eaten fresh and in moderation); Water (Balances doshas when eaten fresh and in moderation)"
Pineapple milkshake with ice cream (Ananas milkshake ice cream ke saath),Continental/Global Cuisine,Beverage (Milkshake/Smoothie),Veg,"A vegetarian beverage typically made with pineapple, milk, cream.","Pineapple, Milk, Cream",,68.49,1.93,9.33,2.75,9.2,0.42,16.65,68.78,0.12,18.32,20.84,"Pineapple, Milk, Cream, Sugar, Ice, Water","Pineapple (Laghu, Shita, cooling and light); Milk (Guru, Shita, cooling and building, balances Pitta); Cream (Guru, Snigdha, heavy and nourishing); Sugar (Guru, Madhura, builds Ojas but heavy for Kapha); Ice (Balances doshas when eaten fresh and in moderation); Water (Balances doshas when eaten fresh and in moderation)"
Pineapple tart,Continental/Global Cuisine,Bakery (Cake/Pastry),Veg,A vegetarian bakery typically made with pineapple.,Pineapple,,195.4,2.29,28.62,8.21,11.09,0.87,37.88,12.02,0.5,6.85,6.84,"Pineapple, Refined Flour (Maida), Sugar, Butter, Egg, Baking Powder, Milk","Pineapple (Laghu, Shita, cooling and light); Refined Flour (Maida) (Guru, heavier to digest, best in moderation); Sugar (Guru, Madhura, builds Ojas but heavy for Kapha); Butter (Snigdha, unctuous, balances Vata); Egg (Guru, Ushna, builds strength, use moderately for Pitta); Baking Powder (Neutral, leavening agent); Milk (Guru, Shita, cooling and building, balances Pitta)"
Pizza,Continental/Global Cuisine,Continental/Fusion Main,Veg,A vegetarian continental/fusion main.,Wheat Flour,,146.77,6.85,9.94,8.72,1.38,1.71,225.02,77.23,0.66,42.9,87.58,"Wheat Flour, Onion, Garlic, Olive Oil, Salt, Pepper, Mixed Herbs","Wheat Flour (Guru, nourishing, grounds Vata); Onion (Ushna, stimulates Agni, balances Kapha and Vata); Garlic (Ushna, heating, balances Vata and Kapha); Olive Oil (Snigdha, unctuous, balances Vata); Salt (Ushna, enhances taste, balances electrolytes); Pepper (Ushna, heating, clears Kapha); Mixed Herbs (Balances doshas when eaten fresh and in moderation)"
Plain cream cake,Continental/Global Cuisine,Bakery (Cake/Pastry),Veg,A vegetarian bakery typically made with cream.,Cream,,353.94,6.18,47.18,16.17,27.74,0.71,174.0,41.95,1.02,0.08,8.66,"Cream, Refined Flour (Maida), Sugar, Butter, Egg, Baking Powder, Milk","Cream (Guru, Snigdha, heavy and nourishing); Refined Flour (Maida) (Guru, heavier to digest, best in moderation); Sugar (Guru, Madhura, builds Ojas but heavy for Kapha); Butter (Snigdha, unctuous, balances Vata); Egg (Guru, Ushna, builds strength, use moderately for Pitta); Baking Powder (Neutral, leavening agent); Milk (Guru, Shita, cooling and building, balances Pitta)"
Plain omelette/omlet,Continental/Global Cuisine,Breakfast (Omelette/Egg),Egg (Ovo-Veg),A egg-based breakfast.,Egg,,272.41,9.66,0.64,25.74,0.51,0.12,226.18,48.4,1.35,0.3,50.48,"Egg, Onion, Green Chilli, Salt, Oil","Egg (Guru, Ushna, builds strength, use moderately for Pitta); Onion (Ushna, stimulates Agni, balances Kapha and Vata); Green Chilli (Ushna, use sparingly for Pitta); Salt (Ushna, enhances taste, balances electrolytes); Oil (Snigdha, unctuous, balances Vata)"
Poshtik cutlet,Continental/Global Cuisine,Snack (Fried),Veg,A vegetarian snack.,Mixed Vegetables,,496.45,2.0,7.39,50.94,0.32,1.35,57.11,14.94,0.69,16.42,43.66,"Mixed Vegetables, Gram Flour (Besan)/Refined Flour, Oil (for frying), Spices, Salt","Mixed Vegetables (Balances doshas when eaten fresh and in moderation); Gram Flour (Besan)/Refined Flour (Guru, heavier to digest, best in moderation); Oil (for frying) (Snigdha, unctuous, balances Vata); Spices (Balances doshas when eaten fresh and in moderation); Salt (Ushna, enhances taste, balances electrolytes)"
Potato salad (Aloo ka salaad),Continental/Global Cuisine,Salad,Veg,A vegetarian salad typically made with potato.,Potato,,89.91,1.4,11.19,4.4,3.94,1.32,125.01,25.61,0.99,58.78,52.72,"Potato, Salt, Pepper, Lemon Juice, Oil/Dressing","Potato (Guru, Vata aggravating in excess); Salt (Ushna, enhances taste, balances electrolytes); Pepper (Ushna, heating, clears Kapha); Lemon Juice (Amla, alkalising, stimulates Agni); Oil/Dressing (Snigdha, unctuous, balances Vata)"
Prawn sandwich,Continental/Global Cuisine,Sandwich/Burger,Non-Veg,A non-vegetarian sandwich/burger typically made with prawn.,Prawn,,169.65,10.36,11.89,9.27,1.21,1.55,213.38,75.53,1.11,12.57,50.99,"Prawn, Bread, Butter, Salt, Pepper","Prawn (Balances doshas when eaten fresh and in moderation); Bread (Balances doshas when eaten fresh and in moderation); Butter (Snigdha, unctuous, balances Vata); Salt (Ushna, enhances taste, balances electrolytes); Pepper (Ushna, heating, clears Kapha)"
Puffy omelette/omlet,Continental/Global Cuisine,Breakfast (Omelette/Egg),Egg (Ovo-Veg),A egg-based breakfast.,Egg,,188.15,8.82,0.08,16.84,0.08,0.0,340.53,34.96,1.2,0.0,24.66,"Egg, Onion, Green Chilli, Salt, Oil","Egg (Guru, Ushna, builds strength, use moderately for Pitta); Onion (Ushna, stimulates Agni, balances Kapha and Vata); Green Chilli (Ushna, use sparingly for Pitta); Salt (Ushna, enhances taste, balances electrolytes); Oil (Snigdha, unctuous, balances Vata)"
Pumpkin cookies,Continental/Global Cuisine,Bakery (Cookie/Biscuit),Veg,A vegetarian bakery typically made with pumpkin.,Pumpkin,,218.4,2.51,44.69,3.93,31.62,1.06,51.49,19.36,0.52,1.26,7.8,"Pumpkin, Refined Flour (Maida), Butter, Sugar, Baking Powder, Egg","Pumpkin (Balances doshas when eaten fresh and in moderation); Refined Flour (Maida) (Guru, heavier to digest, best in moderation); Butter (Snigdha, unctuous, balances Vata); Sugar (Guru, Madhura, builds Ojas but heavy for Kapha); Baking Powder (Neutral, leavening agent); Egg (Guru, Ushna, builds strength, use moderately for Pitta)"
Pumpkin soup,Continental/Global Cuisine,Soup,Veg,A vegetarian soup typically made with pumpkin.,Pumpkin,,40.05,0.47,2.08,3.2,1.47,1.19,45.5,12.17,0.19,11.5,35.73,"Pumpkin, Stock/Water, Onion, Salt, Pepper, Butter/Oil","Pumpkin (Balances doshas when eaten fresh and in moderation); Stock/Water (Guru, Ushna, deeply nourishing); Onion (Ushna, stimulates Agni, balances Kapha and Vata); Salt (Ushna, enhances taste, balances electrolytes); Pepper (Ushna, heating, clears Kapha); Butter/Oil (Snigdha, unctuous, balances Vata)"
Rainbow sandwich,Continental/Global Cuisine,Sandwich/Burger,Veg,A vegetarian sandwich/burger.,Bread,,272.75,7.75,34.26,12.54,4.05,2.1,612.49,172.04,1.2,1.01,10.38,"Bread, Butter, Salt, Pepper","Bread (Balances doshas when eaten fresh and in moderation); Butter (Snigdha, unctuous, balances Vata); Salt (Ushna, enhances taste, balances electrolytes); Pepper (Ushna, heating, clears Kapha)"
Raspberry shortbread cookies,Continental/Global Cuisine,Bakery (Cookie/Biscuit),Veg,A vegetarian bakery.,Butter,,441.12,3.0,61.25,21.25,40.86,0.75,6.06,13.81,0.6,0.01,1.66,"Butter, Refined Flour (Maida), Sugar, Baking Powder, Egg","Butter (Snigdha, unctuous, balances Vata); Refined Flour (Maida) (Guru, heavier to digest, best in moderation); Sugar (Guru, Madhura, builds Ojas but heavy for Kapha); Baking Powder (Neutral, leavening agent); Egg (Guru, Ushna, builds strength, use moderately for Pitta)"
Ribbon sandwich,Continental/Global Cuisine,Sandwich/Burger,Veg,A vegetarian sandwich/burger.,Bread,,239.26,6.26,24.76,13.37,4.66,2.92,382.11,157.85,1.05,4.55,10.44,"Bread, Butter, Salt, Pepper","Bread (Balances doshas when eaten fresh and in moderation); Butter (Snigdha, unctuous, balances Vata); Salt (Ushna, enhances taste, balances electrolytes); Pepper (Ushna, heating, clears Kapha)"
Rich chocolate mousse,Continental/Global Cuisine,Dessert (Souffle/Custard/Pudding),Veg,A vegetarian dessert typically made with cocoa/chocolate.,Cocoa/Chocolate,,188.26,7.96,10.84,12.19,10.3,0.0,51.71,54.59,0.97,0.7,31.64,"Cocoa/Chocolate, Milk, Sugar, Egg, Cornflour","Cocoa/Chocolate (Guru, Ushna, stimulating); Milk (Guru, Shita, cooling and building, balances Pitta); Sugar (Guru, Madhura, builds Ojas but heavy for Kapha); Egg (Guru, Ushna, builds strength, use moderately for Pitta); Cornflour (Balances doshas when eaten fresh and in moderation)"
Rolled sandwich,Continental/Global Cuisine,Sandwich/Burger,Veg,A vegetarian sandwich/burger.,Bread,,293.07,6.45,34.69,15.29,2.7,2.07,321.57,117.68,1.23,0.91,5.61,"Bread, Butter, Salt, Pepper","Bread (Balances doshas when eaten fresh and in moderation); Butter (Snigdha, unctuous, balances Vata); Salt (Ushna, enhances taste, balances electrolytes); Pepper (Ushna, heating, clears Kapha)"
Russian salad,Continental/Global Cuisine,Salad,Veg,A vegetarian salad.,Mixed Vegetables,,114.83,4.26,6.5,7.84,1.66,2.57,101.09,34.92,1.23,49.56,104.32,"Mixed Vegetables, Salt, Pepper, Lemon Juice, Oil/Dressing","Mixed Vegetables (Balances doshas when eaten fresh and in moderation); Salt (Ushna, enhances taste, balances electrolytes); Pepper (Ushna, heating, clears Kapha); Lemon Juice (Amla, alkalising, stimulates Agni); Oil/Dressing (Snigdha, unctuous, balances Vata)"
Saffron biscuit (Kesar biscuit),Continental/Global Cuisine,Bakery (Cookie/Biscuit),Veg,A vegetarian bakery.,Saffron,,458.61,6.05,59.7,22.01,22.42,1.9,5.65,25.71,1.23,0.01,1.1,"Saffron, Refined Flour (Maida), Butter, Sugar, Baking Powder, Egg","Saffron (Ushna, uplifting, balances all doshas); Refined Flour (Maida) (Guru, heavier to digest, best in moderation); Butter (Snigdha, unctuous, balances Vata); Sugar (Guru, Madhura, builds Ojas but heavy for Kapha); Baking Powder (Neutral, leavening agent); Egg (Guru, Ushna, builds strength, use moderately for Pitta)"
Salami sandwich,Continental/Global Cuisine,Sandwich/Burger,Non-Veg,A non-vegetarian sandwich/burger.,Salami,,255.59,8.7,21.54,15.51,2.0,1.97,662.75,73.54,1.11,1.25,12.65,"Salami, Bread, Butter, Salt, Pepper","Salami (Balances doshas when eaten fresh and in moderation); Bread (Balances doshas when eaten fresh and in moderation); Butter (Snigdha, unctuous, balances Vata); Salt (Ushna, enhances taste, balances electrolytes); Pepper (Ushna, heating, clears Kapha)"
Semolina cake (Suji/Rava cake),Continental/Global Cuisine,Bakery (Cake/Pastry),Veg,"A vegetarian bakery typically made with semolina, beans.","Semolina, Beans",,374.14,6.58,31.32,25.18,18.86,5.37,91.36,128.28,1.36,0.94,9.42,"Semolina, Beans, Refined Flour (Maida), Sugar, Butter, Egg, Baking Powder, Milk","Semolina (Balances doshas when eaten fresh and in moderation); Beans (Balances doshas when eaten fresh and in moderation); Refined Flour (Maida) (Guru, heavier to digest, best in moderation); Sugar (Guru, Madhura, builds Ojas but heavy for Kapha); Butter (Snigdha, unctuous, balances Vata); Egg (Guru, Ushna, builds strength, use moderately for Pitta); Baking Powder (Neutral, leavening agent); Milk (Guru, Shita, cooling and building, balances Pitta)"
Sesame biscuit (Til ke biscuit),Continental/Global Cuisine,Bakery (Cookie/Biscuit),Veg,A vegetarian bakery.,Sesame Seeds,,424.03,8.27,53.65,19.34,29.73,6.83,182.26,298.06,5.73,0.0,5.46,"Sesame Seeds, Refined Flour (Maida), Butter, Sugar, Baking Powder, Egg","Sesame Seeds (Ushna, Snigdha, warming and nourishing); Refined Flour (Maida) (Guru, heavier to digest, best in moderation); Butter (Snigdha, unctuous, balances Vata); Sugar (Guru, Madhura, builds Ojas but heavy for Kapha); Baking Powder (Neutral, leavening agent); Egg (Guru, Ushna, builds strength, use moderately for Pitta)"
Sesame toast,Continental/Global Cuisine,Bakery (Bread),Veg,A vegetarian bakery.,Sesame Seeds,,495.19,1.9,11.15,49.38,1.46,1.32,128.78,43.44,0.72,6.92,8.87,"Sesame Seeds, Refined Flour (Maida), Yeast, Salt, Sugar, Water","Sesame Seeds (Ushna, Snigdha, warming and nourishing); Refined Flour (Maida) (Guru, heavier to digest, best in moderation); Yeast (Neutral, leavening agent); Salt (Ushna, enhances taste, balances electrolytes); Sugar (Guru, Madhura, builds Ojas but heavy for Kapha); Water (Balances doshas when eaten fresh and in moderation)"
Shepherd's pie (vegetarian),Continental/Global Cuisine,Bakery (Cake/Pastry),Veg,A vegetarian bakery.,Mixed Vegetables,,135.63,5.04,12.03,7.3,2.78,2.23,118.2,85.59,0.76,51.68,90.43,"Mixed Vegetables, Refined Flour (Maida), Sugar, Butter, Egg, Baking Powder, Milk","Mixed Vegetables (Balances doshas when eaten fresh and in moderation); Refined Flour (Maida) (Guru, heavier to digest, best in moderation); Sugar (Guru, Madhura, builds Ojas but heavy for Kapha); Butter (Snigdha, unctuous, balances Vata); Egg (Guru, Ushna, builds strength, use moderately for Pitta); Baking Powder (Neutral, leavening agent); Milk (Guru, Shita, cooling and building, balances Pitta)"
Shepherd's pie (with minced meat),Continental/Global Cuisine,Bakery (Cake/Pastry),Non-Veg,A non-vegetarian bakery.,Minced Meat,,142.78,7.45,8.06,8.88,1.7,1.05,197.25,21.3,0.84,19.35,21.04,"Minced Meat, Refined Flour (Maida), Sugar, Butter, Egg, Baking Powder, Milk","Minced Meat (Balances doshas when eaten fresh and in moderation); Refined Flour (Maida) (Guru, heavier to digest, best in moderation); Sugar (Guru, Madhura, builds Ojas but heavy for Kapha); Butter (Snigdha, unctuous, balances Vata); Egg (Guru, Ushna, builds strength, use moderately for Pitta); Baking Powder (Neutral, leavening agent); Milk (Guru, Shita, cooling and building, balances Pitta)"
Short bread cookies,Continental/Global Cuisine,Bakery (Cookie/Biscuit),Veg,A vegetarian bakery typically made with bread.,Bread,,443.09,6.03,64.82,17.98,23.31,1.57,145.0,15.92,1.12,0.0,1.62,"Bread, Refined Flour (Maida), Butter, Sugar, Baking Powder, Egg","Bread (Balances doshas when eaten fresh and in moderation); Refined Flour (Maida) (Guru, heavier to digest, best in moderation); Butter (Snigdha, unctuous, balances Vata); Sugar (Guru, Madhura, builds Ojas but heavy for Kapha); Baking Powder (Neutral, leavening agent); Egg (Guru, Ushna, builds strength, use moderately for Pitta)"
Soft Custard (stirred),Continental/Global Cuisine,Dessert (Souffle/Custard/Pudding),Veg,A vegetarian dessert.,Milk,,109.18,5.01,11.19,5.07,11.15,0.0,122.17,95.82,0.49,3.62,37.31,"Milk, Sugar, Egg, Cornflour","Milk (Guru, Shita, cooling and building, balances Pitta); Sugar (Guru, Madhura, builds Ojas but heavy for Kapha); Egg (Guru, Ushna, builds strength, use moderately for Pitta); Cornflour (Balances doshas when eaten fresh and in moderation)"
Sour cream potato salad,Continental/Global Cuisine,Salad,Veg,"A vegetarian salad typically made with potato, cream.","Potato, Cream",,121.9,2.89,9.05,8.13,0.84,1.21,102.66,23.25,0.9,37.28,52.99,"Potato, Cream, Salt, Pepper, Lemon Juice, Oil/Dressing","Potato (Guru, Vata aggravating in excess); Cream (Guru, Snigdha, heavy and nourishing); Salt (Ushna, enhances taste, balances electrolytes); Pepper (Ushna, heating, clears Kapha); Lemon Juice (Amla, alkalising, stimulates Agni); Oil/Dressing (Snigdha, unctuous, balances Vata)"
Spaghetti and cheese balls in tomato sauce,Continental/Global Cuisine,Sauce/Condiment,Veg,"A vegetarian sauce/condiment typically made with tomato, cheese, pasta.","Tomato, Cheese, Pasta",,508.32,2.41,7.82,52.08,1.83,0.59,104.14,40.59,0.32,57.67,115.96,"Tomato, Cheese, Pasta, Butter, Refined Flour (Maida), Salt, Pepper, Oil/Butter","Tomato (Amla, sour, stimulates digestion, use sparingly for Pitta); Cheese (Balances doshas when eaten fresh and in moderation); Pasta (Balances doshas when eaten fresh and in moderation); Butter (Snigdha, unctuous, balances Vata); Refined Flour (Maida) (Guru, heavier to digest, best in moderation); Salt (Ushna, enhances taste, balances electrolytes); Pepper (Ushna, heating, clears Kapha); Oil/Butter (Snigdha, unctuous, balances Vata)"
Spaghetti bolognese,Continental/Global Cuisine,Continental/Fusion Main,Veg,A vegetarian continental/fusion main typically made with pasta.,Pasta,,97.43,9.35,10.04,9.51,1.41,1.08,5358.6,73.66,2.06,27.89,37.77,"Pasta, Onion, Garlic, Olive Oil, Salt, Pepper, Mixed Herbs","Pasta (Balances doshas when eaten fresh and in moderation); Onion (Ushna, stimulates Agni, balances Kapha and Vata); Garlic (Ushna, heating, balances Vata and Kapha); Olive Oil (Snigdha, unctuous, balances Vata); Salt (Ushna, enhances taste, balances electrolytes); Pepper (Ushna, heating, clears Kapha); Mixed Herbs (Balances doshas when eaten fresh and in moderation)"
Spaghetti with meat balls and tomato sauce,Continental/Global Cuisine,Sauce/Condiment,Non-Veg,"A non-vegetarian sauce/condiment typically made with tomato, pasta.","Tomato, Pasta",,158.13,5.61,10.46,10.64,1.87,1.11,189.13,40.82,0.71,44.09,63.03,"Tomato, Pasta, Butter, Refined Flour (Maida), Salt, Pepper, Oil/Butter","Tomato (Amla, sour, stimulates digestion, use sparingly for Pitta); Pasta (Balances doshas when eaten fresh and in moderation); Butter (Snigdha, unctuous, balances Vata); Refined Flour (Maida) (Guru, heavier to digest, best in moderation); Salt (Ushna, enhances taste, balances electrolytes); Pepper (Ushna, heating, clears Kapha); Oil/Butter (Snigdha, unctuous, balances Vata)"
Spaghetti with paneer balls and tomato sauce,Continental/Global Cuisine,Sauce/Condiment,Veg,"A vegetarian sauce/condiment typically made with tomato, paneer, pasta.","Tomato, Paneer, Pasta",,158.54,3.95,12.72,10.44,3.03,1.25,199.55,80.73,0.55,44.09,98.36,"Tomato, Paneer, Pasta, Butter, Refined Flour (Maida), Salt, Pepper, Oil/Butter","Tomato (Amla, sour, stimulates digestion, use sparingly for Pitta); Paneer (Guru, Snigdha, cooling and nourishing); Pasta (Balances doshas when eaten fresh and in moderation); Butter (Snigdha, unctuous, balances Vata); Refined Flour (Maida) (Guru, heavier to digest, best in moderation); Salt (Ushna, enhances taste, balances electrolytes); Pepper (Ushna, heating, clears Kapha); Oil/Butter (Snigdha, unctuous, balances Vata)"
Spanish omelette/omlet,Continental/Global Cuisine,Breakfast (Omelette/Egg),Egg (Ovo-Veg),A egg-based breakfast.,Egg,,157.45,8.25,5.1,11.44,1.03,2.54,233.87,31.72,1.28,28.63,61.18,"Egg, Onion, Green Chilli, Salt, Oil","Egg (Guru, Ushna, builds strength, use moderately for Pitta); Onion (Ushna, stimulates Agni, balances Kapha and Vata); Green Chilli (Ushna, use sparingly for Pitta); Salt (Ushna, enhances taste, balances electrolytes); Oil (Snigdha, unctuous, balances Vata)"
Spanish rice,Continental/Global Cuisine,Rice Dish,Veg,A vegetarian rice dish typically made with rice.,Rice,,164.24,4.19,31.1,2.23,1.26,2.78,96.61,18.93,0.92,48.66,54.48,"Rice, Oil/Ghee, Whole Spices, Salt","Rice (Laghu, easy to digest, balances Kapha); Oil/Ghee (Snigdha, unctuous, balances Vata and nourishes tissues); Whole Spices (Ushna, kindles Agni, aids digestion); Salt (Ushna, enhances taste, balances electrolytes)"
Spicy chutney sandwich,Continental/Global Cuisine,Chutney/Condiment,Veg,A vegetarian chutney/condiment.,Bread,,249.58,8.74,34.03,9.58,3.96,3.73,315.4,154.53,1.51,0.21,23.71,"Bread, Green Chilli, Salt, Spices, Oil (tempering), Pepper, Oil/Butter","Bread (Balances doshas when eaten fresh and in moderation); Green Chilli (Ushna, use sparingly for Pitta); Salt (Ushna, enhances taste, balances electrolytes); Spices (Balances doshas when eaten fresh and in moderation); Oil (tempering) (Snigdha, unctuous, balances Vata); Pepper (Ushna, heating, clears Kapha); Oil/Butter (Snigdha, unctuous, balances Vata)"
Spinach chickpeas cutlet (Palak channa dal cutlet),Continental/Global Cuisine,Snack (Fried),Veg,"A vegetarian snack typically made with chickpeas, spinach.","Chickpeas, Spinach",,688.03,1.44,4.93,73.6,0.16,0.93,79.13,11.3,0.57,16.18,49.07,"Chickpeas, Spinach, Gram Flour (Besan)/Refined Flour, Oil (for frying), Spices, Salt","Chickpeas (Laghu, grounding, aids digestion); Spinach (Laghu, cooling, iron-rich); Gram Flour (Besan)/Refined Flour (Guru, heavier to digest, best in moderation); Oil (for frying) (Snigdha, unctuous, balances Vata); Spices (Balances doshas when eaten fresh and in moderation); Salt (Ushna, enhances taste, balances electrolytes)"
Spinach soup (Palak ka soup),Continental/Global Cuisine,Soup,Veg,A vegetarian soup typically made with spinach.,Spinach,,32.59,10.54,3.03,14.26,0.29,1.98,12088.21,56.23,2.68,30.99,150.94,"Spinach, Stock/Water, Onion, Salt, Pepper, Butter/Oil","Spinach (Laghu, cooling, iron-rich); Stock/Water (Guru, Ushna, deeply nourishing); Onion (Ushna, stimulates Agni, balances Kapha and Vata); Salt (Ushna, enhances taste, balances electrolytes); Pepper (Ushna, heating, clears Kapha); Butter/Oil (Snigdha, unctuous, balances Vata)"
Spinach soup in milk,Continental/Global Cuisine,Soup,Veg,"A vegetarian soup typically made with spinach, milk.","Spinach, Milk",,56.72,2.89,3.98,3.2,3.34,0.79,31.16,106.1,1.08,,,"Spinach, Milk, Stock/Water, Onion, Salt, Pepper, Butter/Oil","Spinach (Laghu, cooling, iron-rich); Milk (Guru, Shita, cooling and building, balances Pitta); Stock/Water (Guru, Ushna, deeply nourishing); Onion (Ushna, stimulates Agni, balances Kapha and Vata); Salt (Ushna, enhances taste, balances electrolytes); Pepper (Ushna, heating, clears Kapha); Butter/Oil (Snigdha, unctuous, balances Vata)"
Sponge cake,Continental/Global Cuisine,Bakery (Cake/Pastry),Veg,A vegetarian bakery.,Wheat Flour,,253.77,9.18,44.63,4.74,26.33,0.69,64.61,30.22,1.47,,,"Wheat Flour, Refined Flour (Maida), Sugar, Butter, Egg, Baking Powder, Milk","Wheat Flour (Guru, nourishing, grounds Vata); Refined Flour (Maida) (Guru, heavier to digest, best in moderation); Sugar (Guru, Madhura, builds Ojas but heavy for Kapha); Butter (Snigdha, unctuous, balances Vata); Egg (Guru, Ushna, builds strength, use moderately for Pitta); Baking Powder (Neutral, leavening agent); Milk (Guru, Shita, cooling and building, balances Pitta)"
Spring basket salad,Continental/Global Cuisine,Salad,Veg,A vegetarian salad.,Mixed Vegetables,,160.46,3.36,11.61,11.3,1.46,3.09,26.02,45.65,0.85,70.79,109.53,"Mixed Vegetables, Salt, Pepper, Lemon Juice, Oil/Dressing","Mixed Vegetables (Balances doshas when eaten fresh and in moderation); Salt (Ushna, enhances taste, balances electrolytes); Pepper (Ushna, heating, clears Kapha); Lemon Juice (Amla, alkalising, stimulates Agni); Oil/Dressing (Snigdha, unctuous, balances Vata)"
Sprouted moong salad,Continental/Global Cuisine,Salad,Veg,A vegetarian salad typically made with moong dal.,Moong Dal,,37.81,2.29,5.48,0.74,2.13,0.95,116.38,54.56,1.45,27.84,49.76,"Moong Dal, Salt, Pepper, Lemon Juice, Oil/Dressing","Moong Dal (Laghu, protein-rich, balances Kapha); Salt (Ushna, enhances taste, balances electrolytes); Pepper (Ushna, heating, clears Kapha); Lemon Juice (Amla, alkalising, stimulates Agni); Oil/Dressing (Snigdha, unctuous, balances Vata)"
Steamed cake with chocolate sauce,Continental/Global Cuisine,Sauce/Condiment,Veg,A vegetarian sauce/condiment typically made with cocoa/chocolate.,Cocoa/Chocolate,,301.91,4.49,29.06,19.01,19.72,0.29,100.32,67.76,0.85,1.81,25.81,"Cocoa/Chocolate, Butter, Refined Flour (Maida), Salt, Pepper, Oil/Butter","Cocoa/Chocolate (Guru, Ushna, stimulating); Butter (Snigdha, unctuous, balances Vata); Refined Flour (Maida) (Guru, heavier to digest, best in moderation); Salt (Ushna, enhances taste, balances electrolytes); Pepper (Ushna, heating, clears Kapha); Oil/Butter (Snigdha, unctuous, balances Vata)"
Stewed apple with custard,Continental/Global Cuisine,Dessert (Souffle/Custard/Pudding),Veg,A vegetarian dessert typically made with apple.,Apple,,92.87,1.27,18.36,1.82,15.46,1.01,16.66,49.24,0.18,5.6,10.2,"Apple, Milk, Sugar, Egg, Cornflour","Apple (Laghu, Shita, cooling and light); Milk (Guru, Shita, cooling and building, balances Pitta); Sugar (Guru, Madhura, builds Ojas but heavy for Kapha); Egg (Guru, Ushna, builds strength, use moderately for Pitta); Cornflour (Balances doshas when eaten fresh and in moderation)"
Strawberry and vanilla cake with butter icing,Continental/Global Cuisine,Bakery (Icing/Topping),Veg,A vegetarian bakery typically made with butter.,Butter,,370.54,3.89,44.25,20.39,32.43,0.79,107.27,28.17,0.7,8.4,12.8,"Butter, Icing Sugar, Water","Butter (Snigdha, unctuous, balances Vata); Icing Sugar (Guru, Madhura, builds Ojas but heavy for Kapha); Water (Balances doshas when eaten fresh and in moderation)"
Strawberry ice cream,Continental/Global Cuisine,Dessert (Ice Cream),Veg,A vegetarian dessert typically made with cream.,Cream,,215.61,4.15,12.26,16.96,11.6,0.0,37.62,77.08,0.34,2.13,22.0,"Cream, Milk, Fresh Cream, Sugar","Cream (Guru, Snigdha, heavy and nourishing); Milk (Guru, Shita, cooling and building, balances Pitta); Fresh Cream (Guru, Snigdha, heavy and nourishing); Sugar (Guru, Madhura, builds Ojas but heavy for Kapha)"
Stuffed egg omelette/omlet,Continental/Global Cuisine,Breakfast (Omelette/Egg),Egg (Ovo-Veg),A egg-based breakfast typically made with egg.,Egg,,203.51,8.6,2.3,17.77,1.57,0.75,267.19,89.91,0.91,8.29,70.23,"Egg, Onion, Green Chilli, Salt, Oil","Egg (Guru, Ushna, builds strength, use moderately for Pitta); Onion (Ushna, stimulates Agni, balances Kapha and Vata); Green Chilli (Ushna, use sparingly for Pitta); Salt (Ushna, enhances taste, balances electrolytes); Oil (Snigdha, unctuous, balances Vata)"
Submarine sandwich,Continental/Global Cuisine,Sandwich/Burger,Veg,A vegetarian sandwich/burger.,Bread,,216.92,6.09,13.6,15.32,2.5,1.24,254.28,72.35,1.23,21.43,36.34,"Bread, Butter, Salt, Pepper","Bread (Balances doshas when eaten fresh and in moderation); Butter (Snigdha, unctuous, balances Vata); Salt (Ushna, enhances taste, balances electrolytes); Pepper (Ushna, heating, clears Kapha)"
Sunflower cookies,Continental/Global Cuisine,Bakery (Cookie/Biscuit),Veg,A vegetarian bakery.,Sunflower Seeds,,520.62,9.49,40.06,36.28,24.28,3.95,181.68,70.45,2.21,0.0,51.65,"Sunflower Seeds, Refined Flour (Maida), Butter, Sugar, Baking Powder, Egg","Sunflower Seeds (Balances doshas when eaten fresh and in moderation); Refined Flour (Maida) (Guru, heavier to digest, best in moderation); Butter (Snigdha, unctuous, balances Vata); Sugar (Guru, Madhura, builds Ojas but heavy for Kapha); Baking Powder (Neutral, leavening agent); Egg (Guru, Ushna, builds strength, use moderately for Pitta)"
Sunset and sunrise open sandwich,Continental/Global Cuisine,Sandwich/Burger,Veg,A vegetarian sandwich/burger.,Bread,,241.31,8.58,18.89,15.14,1.95,1.39,381.29,114.07,1.28,3.86,26.36,"Bread, Butter, Salt, Pepper","Bread (Balances doshas when eaten fresh and in moderation); Butter (Snigdha, unctuous, balances Vata); Salt (Ushna, enhances taste, balances electrolytes); Pepper (Ushna, heating, clears Kapha)"
Sweet and salty biscuit (Meethay aur namkeen biscuit),Continental/Global Cuisine,Bakery (Cookie/Biscuit),Veg,A vegetarian bakery.,Butter,,407.96,6.15,45.09,22.39,7.22,1.68,414.7,37.24,1.05,0.03,1.02,"Butter, Refined Flour (Maida), Sugar, Baking Powder, Egg","Butter (Snigdha, unctuous, balances Vata); Refined Flour (Maida) (Guru, heavier to digest, best in moderation); Sugar (Guru, Madhura, builds Ojas but heavy for Kapha); Baking Powder (Neutral, leavening agent); Egg (Guru, Ushna, builds strength, use moderately for Pitta)"
Sweet corn soup,Continental/Global Cuisine,Soup,Veg,A vegetarian soup.,Corn,,32.25,0.99,3.56,1.63,0.9,0.31,22.35,3.72,0.41,10.33,50.13,"Corn, Stock/Water, Onion, Salt, Pepper, Butter/Oil","Corn (Balances doshas when eaten fresh and in moderation); Stock/Water (Guru, Ushna, deeply nourishing); Onion (Ushna, stimulates Agni, balances Kapha and Vata); Salt (Ushna, enhances taste, balances electrolytes); Pepper (Ushna, heating, clears Kapha); Butter/Oil (Snigdha, unctuous, balances Vata)"
Sweet open sandwich,Continental/Global Cuisine,Sandwich/Burger,Veg,A vegetarian sandwich/burger.,Bread,,244.25,4.99,39.24,8.15,12.23,2.36,205.27,85.18,1.15,1.65,13.05,"Bread, Butter, Salt, Pepper","Bread (Balances doshas when eaten fresh and in moderation); Butter (Snigdha, unctuous, balances Vata); Salt (Ushna, enhances taste, balances electrolytes); Pepper (Ushna, heating, clears Kapha)"
Sweet plain biscuit,Continental/Global Cuisine,Bakery (Cookie/Biscuit),Veg,A vegetarian bakery.,Butter,,380.76,5.86,50.29,17.67,21.77,1.07,132.59,42.88,0.92,0.03,1.7,"Butter, Refined Flour (Maida), Sugar, Baking Powder, Egg","Butter (Snigdha, unctuous, balances Vata); Refined Flour (Maida) (Guru, heavier to digest, best in moderation); Sugar (Guru, Madhura, builds Ojas but heavy for Kapha); Baking Powder (Neutral, leavening agent); Egg (Guru, Ushna, builds strength, use moderately for Pitta)"
Sweet potato biscuit (Shakarkand ke biscuit),Continental/Global Cuisine,Bakery (Cookie/Biscuit),Veg,A vegetarian bakery typically made with potato.,Potato,,296.4,5.14,38.13,13.31,2.53,2.27,339.58,56.34,0.81,7.95,17.7,"Potato, Refined Flour (Maida), Butter, Sugar, Baking Powder, Egg","Potato (Guru, Vata aggravating in excess); Refined Flour (Maida) (Guru, heavier to digest, best in moderation); Butter (Snigdha, unctuous, balances Vata); Sugar (Guru, Madhura, builds Ojas but heavy for Kapha); Baking Powder (Neutral, leavening agent); Egg (Guru, Ushna, builds strength, use moderately for Pitta)"
Talaumein soup,Continental/Global Cuisine,Soup,Veg,A vegetarian soup.,Noodles,,35.63,10.12,4.17,12.78,0.77,1.94,11088.14,42.33,2.23,12.62,48.58,"Noodles, Stock/Water, Onion, Salt, Pepper, Butter/Oil","Noodles (Balances doshas when eaten fresh and in moderation); Stock/Water (Guru, Ushna, deeply nourishing); Onion (Ushna, stimulates Agni, balances Kapha and Vata); Salt (Ushna, enhances taste, balances electrolytes); Pepper (Ushna, heating, clears Kapha); Butter/Oil (Snigdha, unctuous, balances Vata)"
Tartare sauce,Continental/Global Cuisine,Sauce/Condiment,Veg,A vegetarian sauce/condiment.,Mayonnaise,,610.93,1.44,2.96,66.12,2.18,0.42,256.95,21.06,0.56,,,"Mayonnaise, Butter, Refined Flour (Maida), Salt, Pepper, Oil/Butter","Mayonnaise (Balances doshas when eaten fresh and in moderation); Butter (Snigdha, unctuous, balances Vata); Refined Flour (Maida) (Guru, heavier to digest, best in moderation); Salt (Ushna, enhances taste, balances electrolytes); Pepper (Ushna, heating, clears Kapha); Oil/Butter (Snigdha, unctuous, balances Vata)"
Thousand island dressing,Continental/Global Cuisine,Sauce/Condiment,Veg,A vegetarian sauce/condiment.,Mayonnaise,,407.87,1.37,4.49,42.87,3.1,0.46,946.1,9.11,0.45,,,"Mayonnaise, Butter, Refined Flour (Maida), Salt, Pepper, Oil/Butter","Mayonnaise (Balances doshas when eaten fresh and in moderation); Butter (Snigdha, unctuous, balances Vata); Refined Flour (Maida) (Guru, heavier to digest, best in moderation); Salt (Ushna, enhances taste, balances electrolytes); Pepper (Ushna, heating, clears Kapha); Oil/Butter (Snigdha, unctuous, balances Vata)"
Tomato and cucumber sandwich (Tamatar aur kheere ka sandwich),Continental/Global Cuisine,Sandwich/Burger,Veg,"A vegetarian sandwich/burger typically made with tomato, green peas.","Tomato, Green Peas",,150.68,4.03,20.51,6.31,1.79,2.1,222.22,76.75,1.15,7.12,17.26,"Tomato, Green Peas, Bread, Butter, Salt, Pepper","Tomato (Amla, sour, stimulates digestion, use sparingly for Pitta); Green Peas (Balances doshas when eaten fresh and in moderation); Bread (Balances doshas when eaten fresh and in moderation); Butter (Snigdha, unctuous, balances Vata); Salt (Ushna, enhances taste, balances electrolytes); Pepper (Ushna, heating, clears Kapha)"
Tomato ketchup,Continental/Global Cuisine,Sauce/Condiment,Veg,A vegetarian sauce/condiment typically made with tomato.,Tomato,,33.07,0.91,6.48,0.3,4.68,1.9,177.97,15.33,0.36,,,"Tomato, Butter, Refined Flour (Maida), Salt, Pepper, Oil/Butter","Tomato (Amla, sour, stimulates digestion, use sparingly for Pitta); Butter (Snigdha, unctuous, balances Vata); Refined Flour (Maida) (Guru, heavier to digest, best in moderation); Salt (Ushna, enhances taste, balances electrolytes); Pepper (Ushna, heating, clears Kapha); Oil/Butter (Snigdha, unctuous, balances Vata)"
Tomato sandwich (grilled),Continental/Global Cuisine,Sandwich/Burger,Veg,A vegetarian sandwich/burger typically made with tomato.,Tomato,,189.92,6.26,21.29,9.39,2.58,1.91,420.6,150.9,0.88,8.91,16.85,"Tomato, Bread, Butter, Salt, Pepper","Tomato (Amla, sour, stimulates digestion, use sparingly for Pitta); Bread (Balances doshas when eaten fresh and in moderation); Butter (Snigdha, unctuous, balances Vata); Salt (Ushna, enhances taste, balances electrolytes); Pepper (Ushna, heating, clears Kapha)"
Tomato sauce,Continental/Global Cuisine,Sauce/Condiment,Veg,A vegetarian sauce/condiment typically made with tomato.,Tomato,,34.33,0.81,7.23,0.27,5.69,1.79,174.79,13.0,0.31,,,"Tomato, Butter, Refined Flour (Maida), Salt, Pepper, Oil/Butter","Tomato (Amla, sour, stimulates digestion, use sparingly for Pitta); Butter (Snigdha, unctuous, balances Vata); Refined Flour (Maida) (Guru, heavier to digest, best in moderation); Salt (Ushna, enhances taste, balances electrolytes); Pepper (Ushna, heating, clears Kapha); Oil/Butter (Snigdha, unctuous, balances Vata)"
Tossed green salad,Continental/Global Cuisine,Salad,Veg,A vegetarian salad.,Lettuce,,49.88,1.33,3.82,3.24,1.9,1.33,65.09,33.71,1.27,58.24,75.97,"Lettuce, Salt, Pepper, Lemon Juice, Oil/Dressing","Lettuce (Balances doshas when eaten fresh and in moderation); Salt (Ushna, enhances taste, balances electrolytes); Pepper (Ushna, heating, clears Kapha); Lemon Juice (Amla, alkalising, stimulates Agni); Oil/Dressing (Snigdha, unctuous, balances Vata)"
Tossed salad,Continental/Global Cuisine,Salad,Veg,A vegetarian salad.,Mixed Vegetables,,62.96,1.02,4.95,4.22,1.56,2.15,77.5,32.37,0.86,85.7,99.67,"Mixed Vegetables, Salt, Pepper, Lemon Juice, Oil/Dressing","Mixed Vegetables (Balances doshas when eaten fresh and in moderation); Salt (Ushna, enhances taste, balances electrolytes); Pepper (Ushna, heating, clears Kapha); Lemon Juice (Amla, alkalising, stimulates Agni); Oil/Dressing (Snigdha, unctuous, balances Vata)"
Tutti fruitti biscuit,Continental/Global Cuisine,Bakery (Cookie/Biscuit),Veg,A vegetarian bakery.,Tutti Frutti,,420.78,5.21,53.12,17.9,15.75,5.43,93.11,23.81,1.96,0.0,15.19,"Tutti Frutti, Refined Flour (Maida), Butter, Sugar, Baking Powder, Egg","Tutti Frutti (Balances doshas when eaten fresh and in moderation); Refined Flour (Maida) (Guru, heavier to digest, best in moderation); Butter (Snigdha, unctuous, balances Vata); Sugar (Guru, Madhura, builds Ojas but heavy for Kapha); Baking Powder (Neutral, leavening agent); Egg (Guru, Ushna, builds strength, use moderately for Pitta)"
Tutti frutti cake,Continental/Global Cuisine,Bakery (Cake/Pastry),Veg,A vegetarian bakery.,Tutti Frutti,,347.72,4.49,52.94,12.68,28.08,0.85,106.36,61.41,0.62,1.9,76.45,"Tutti Frutti, Refined Flour (Maida), Sugar, Butter, Egg, Baking Powder, Milk","Tutti Frutti (Balances doshas when eaten fresh and in moderation); Refined Flour (Maida) (Guru, heavier to digest, best in moderation); Sugar (Guru, Madhura, builds Ojas but heavy for Kapha); Butter (Snigdha, unctuous, balances Vata); Egg (Guru, Ushna, builds strength, use moderately for Pitta); Baking Powder (Neutral, leavening agent); Milk (Guru, Shita, cooling and building, balances Pitta)"
Vanilla ice cream with apples in hot cherry sauce,Continental/Global Cuisine,Sauce/Condiment,Veg,"A vegetarian sauce/condiment typically made with apple, cream.","Apple, Cream",,196.32,1.73,22.75,11.45,14.19,0.26,31.54,56.34,0.16,4.23,10.77,"Apple, Cream, Butter, Refined Flour (Maida), Salt, Pepper, Oil/Butter","Apple (Laghu, Shita, cooling and light); Cream (Guru, Snigdha, heavy and nourishing); Butter (Snigdha, unctuous, balances Vata); Refined Flour (Maida) (Guru, heavier to digest, best in moderation); Salt (Ushna, enhances taste, balances electrolytes); Pepper (Ushna, heating, clears Kapha); Oil/Butter (Snigdha, unctuous, balances Vata)"
Vanilla ice cream with egg,Continental/Global Cuisine,Dessert (Ice Cream),Egg (Ovo-Veg),"A egg-based dessert typically made with cream, egg.","Cream, Egg",,214.85,4.16,11.71,17.02,11.69,0.0,37.72,77.42,0.34,2.13,21.98,"Cream, Egg, Milk, Fresh Cream, Sugar","Cream (Guru, Snigdha, heavy and nourishing); Egg (Guru, Ushna, builds strength, use moderately for Pitta); Milk (Guru, Shita, cooling and building, balances Pitta); Fresh Cream (Guru, Snigdha, heavy and nourishing); Sugar (Guru, Madhura, builds Ojas but heavy for Kapha)"
Vanilla ice cream without egg,Continental/Global Cuisine,Dessert (Ice Cream),Egg (Ovo-Veg),"A egg-based dessert typically made with cream, egg.","Cream, Egg",,228.67,2.69,14.21,18.15,13.45,0.0,23.97,81.27,0.1,2.13,9.67,"Cream, Egg, Milk, Fresh Cream, Sugar","Cream (Guru, Snigdha, heavy and nourishing); Egg (Guru, Ushna, builds strength, use moderately for Pitta); Milk (Guru, Shita, cooling and building, balances Pitta); Fresh Cream (Guru, Snigdha, heavy and nourishing); Sugar (Guru, Madhura, builds Ojas but heavy for Kapha)"
Vegetable and cheese pie,Continental/Global Cuisine,Bakery (Cake/Pastry),Veg,A vegetarian bakery typically made with cheese.,Cheese,,126.88,4.03,8.76,8.28,2.69,1.91,117.99,99.48,0.58,55.0,104.25,"Cheese, Refined Flour (Maida), Sugar, Butter, Egg, Baking Powder, Milk","Cheese (Balances doshas when eaten fresh and in moderation); Refined Flour (Maida) (Guru, heavier to digest, best in moderation); Sugar (Guru, Madhura, builds Ojas but heavy for Kapha); Butter (Snigdha, unctuous, balances Vata); Egg (Guru, Ushna, builds strength, use moderately for Pitta); Baking Powder (Neutral, leavening agent); Milk (Guru, Shita, cooling and building, balances Pitta)"
Vegetable and mayonnaise sandwich,Continental/Global Cuisine,Sauce/Condiment,Veg,A vegetarian sauce/condiment.,Mixed Vegetables,,244.26,4.47,23.2,15.4,2.35,2.35,342.7,79.53,0.91,12.9,17.05,"Mixed Vegetables, Butter, Refined Flour (Maida), Salt, Pepper, Oil/Butter","Mixed Vegetables (Balances doshas when eaten fresh and in moderation); Butter (Snigdha, unctuous, balances Vata); Refined Flour (Maida) (Guru, heavier to digest, best in moderation); Salt (Ushna, enhances taste, balances electrolytes); Pepper (Ushna, heating, clears Kapha); Oil/Butter (Snigdha, unctuous, balances Vata)"
Vegetable burger,Continental/Global Cuisine,Sandwich/Burger,Veg,A vegetarian sandwich/burger.,Mixed Vegetables,,519.93,3.26,13.69,50.63,1.88,1.7,168.97,26.08,0.7,24.68,40.96,"Mixed Vegetables, Bread, Butter, Salt, Pepper","Mixed Vegetables (Balances doshas when eaten fresh and in moderation); Bread (Balances doshas when eaten fresh and in moderation); Butter (Snigdha, unctuous, balances Vata); Salt (Ushna, enhances taste, balances electrolytes); Pepper (Ushna, heating, clears Kapha)"
Vegetable cutlet,Continental/Global Cuisine,Snack (Fried),Veg,A vegetarian snack.,Mixed Vegetables,,665.45,1.25,4.68,71.33,0.35,0.93,85.38,13.55,0.4,16.89,30.52,"Mixed Vegetables, Gram Flour (Besan)/Refined Flour, Oil (for frying), Spices, Salt","Mixed Vegetables (Balances doshas when eaten fresh and in moderation); Gram Flour (Besan)/Refined Flour (Guru, heavier to digest, best in moderation); Oil (for frying) (Snigdha, unctuous, balances Vata); Spices (Balances doshas when eaten fresh and in moderation); Salt (Ushna, enhances taste, balances electrolytes)"
Vegetable pancake,Continental/Global Cuisine,Breakfast/Tiffin (Pancake),Veg,A vegetarian breakfast/tiffin.,Mixed Vegetables,,125.18,3.87,12.24,6.57,2.09,2.48,116.69,42.89,0.79,20.63,28.57,"Mixed Vegetables, Refined Flour (Maida), Sugar, Butter, Egg, Baking Powder, Milk","Mixed Vegetables (Balances doshas when eaten fresh and in moderation); Refined Flour (Maida) (Guru, heavier to digest, best in moderation); Sugar (Guru, Madhura, builds Ojas but heavy for Kapha); Butter (Snigdha, unctuous, balances Vata); Egg (Guru, Ushna, builds strength, use moderately for Pitta); Baking Powder (Neutral, leavening agent); Milk (Guru, Shita, cooling and building, balances Pitta)"
Vegetable soup,Continental/Global Cuisine,Soup,Veg,A vegetarian soup.,Mixed Vegetables,,55.21,2.22,7.6,1.55,1.61,3.01,170.68,18.1,0.63,,,"Mixed Vegetables, Stock/Water, Onion, Salt, Pepper, Butter/Oil","Mixed Vegetables (Balances doshas when eaten fresh and in moderation); Stock/Water (Guru, Ushna, deeply nourishing); Onion (Ushna, stimulates Agni, balances Kapha and Vata); Salt (Ushna, enhances taste, balances electrolytes); Pepper (Ushna, heating, clears Kapha); Butter/Oil (Snigdha, unctuous, balances Vata)"
Vegetarian club sandwich,Continental/Global Cuisine,Sandwich/Burger,Veg,A vegetarian sandwich/burger.,Bread,,198.33,5.45,19.68,11.33,2.08,2.06,305.36,122.44,0.77,6.0,17.53,"Bread, Butter, Salt, Pepper","Bread (Balances doshas when eaten fresh and in moderation); Butter (Snigdha, unctuous, balances Vata); Salt (Ushna, enhances taste, balances electrolytes); Pepper (Ushna, heating, clears Kapha)"
Victorian sandwich cake,Continental/Global Cuisine,Sandwich/Burger,Veg,A vegetarian sandwich/burger.,Butter,,373.09,5.18,44.74,19.83,28.18,0.59,145.28,36.25,0.86,0.08,8.66,"Butter, Bread, Salt, Pepper","Butter (Snigdha, unctuous, balances Vata); Bread (Balances doshas when eaten fresh and in moderation); Salt (Ushna, enhances taste, balances electrolytes); Pepper (Ushna, heating, clears Kapha)"
Waldroff salad,Continental/Global Cuisine,Salad,Veg,A vegetarian salad.,Apple,,141.75,1.47,11.02,10.05,8.23,1.87,13.42,29.29,1.07,21.43,40.62,"Apple, Salt, Pepper, Lemon Juice, Oil/Dressing","Apple (Laghu, Shita, cooling and light); Salt (Ushna, enhances taste, balances electrolytes); Pepper (Ushna, heating, clears Kapha); Lemon Juice (Amla, alkalising, stimulates Agni); Oil/Dressing (Snigdha, unctuous, balances Vata)"
Watercress sandwich,Continental/Global Cuisine,Sandwich/Burger,Veg,A vegetarian sandwich/burger.,Watercress,,229.42,5.17,28.03,11.47,1.81,2.26,407.44,98.16,0.99,2.23,12.14,"Watercress, Bread, Butter, Salt, Pepper","Watercress (Balances doshas when eaten fresh and in moderation); Bread (Balances doshas when eaten fresh and in moderation); Butter (Snigdha, unctuous, balances Vata); Salt (Ushna, enhances taste, balances electrolytes); Pepper (Ushna, heating, clears Kapha)"
Wheat cake,Continental/Global Cuisine,Bakery (Cake/Pastry),Veg,A vegetarian bakery typically made with wheat flour.,Wheat Flour,,314.63,4.79,41.13,14.95,25.79,2.76,82.96,98.91,1.08,0.76,7.6,"Wheat Flour, Refined Flour (Maida), Sugar, Butter, Egg, Baking Powder, Milk","Wheat Flour (Guru, nourishing, grounds Vata); Refined Flour (Maida) (Guru, heavier to digest, best in moderation); Sugar (Guru, Madhura, builds Ojas but heavy for Kapha); Butter (Snigdha, unctuous, balances Vata); Egg (Guru, Ushna, builds strength, use moderately for Pitta); Baking Powder (Neutral, leavening agent); Milk (Guru, Shita, cooling and building, balances Pitta)"
Whey soup,Continental/Global Cuisine,Soup,Veg,A vegetarian soup.,Whey,,68.91,3.45,6.26,3.34,5.87,0.84,87.08,164.92,0.55,2.55,33.72,"Whey, Stock/Water, Onion, Salt, Pepper, Butter/Oil","Whey (Balances doshas when eaten fresh and in moderation); Stock/Water (Guru, Ushna, deeply nourishing); Onion (Ushna, stimulates Agni, balances Kapha and Vata); Salt (Ushna, enhances taste, balances electrolytes); Pepper (Ushna, heating, clears Kapha); Butter/Oil (Snigdha, unctuous, balances Vata)"
White sauce (medium),Continental/Global Cuisine,Sauce/Condiment,Veg,A vegetarian sauce/condiment.,Milk,,151.27,3.36,7.98,11.76,4.32,0.14,22.59,103.53,0.22,,,"Milk, Butter, Refined Flour (Maida), Salt, Pepper, Oil/Butter","Milk (Guru, Shita, cooling and building, balances Pitta); Butter (Snigdha, unctuous, balances Vata); Refined Flour (Maida) (Guru, heavier to digest, best in moderation); Salt (Ushna, enhances taste, balances electrolytes); Pepper (Ushna, heating, clears Kapha); Oil/Butter (Snigdha, unctuous, balances Vata)"
White sauce (thick),Continental/Global Cuisine,Sauce/Condiment,Veg,A vegetarian sauce/condiment.,Milk,,209.69,3.43,10.24,17.19,3.9,0.24,20.45,92.74,0.27,,,"Milk, Butter, Refined Flour (Maida), Salt, Pepper, Oil/Butter","Milk (Guru, Shita, cooling and building, balances Pitta); Butter (Snigdha, unctuous, balances Vata); Refined Flour (Maida) (Guru, heavier to digest, best in moderation); Salt (Ushna, enhances taste, balances electrolytes); Pepper (Ushna, heating, clears Kapha); Oil/Butter (Snigdha, unctuous, balances Vata)"
White sauce (thin),Continental/Global Cuisine,Sauce/Condiment,Veg,A vegetarian sauce/condiment.,Milk,,115.17,3.31,6.58,8.41,4.58,0.07,23.91,110.2,0.19,,,"Milk, Butter, Refined Flour (Maida), Salt, Pepper, Oil/Butter","Milk (Guru, Shita, cooling and building, balances Pitta); Butter (Snigdha, unctuous, balances Vata); Refined Flour (Maida) (Guru, heavier to digest, best in moderation); Salt (Ushna, enhances taste, balances electrolytes); Pepper (Ushna, heating, clears Kapha); Oil/Butter (Snigdha, unctuous, balances Vata)"
Dal dhokli,Gujarat,Curry/Gravy,Veg,A vegetarian curry/gravy from Gujarat.,Wheat Flour,,68.74,2.96,8.55,2.47,1.12,1.86,37.53,14.54,0.79,2.77,45.31,"Wheat Flour, Onion, Tomato, Ginger-Garlic Paste, Oil/Ghee, Turmeric, Red Chilli Powder, Garam Masala, Salt","Wheat Flour (Guru, nourishing, grounds Vata); Onion (Ushna, stimulates Agni, balances Kapha and Vata); Tomato (Amla, sour, stimulates digestion, use sparingly for Pitta); Ginger-Garlic Paste (Ushna, kindles Agni, aids digestion); Oil/Ghee (Snigdha, unctuous, balances Vata and nourishes tissues); Turmeric (Ushna, anti-inflammatory, purifies blood); Red Chilli Powder (Ushna, heating, use sparingly for Pitta); Garam Masala (Ushna, kindles Agni, aids digestion); Salt (Ushna, enhances taste, balances electrolytes)"
Dhokla,Gujarat,Breakfast/Tiffin,Veg,A vegetarian breakfast/tiffin from Gujarat.,Gram Flour (Besan),,216.49,13.45,30.68,5.28,4.78,4.95,376.02,123.21,1.39,0.68,39.92,"Gram Flour (Besan), Salt, Oil, Mixed Spices","Gram Flour (Besan) (Laghu, light, balances Kapha); Salt (Ushna, enhances taste, balances electrolytes); Oil (Snigdha, unctuous, balances Vata); Mixed Spices (Ushna, kindles Agni, aids digestion)"
Gram flour and semolina dhokla (Besan suji dhokla),Gujarat,Breakfast/Tiffin,Veg,"A vegetarian breakfast/tiffin from Gujarat typically made with gram flour, semolina, beans.","Gram Flour, Semolina, Beans",,198.91,8.52,25.92,7.1,2.58,4.59,196.59,66.66,1.6,6.55,76.09,"Gram Flour, Semolina, Beans, Salt, Oil, Mixed Spices","Gram Flour (Laghu, light, balances Kapha); Semolina (Balances doshas when eaten fresh and in moderation); Beans (Balances doshas when eaten fresh and in moderation); Salt (Ushna, enhances taste, balances electrolytes); Oil (Snigdha, unctuous, balances Vata); Mixed Spices (Ushna, kindles Agni, aids digestion)"
Gujarati handvo,Gujarat,Breakfast/Tiffin,Veg,A vegetarian breakfast/tiffin from Gujarat.,Rice & Lentils,,207.09,8.24,31.86,4.8,2.51,4.95,308.55,68.21,2.03,31.39,374.11,"Rice, Lentils, Salt, Oil, Mixed Spices","Rice (Laghu, easy to digest, balances Kapha); Lentils (Laghu, protein-rich, balances Kapha); Salt (Ushna, enhances taste, balances electrolytes); Oil (Snigdha, unctuous, balances Vata); Mixed Spices (Ushna, kindles Agni, aids digestion)"
Instant dhokla,Gujarat,Breakfast/Tiffin,Veg,A vegetarian breakfast/tiffin from Gujarat.,Gram Flour (Besan),,207.11,7.66,24.11,9.37,6.86,3.57,763.98,66.58,1.05,2.7,22.87,"Gram Flour (Besan), Salt, Oil, Mixed Spices","Gram Flour (Besan) (Laghu, light, balances Kapha); Salt (Ushna, enhances taste, balances electrolytes); Oil (Snigdha, unctuous, balances Vata); Mixed Spices (Ushna, kindles Agni, aids digestion)"
Khakhra,Gujarat,Breakfast/Tiffin,Veg,A vegetarian breakfast/tiffin from Gujarat.,Wheat Flour,,178.5,4.78,27.66,5.32,0.88,5.43,184.16,21.27,2.14,0.56,10.5,"Wheat Flour, Salt, Oil, Mixed Spices","Wheat Flour (Guru, nourishing, grounds Vata); Salt (Ushna, enhances taste, balances electrolytes); Oil (Snigdha, unctuous, balances Vata); Mixed Spices (Ushna, kindles Agni, aids digestion)"
Khakhra chaat,Gujarat,Snack (Fried),Veg,A vegetarian snack from Gujarat.,Khakhra,,358.66,4.52,16.64,30.65,3.26,3.04,102.78,24.49,1.26,46.67,312.97,"Khakhra, Gram Flour (Besan)/Refined Flour, Oil (for frying), Spices, Salt","Khakhra (Balances doshas when eaten fresh and in moderation); Gram Flour (Besan)/Refined Flour (Guru, heavier to digest, best in moderation); Oil (for frying) (Snigdha, unctuous, balances Vata); Spices (Balances doshas when eaten fresh and in moderation); Salt (Ushna, enhances taste, balances electrolytes)"
Khaman (dhokla),Gujarat,Breakfast/Tiffin,Non-Veg,A non-vegetarian breakfast/tiffin from Gujarat.,Gram Flour (Besan),,54.73,1.92,5.36,2.8,1.36,1.49,124.1,5.31,0.58,2.6,19.33,"Gram Flour (Besan), Salt, Oil, Mixed Spices","Gram Flour (Besan) (Laghu, light, balances Kapha); Salt (Ushna, enhances taste, balances electrolytes); Oil (Snigdha, unctuous, balances Vata); Mixed Spices (Ushna, kindles Agni, aids digestion)"
Methi thepla,Gujarat,Breakfast/Tiffin,Veg,A vegetarian breakfast/tiffin from Gujarat typically made with fenugreek.,Fenugreek,,346.16,8.98,41.34,15.95,2.98,7.56,543.27,73.51,4.52,1.06,15.26,"Fenugreek, Salt, Oil, Mixed Spices","Fenugreek (Ushna, aids digestion, bitter); Salt (Ushna, enhances taste, balances electrolytes); Oil (Snigdha, unctuous, balances Vata); Mixed Spices (Ushna, kindles Agni, aids digestion)"
Semolina dhokla (Suji/Rava dhokla),Gujarat,Breakfast/Tiffin,Veg,"A vegetarian breakfast/tiffin from Gujarat typically made with semolina, beans.","Semolina, Beans",,194.91,5.44,30.86,5.2,1.85,5.12,443.39,31.17,2.52,3.66,15.26,"Semolina, Beans, Salt, Oil, Mixed Spices","Semolina (Balances doshas when eaten fresh and in moderation); Beans (Balances doshas when eaten fresh and in moderation); Salt (Ushna, enhances taste, balances electrolytes); Oil (Snigdha, unctuous, balances Vata); Mixed Spices (Ushna, kindles Agni, aids digestion)"
Cabbage manchurian (Pattagobhi manchurian),Indo-Chinese (Fusion),Continental/Fusion Main,Veg,"A vegetarian continental/fusion main from Indo-Chinese typically made with cabbage, cauliflower.","Cabbage, Cauliflower",,224.26,0.64,4.85,22.48,0.33,0.37,75.02,3.18,0.2,28.39,30.24,"Cabbage, Cauliflower, Onion, Garlic, Olive Oil, Salt, Pepper, Mixed Herbs","Cabbage (Laghu, Shita, light but can increase Vata); Cauliflower (Balances doshas when eaten fresh and in moderation); Onion (Ushna, stimulates Agni, balances Kapha and Vata); Garlic (Ushna, heating, balances Vata and Kapha); Olive Oil (Snigdha, unctuous, balances Vata); Salt (Ushna, enhances taste, balances electrolytes); Pepper (Ushna, heating, clears Kapha); Mixed Herbs (Balances doshas when eaten fresh and in moderation)"
Chicken chowmein,Indo-Chinese (Fusion),Continental/Fusion Main,Non-Veg,A non-vegetarian continental/fusion main from Indo-Chinese typically made with chicken.,Chicken,,151.33,6.33,13.3,8.23,1.63,1.64,288.15,26.1,0.89,84.96,102.27,"Chicken, Onion, Garlic, Olive Oil, Salt, Pepper, Mixed Herbs","Chicken (Guru, Ushna, builds strength); Onion (Ushna, stimulates Agni, balances Kapha and Vata); Garlic (Ushna, heating, balances Vata and Kapha); Olive Oil (Snigdha, unctuous, balances Vata); Salt (Ushna, enhances taste, balances electrolytes); Pepper (Ushna, heating, clears Kapha); Mixed Herbs (Balances doshas when eaten fresh and in moderation)"
Chicken manchurian,Indo-Chinese (Fusion),Continental/Fusion Main,Non-Veg,A non-vegetarian continental/fusion main from Indo-Chinese typically made with chicken.,Chicken,,142.34,9.53,6.06,11.96,0.9,0.41,2414.77,26.52,1.28,10.37,45.99,"Chicken, Onion, Garlic, Olive Oil, Salt, Pepper, Mixed Herbs","Chicken (Guru, Ushna, builds strength); Onion (Ushna, stimulates Agni, balances Kapha and Vata); Garlic (Ushna, heating, balances Vata and Kapha); Olive Oil (Snigdha, unctuous, balances Vata); Salt (Ushna, enhances taste, balances electrolytes); Pepper (Ushna, heating, clears Kapha); Mixed Herbs (Balances doshas when eaten fresh and in moderation)"
Chinese cabbage and meat ball soup,Indo-Chinese (Fusion),Soup,Non-Veg,A non-vegetarian soup from Indo-Chinese typically made with cabbage.,Cabbage,,484.31,5.21,1.43,56.57,0.37,0.57,4249.41,41.07,1.52,16.72,20.33,"Cabbage, Stock/Water, Onion, Salt, Pepper, Butter/Oil","Cabbage (Laghu, Shita, light but can increase Vata); Stock/Water (Guru, Ushna, deeply nourishing); Onion (Ushna, stimulates Agni, balances Kapha and Vata); Salt (Ushna, enhances taste, balances electrolytes); Pepper (Ushna, heating, clears Kapha); Butter/Oil (Snigdha, unctuous, balances Vata)"
Chinese fried rice,Indo-Chinese (Fusion),Snack (Fried),Veg,A vegetarian snack from Indo-Chinese typically made with rice.,Rice,,120.58,4.05,13.4,5.43,1.47,2.31,248.36,34.7,0.99,67.39,136.83,"Rice, Gram Flour (Besan)/Refined Flour, Oil (for frying), Spices, Salt","Rice (Laghu, easy to digest, balances Kapha); Gram Flour (Besan)/Refined Flour (Guru, heavier to digest, best in moderation); Oil (for frying) (Snigdha, unctuous, balances Vata); Spices (Balances doshas when eaten fresh and in moderation); Salt (Ushna, enhances taste, balances electrolytes)"
Schezwan chutney,Indo-Chinese (Fusion),Chutney/Condiment,Veg,A vegetarian chutney/condiment from Indo-Chinese.,Red Chilli,,205.19,3.33,10.79,17.72,5.66,5.72,486.27,35.46,1.96,26.36,159.08,"Red Chilli, Green Chilli, Salt, Spices, Oil (tempering), Pepper, Oil/Butter","Red Chilli (Ushna, heating, use sparingly for Pitta); Green Chilli (Ushna, use sparingly for Pitta); Salt (Ushna, enhances taste, balances electrolytes); Spices (Balances doshas when eaten fresh and in moderation); Oil (tempering) (Snigdha, unctuous, balances Vata); Pepper (Ushna, heating, clears Kapha); Oil/Butter (Snigdha, unctuous, balances Vata)"
Veg manchurian,Indo-Chinese (Fusion),Continental/Fusion Main,Veg,A vegetarian continental/fusion main from Indo-Chinese.,Mixed Vegetables,,585.64,0.89,6.82,61.65,0.76,1.16,65.31,16.79,0.31,15.1,26.53,"Mixed Vegetables, Onion, Garlic, Olive Oil, Salt, Pepper, Mixed Herbs","Mixed Vegetables (Balances doshas when eaten fresh and in moderation); Onion (Ushna, stimulates Agni, balances Kapha and Vata); Garlic (Ushna, heating, balances Vata and Kapha); Olive Oil (Snigdha, unctuous, balances Vata); Salt (Ushna, enhances taste, balances electrolytes); Pepper (Ushna, heating, clears Kapha); Mixed Herbs (Balances doshas when eaten fresh and in moderation)"
Vegetable chowmein,Indo-Chinese (Fusion),Continental/Fusion Main,Veg,A vegetarian continental/fusion main from Indo-Chinese.,Mixed Vegetables,,129.71,3.07,15.44,6.36,1.97,1.86,258.47,28.33,0.99,85.39,99.36,"Mixed Vegetables, Onion, Garlic, Olive Oil, Salt, Pepper, Mixed Herbs","Mixed Vegetables (Balances doshas when eaten fresh and in moderation); Onion (Ushna, stimulates Agni, balances Kapha and Vata); Garlic (Ushna, heating, balances Vata and Kapha); Olive Oil (Snigdha, unctuous, balances Vata); Salt (Ushna, enhances taste, balances electrolytes); Pepper (Ushna, heating, clears Kapha); Mixed Herbs (Balances doshas when eaten fresh and in moderation)"
Chicken yakhni,Jammu & Kashmir,Curry/Gravy,Non-Veg,A non-vegetarian curry/gravy from Jammu & Kashmir typically made with chicken.,Chicken,,99.0,10.66,0.78,6.1,0.12,0.62,97.38,28.24,0.93,0.09,13.24,"Chicken, Onion, Tomato, Ginger-Garlic Paste, Oil/Ghee, Turmeric, Red Chilli Powder, Garam Masala, Salt","Chicken (Guru, Ushna, builds strength); Onion (Ushna, stimulates Agni, balances Kapha and Vata); Tomato (Amla, sour, stimulates digestion, use sparingly for Pitta); Ginger-Garlic Paste (Ushna, kindles Agni, aids digestion); Oil/Ghee (Snigdha, unctuous, balances Vata and nourishes tissues); Turmeric (Ushna, anti-inflammatory, purifies blood); Red Chilli Powder (Ushna, heating, use sparingly for Pitta); Garam Masala (Ushna, kindles Agni, aids digestion); Salt (Ushna, enhances taste, balances electrolytes)"
Kashmiri 'tahar',Jammu & Kashmir,Rice Dish,Veg,A vegetarian rice dish from Jammu & Kashmir.,Rice,,98.21,1.95,19.11,1.37,0.17,0.98,61.29,3.93,0.32,0.02,7.94,"Rice, Oil/Ghee, Whole Spices, Salt","Rice (Laghu, easy to digest, balances Kapha); Oil/Ghee (Snigdha, unctuous, balances Vata and nourishes tissues); Whole Spices (Ushna, kindles Agni, aids digestion); Salt (Ushna, enhances taste, balances electrolytes)"
Kashmiri masala,Jammu & Kashmir,Curry/Gravy,Veg,A vegetarian curry/gravy from Jammu & Kashmir.,Red Chilli,,389.02,8.26,23.16,31.03,2.41,12.12,3106.14,303.49,14.72,,,"Red Chilli, Onion, Tomato, Ginger-Garlic Paste, Oil/Ghee, Turmeric, Red Chilli Powder, Garam Masala, Salt","Red Chilli (Ushna, heating, use sparingly for Pitta); Onion (Ushna, stimulates Agni, balances Kapha and Vata); Tomato (Amla, sour, stimulates digestion, use sparingly for Pitta); Ginger-Garlic Paste (Ushna, kindles Agni, aids digestion); Oil/Ghee (Snigdha, unctuous, balances Vata and nourishes tissues); Turmeric (Ushna, anti-inflammatory, purifies blood); Red Chilli Powder (Ushna, heating, use sparingly for Pitta); Garam Masala (Ushna, kindles Agni, aids digestion); Salt (Ushna, enhances taste, balances electrolytes)"
Kashmiri mutton koftas (Gushtaba),Jammu & Kashmir,Curry/Gravy,Non-Veg,A non-vegetarian curry/gravy from Jammu & Kashmir typically made with mutton.,Mutton,,97.42,6.33,3.04,6.77,2.13,0.62,130.11,52.53,0.85,3.22,22.46,"Mutton, Onion, Tomato, Ginger-Garlic Paste, Oil/Ghee, Turmeric, Red Chilli Powder, Garam Masala, Salt","Mutton (Guru, Ushna, heavy and warming); Onion (Ushna, stimulates Agni, balances Kapha and Vata); Tomato (Amla, sour, stimulates digestion, use sparingly for Pitta); Ginger-Garlic Paste (Ushna, kindles Agni, aids digestion); Oil/Ghee (Snigdha, unctuous, balances Vata and nourishes tissues); Turmeric (Ushna, anti-inflammatory, purifies blood); Red Chilli Powder (Ushna, heating, use sparingly for Pitta); Garam Masala (Ushna, kindles Agni, aids digestion); Salt (Ushna, enhances taste, balances electrolytes)"
Kashmiri tea (Kehwa),Jammu & Kashmir,Beverage (Tea/Coffee/Hot Drink),Veg,A vegetarian beverage from Jammu & Kashmir typically made with tea leaves.,Tea Leaves,,24.9,0.17,5.23,0.51,5.14,0.16,0.29,3.19,0.07,0.06,0.82,"Tea Leaves, Water, Sugar, Ice, Milk","Tea Leaves (Balances doshas when eaten fresh and in moderation); Water (Balances doshas when eaten fresh and in moderation); Sugar (Guru, Madhura, builds Ojas but heavy for Kapha); Ice (Balances doshas when eaten fresh and in moderation); Milk (Guru, Shita, cooling and building, balances Pitta)"
Mutton yakhni,Jammu & Kashmir,Curry/Gravy,Non-Veg,A non-vegetarian curry/gravy from Jammu & Kashmir typically made with mutton.,Mutton,,104.13,8.27,0.84,7.7,0.13,0.67,101.02,88.61,1.66,0.09,6.51,"Mutton, Onion, Tomato, Ginger-Garlic Paste, Oil/Ghee, Turmeric, Red Chilli Powder, Garam Masala, Salt","Mutton (Guru, Ushna, heavy and warming); Onion (Ushna, stimulates Agni, balances Kapha and Vata); Tomato (Amla, sour, stimulates digestion, use sparingly for Pitta); Ginger-Garlic Paste (Ushna, kindles Agni, aids digestion); Oil/Ghee (Snigdha, unctuous, balances Vata and nourishes tissues); Turmeric (Ushna, anti-inflammatory, purifies blood); Red Chilli Powder (Ushna, heating, use sparingly for Pitta); Garam Masala (Ushna, kindles Agni, aids digestion); Salt (Ushna, enhances taste, balances electrolytes)"
Vegetable yakhni,Jammu & Kashmir,Curry/Gravy,Veg,A vegetarian curry/gravy from Jammu & Kashmir.,Mixed Vegetables,,406.06,1.18,1.94,43.8,1.44,0.61,38.05,43.67,0.24,5.43,60.84,"Mixed Vegetables, Onion, Tomato, Ginger-Garlic Paste, Oil/Ghee, Turmeric, Red Chilli Powder, Garam Masala, Salt","Mixed Vegetables (Balances doshas when eaten fresh and in moderation); Onion (Ushna, stimulates Agni, balances Kapha and Vata); Tomato (Amla, sour, stimulates digestion, use sparingly for Pitta); Ginger-Garlic Paste (Ushna, kindles Agni, aids digestion); Oil/Ghee (Snigdha, unctuous, balances Vata and nourishes tissues); Turmeric (Ushna, anti-inflammatory, purifies blood); Red Chilli Powder (Ushna, heating, use sparingly for Pitta); Garam Masala (Ushna, kindles Agni, aids digestion); Salt (Ushna, enhances taste, balances electrolytes)"
Appam,Kerala,Breakfast/Tiffin,Veg,A vegetarian breakfast/tiffin from Kerala.,Rice,,267.7,3.12,13.28,22.63,4.16,6.19,26.59,6.36,0.83,2.57,27.59,"Rice, Salt, Oil, Mixed Spices","Rice (Laghu, easy to digest, balances Kapha); Coconut (Shita, cooling, pacifies Pitta); Salt (Ushna, enhances taste, balances electrolytes); Oil (Snigdha, unctuous, balances Vata); Mixed Spices (Ushna, kindles Agni, aids digestion)"
Avial,Kerala,Curry/Gravy,Veg,A vegetarian curry/gravy from Kerala.,Mixed Vegetables,,124.56,2.46,8.47,8.94,3.83,5.44,81.5,31.9,1.01,94.64,108.12,"Mixed Vegetables, Onion, Tomato, Ginger-Garlic Paste, Oil/Ghee, Turmeric, Red Chilli Powder, Garam Masala, Salt","Coconut (Shita, cooling, pacifies Pitta); Curd/Yogurt (Amla, Guru, sour and cooling in moderation); Onion (Ushna, stimulates Agni, balances Kapha and Vata); Tomato (Amla, sour, stimulates digestion, use sparingly for Pitta); Ginger-Garlic Paste (Ushna, kindles Agni, aids digestion); Oil/Ghee (Snigdha, unctuous, balances Vata and nourishes tissues); Turmeric (Ushna, anti-inflammatory, purifies blood); Red Chilli Powder (Ushna, heating, use sparingly for Pitta); Garam Masala (Ushna, kindles Agni, aids digestion); Salt (Ushna, enhances taste, balances electrolytes)"
Banana appam,Kerala,Breakfast/Tiffin,Veg,A vegetarian breakfast/tiffin from Kerala typically made with banana.,Banana,,469.81,1.17,20.06,42.53,9.95,0.67,20.14,13.74,0.77,4.03,13.79,"Banana, Salt, Oil, Mixed Spices","Banana (Guru, Shita, grounding); Salt (Ushna, enhances taste, balances electrolytes); Oil (Snigdha, unctuous, balances Vata); Mixed Spices (Ushna, kindles Agni, aids digestion)"
Beans with coconut (Nariyal aur sem/phali; Beans thoran),Kerala,Curry/Gravy,Veg,"A vegetarian curry/gravy from Kerala typically made with beans, coconut.","Beans, Coconut",,131.63,2.62,4.39,11.39,2.06,5.59,271.65,51.92,1.34,6.03,75.87,"Beans, Coconut, Onion, Tomato, Ginger-Garlic Paste, Oil/Ghee, Turmeric, Red Chilli Powder, Garam Masala, Salt","Beans (Balances doshas when eaten fresh and in moderation); Coconut (Shita, cooling, pacifies Pitta); Onion (Ushna, stimulates Agni, balances Kapha and Vata); Tomato (Amla, sour, stimulates digestion, use sparingly for Pitta); Ginger-Garlic Paste (Ushna, kindles Agni, aids digestion); Oil/Ghee (Snigdha, unctuous, balances Vata and nourishes tissues); Turmeric (Ushna, anti-inflammatory, purifies blood); Red Chilli Powder (Ushna, heating, use sparingly for Pitta); Garam Masala (Ushna, kindles Agni, aids digestion); Salt (Ushna, enhances taste, balances electrolytes)"
Raw papaya with coconut (Papaya thoran),Kerala,Curry/Gravy,Veg,"A vegetarian curry/gravy from Kerala typically made with papaya, coconut.","Papaya, Coconut",,132.75,1.54,5.58,11.42,3.82,4.31,270.56,33.74,0.82,25.38,43.68,"Papaya, Coconut, Onion, Tomato, Ginger-Garlic Paste, Oil/Ghee, Turmeric, Red Chilli Powder, Garam Masala, Salt","Papaya (Balances doshas when eaten fresh and in moderation); Coconut (Shita, cooling, pacifies Pitta); Onion (Ushna, stimulates Agni, balances Kapha and Vata); Tomato (Amla, sour, stimulates digestion, use sparingly for Pitta); Ginger-Garlic Paste (Ushna, kindles Agni, aids digestion); Oil/Ghee (Snigdha, unctuous, balances Vata and nourishes tissues); Turmeric (Ushna, anti-inflammatory, purifies blood); Red Chilli Powder (Ushna, heating, use sparingly for Pitta); Garam Masala (Ushna, kindles Agni, aids digestion); Salt (Ushna, enhances taste, balances electrolytes)"
Rice puttu (Ari puttu),Kerala,Rice Dish,Veg,A vegetarian rice dish from Kerala typically made with rice.,Rice,,81.98,1.26,11.82,3.13,0.33,0.76,48.28,4.96,0.42,0.0,4.85,"Rice, Oil/Ghee, Whole Spices, Salt","Rice (Laghu, easy to digest, balances Kapha); Oil/Ghee (Snigdha, unctuous, balances Vata and nourishes tissues); Whole Spices (Ushna, kindles Agni, aids digestion); Salt (Ushna, enhances taste, balances electrolytes)"
Apple sago payasam (Seb aur sabudana ki kheer),Maharashtra,Sweet,Veg,"A vegetarian sweet from Maharashtra typically made with sago/tapioca pearls, apple.","Sago/Tapioca Pearls, Apple",,136.5,3.13,14.4,7.66,10.63,0.38,39.45,102.11,0.31,5.88,21.45,"Sago/Tapioca Pearls, Apple, Sugar, Ghee, Milk/Khoya, Cardamom","Sago/Tapioca Pearls (Balances doshas when eaten fresh and in moderation); Apple (Laghu, Shita, cooling and light); Sugar (Guru, Madhura, builds Ojas but heavy for Kapha); Ghee (Snigdha, unctuous, balances Vata and nourishes tissues); Milk/Khoya (Guru, Shita, cooling and building, balances Pitta); Cardamom (Ushna, aromatic, soothes digestion)"
Peanut sago vada (Sabudana mungfali vada),Maharashtra,Snack (Fried),Veg,"A vegetarian snack from Maharashtra typically made with sago/tapioca pearls, peanut.","Sago/Tapioca Pearls, Peanut",,749.89,1.01,7.14,79.82,0.19,0.62,71.29,5.03,0.38,9.74,15.66,"Sago/Tapioca Pearls, Peanut, Gram Flour (Besan)/Refined Flour, Oil (for frying), Spices, Salt","Sago/Tapioca Pearls (Balances doshas when eaten fresh and in moderation); Peanut (Guru, Ushna, energy dense); Gram Flour (Besan)/Refined Flour (Guru, heavier to digest, best in moderation); Oil (for frying) (Snigdha, unctuous, balances Vata); Spices (Balances doshas when eaten fresh and in moderation); Salt (Ushna, enhances taste, balances electrolytes)"
Sago cutlet/vadas (Sabudana cutlet/vadas),Maharashtra,Snack (Fried),Veg,A vegetarian snack from Maharashtra typically made with sago/tapioca pearls.,Sago/Tapioca Pearls,,558.76,0.56,11.23,56.97,0.1,0.54,48.17,5.43,0.38,13.39,9.09,"Sago/Tapioca Pearls, Gram Flour (Besan)/Refined Flour, Oil (for frying), Spices, Salt","Sago/Tapioca Pearls (Balances doshas when eaten fresh and in moderation); Gram Flour (Besan)/Refined Flour (Guru, heavier to digest, best in moderation); Oil (for frying) (Snigdha, unctuous, balances Vata); Spices (Balances doshas when eaten fresh and in moderation); Salt (Ushna, enhances taste, balances electrolytes)"
Sago khitchdi/khichri (Sabudana khitchdi/khichri),Maharashtra,Rice Dish,Veg,A vegetarian rice dish from Maharashtra typically made with sago/tapioca pearls.,Sago/Tapioca Pearls,,187.16,2.72,22.41,10.1,1.03,1.82,100.26,15.13,0.86,13.41,34.18,"Sago/Tapioca Pearls, Rice, Oil/Ghee, Whole Spices, Salt","Sago/Tapioca Pearls (Balances doshas when eaten fresh and in moderation); Rice (Laghu, easy to digest, balances Kapha); Oil/Ghee (Snigdha, unctuous, balances Vata and nourishes tissues); Whole Spices (Ushna, kindles Agni, aids digestion); Salt (Ushna, enhances taste, balances electrolytes)"
Boti kebab,Mughlai / North Indian (Pan-regional),Snack/Starter (Grilled),Non-Veg,A vegetarian snack/starter from Mughlai / North Indian.,Mutton,,132.86,9.22,3.06,9.27,2.09,0.76,78.14,98.67,1.41,4.52,6.58,"Mutton, Yogurt, Ginger-Garlic Paste, Spices, Oil","Mutton (Guru, Ushna, heavy and warming); Yogurt (Amla, Guru, sour and cooling in moderation); Ginger-Garlic Paste (Ushna, kindles Agni, aids digestion); Spices (Balances doshas when eaten fresh and in moderation); Oil (Snigdha, unctuous, balances Vata)"
Chicken kebab,Mughlai / North Indian (Pan-regional),Snack/Starter (Grilled),Non-Veg,A non-vegetarian snack/starter from Mughlai / North Indian typically made with chicken.,Chicken,,729.41,3.71,1.11,78.89,0.24,0.21,69.76,3.46,0.28,0.41,3.83,"Chicken, Yogurt, Ginger-Garlic Paste, Spices, Oil","Chicken (Guru, Ushna, builds strength); Yogurt (Amla, Guru, sour and cooling in moderation); Ginger-Garlic Paste (Ushna, kindles Agni, aids digestion); Spices (Balances doshas when eaten fresh and in moderation); Oil (Snigdha, unctuous, balances Vata)"
Chicken korma,Mughlai / North Indian (Pan-regional),Curry/Gravy,Non-Veg,A non-vegetarian curry/gravy from Mughlai / North Indian typically made with chicken.,Chicken,,147.96,9.83,5.43,9.67,3.32,1.82,119.21,68.66,1.06,10.02,58.86,"Chicken, Onion, Tomato, Ginger-Garlic Paste, Oil/Ghee, Turmeric, Red Chilli Powder, Garam Masala, Salt","Chicken (Guru, Ushna, builds strength); Onion (Ushna, stimulates Agni, balances Kapha and Vata); Tomato (Amla, sour, stimulates digestion, use sparingly for Pitta); Ginger-Garlic Paste (Ushna, kindles Agni, aids digestion); Oil/Ghee (Snigdha, unctuous, balances Vata and nourishes tissues); Turmeric (Ushna, anti-inflammatory, purifies blood); Red Chilli Powder (Ushna, heating, use sparingly for Pitta); Garam Masala (Ushna, kindles Agni, aids digestion); Salt (Ushna, enhances taste, balances electrolytes)"
Mutton biryani/biriyani,Mughlai / North Indian (Pan-regional),Rice Dish,Non-Veg,A non-vegetarian rice dish from Mughlai / North Indian typically made with mutton.,Mutton,,190.76,7.38,22.5,7.72,2.39,2.42,262.64,68.58,1.29,10.28,30.07,"Mutton, Rice, Oil/Ghee, Whole Spices, Salt","Mutton (Guru, Ushna, heavy and warming); Rice (Laghu, easy to digest, balances Kapha); Oil/Ghee (Snigdha, unctuous, balances Vata and nourishes tissues); Whole Spices (Ushna, kindles Agni, aids digestion); Salt (Ushna, enhances taste, balances electrolytes)"
Mutton korma,Mughlai / North Indian (Pan-regional),Curry/Gravy,Non-Veg,A non-vegetarian curry/gravy from Mughlai / North Indian typically made with mutton.,Mutton,,115.64,7.09,2.53,8.54,1.64,0.78,56.94,79.07,1.09,5.54,31.82,"Mutton, Onion, Tomato, Ginger-Garlic Paste, Oil/Ghee, Turmeric, Red Chilli Powder, Garam Masala, Salt","Mutton (Guru, Ushna, heavy and warming); Onion (Ushna, stimulates Agni, balances Kapha and Vata); Tomato (Amla, sour, stimulates digestion, use sparingly for Pitta); Ginger-Garlic Paste (Ushna, kindles Agni, aids digestion); Oil/Ghee (Snigdha, unctuous, balances Vata and nourishes tissues); Turmeric (Ushna, anti-inflammatory, purifies blood); Red Chilli Powder (Ushna, heating, use sparingly for Pitta); Garam Masala (Ushna, kindles Agni, aids digestion); Salt (Ushna, enhances taste, balances electrolytes)"
Mutton seekh kebab,Mughlai / North Indian (Pan-regional),Snack/Starter (Grilled),Non-Veg,A non-vegetarian snack/starter from Mughlai / North Indian typically made with mutton.,Mutton,,133.94,11.25,3.11,8.43,1.4,1.88,102.17,117.44,2.19,3.97,5.3,"Mutton, Yogurt, Ginger-Garlic Paste, Spices, Oil","Mutton (Guru, Ushna, heavy and warming); Yogurt (Amla, Guru, sour and cooling in moderation); Ginger-Garlic Paste (Ushna, kindles Agni, aids digestion); Spices (Balances doshas when eaten fresh and in moderation); Oil (Snigdha, unctuous, balances Vata)"
Paneer makhana korma,Mughlai / North Indian (Pan-regional),Curry/Gravy,Veg,A vegetarian curry/gravy from Mughlai / North Indian typically made with paneer.,Paneer,,775.82,3.24,4.63,82.76,1.84,0.21,77.01,72.89,0.55,0.64,94.26,"Paneer, Onion, Tomato, Ginger-Garlic Paste, Oil/Ghee, Turmeric, Red Chilli Powder, Garam Masala, Salt","Paneer (Guru, Snigdha, cooling and nourishing); Onion (Ushna, stimulates Agni, balances Kapha and Vata); Tomato (Amla, sour, stimulates digestion, use sparingly for Pitta); Ginger-Garlic Paste (Ushna, kindles Agni, aids digestion); Oil/Ghee (Snigdha, unctuous, balances Vata and nourishes tissues); Turmeric (Ushna, anti-inflammatory, purifies blood); Red Chilli Powder (Ushna, heating, use sparingly for Pitta); Garam Masala (Ushna, kindles Agni, aids digestion); Salt (Ushna, enhances taste, balances electrolytes)"
Shammi kebab,Mughlai / North Indian (Pan-regional),Snack/Starter (Grilled),Non-Veg,A non-vegetarian snack/starter from Mughlai / North Indian.,Minced Meat,,685.69,4.52,3.54,72.61,0.31,1.05,54.27,13.11,0.75,1.64,20.55,"Minced Meat, Yogurt, Ginger-Garlic Paste, Spices, Oil","Minced Meat (Balances doshas when eaten fresh and in moderation); Yogurt (Amla, Guru, sour and cooling in moderation); Ginger-Garlic Paste (Ushna, kindles Agni, aids digestion); Spices (Balances doshas when eaten fresh and in moderation); Oil (Snigdha, unctuous, balances Vata)"
Soya chunks korma (Nutrinugget korma),Mughlai / North Indian (Pan-regional),Curry/Gravy,Veg,A vegetarian curry/gravy from Mughlai / North Indian typically made with soybean.,Soybean,,131.43,3.86,7.67,9.5,4.66,2.57,148.98,89.7,1.18,11.59,49.69,"Soybean, Onion, Tomato, Ginger-Garlic Paste, Oil/Ghee, Turmeric, Red Chilli Powder, Garam Masala, Salt","Soybean (Balances doshas when eaten fresh and in moderation); Onion (Ushna, stimulates Agni, balances Kapha and Vata); Tomato (Amla, sour, stimulates digestion, use sparingly for Pitta); Ginger-Garlic Paste (Ushna, kindles Agni, aids digestion); Oil/Ghee (Snigdha, unctuous, balances Vata and nourishes tissues); Turmeric (Ushna, anti-inflammatory, purifies blood); Red Chilli Powder (Ushna, heating, use sparingly for Pitta); Garam Masala (Ushna, kindles Agni, aids digestion); Salt (Ushna, enhances taste, balances electrolytes)"
Soya seekh kebab,Mughlai / North Indian (Pan-regional),Snack/Starter (Grilled),Veg,A vegetarian snack/starter from Mughlai / North Indian typically made with soybean.,Soybean,,115.05,5.4,10.0,5.88,0.51,2.24,92.25,15.67,1.26,8.56,14.38,"Soybean, Yogurt, Ginger-Garlic Paste, Spices, Oil","Soybean (Balances doshas when eaten fresh and in moderation); Yogurt (Amla, Guru, sour and cooling in moderation); Ginger-Garlic Paste (Ushna, kindles Agni, aids digestion); Spices (Balances doshas when eaten fresh and in moderation); Oil (Snigdha, unctuous, balances Vata)"
Vegetable biryani/biriyani,Mughlai / North Indian (Pan-regional),Rice Dish,Veg,A vegetarian rice dish from Mughlai / North Indian.,Mixed Vegetables,,174.61,3.16,18.56,9.51,2.14,3.31,183.79,33.52,0.86,39.35,77.54,"Mixed Vegetables, Rice, Oil/Ghee, Whole Spices, Salt","Mixed Vegetables (Balances doshas when eaten fresh and in moderation); Rice (Laghu, easy to digest, balances Kapha); Oil/Ghee (Snigdha, unctuous, balances Vata and nourishes tissues); Whole Spices (Ushna, kindles Agni, aids digestion); Salt (Ushna, enhances taste, balances electrolytes)"
Vegetable seekh kebab,Mughlai / North Indian (Pan-regional),Snack/Starter (Grilled),Veg,A vegetarian snack/starter from Mughlai / North Indian.,Mixed Vegetables,,690.73,1.57,5.32,73.72,0.74,0.59,83.67,32.66,0.36,6.86,13.84,"Mixed Vegetables, Yogurt, Ginger-Garlic Paste, Spices, Oil","Mixed Vegetables (Balances doshas when eaten fresh and in moderation); Yogurt (Amla, Guru, sour and cooling in moderation); Ginger-Garlic Paste (Ushna, kindles Agni, aids digestion); Spices (Balances doshas when eaten fresh and in moderation); Oil (Snigdha, unctuous, balances Vata)"
Afghani chicken,Pan-India / General Home Cooking,Curry/Gravy,Non-Veg,A non-vegetarian curry/gravy typically made with chicken.,Chicken,,151.51,15.66,1.95,9.07,0.83,0.31,87.02,35.14,1.04,3.54,20.52,"Chicken, Onion, Tomato, Ginger-Garlic Paste, Oil/Ghee, Turmeric, Red Chilli Powder, Garam Masala, Salt","Chicken (Guru, Ushna, builds strength); Onion (Ushna, stimulates Agni, balances Kapha and Vata); Tomato (Amla, sour, stimulates digestion, use sparingly for Pitta); Ginger-Garlic Paste (Ushna, kindles Agni, aids digestion); Oil/Ghee (Snigdha, unctuous, balances Vata and nourishes tissues); Turmeric (Ushna, anti-inflammatory, purifies blood); Red Chilli Powder (Ushna, heating, use sparingly for Pitta); Garam Masala (Ushna, kindles Agni, aids digestion); Salt (Ushna, enhances taste, balances electrolytes)"
Al yakhani,Pan-India / General Home Cooking,Curry/Gravy,Non-Veg,A vegetarian curry/gravy.,Mutton,,147.54,2.86,4.65,13.14,3.56,1.27,206.24,103.88,0.46,5.41,60.75,"Mutton, Onion, Tomato, Ginger-Garlic Paste, Oil/Ghee, Turmeric, Red Chilli Powder, Garam Masala, Salt","Mutton (Guru, Ushna, heavy and warming); Onion (Ushna, stimulates Agni, balances Kapha and Vata); Tomato (Amla, sour, stimulates digestion, use sparingly for Pitta); Ginger-Garlic Paste (Ushna, kindles Agni, aids digestion); Oil/Ghee (Snigdha, unctuous, balances Vata and nourishes tissues); Turmeric (Ushna, anti-inflammatory, purifies blood); Red Chilli Powder (Ushna, heating, use sparingly for Pitta); Garam Masala (Ushna, kindles Agni, aids digestion); Salt (Ushna, enhances taste, balances electrolytes)"
Amaranth ladoo (Rajgira ladoo),Pan-India / General Home Cooking,Sweet,Veg,A vegetarian sweet.,Amaranth,,454.15,10.12,51.33,22.7,19.92,5.11,7.51,144.58,6.47,0.03,9.52,"Amaranth, Sugar, Ghee, Milk/Khoya, Cardamom","Amaranth (Balances doshas when eaten fresh and in moderation); Sugar (Guru, Madhura, builds Ojas but heavy for Kapha); Ghee (Snigdha, unctuous, balances Vata and nourishes tissues); Milk/Khoya (Guru, Shita, cooling and building, balances Pitta); Cardamom (Ushna, aromatic, soothes digestion)"
Apple and honey sorbet (Seb aur shehad ka sharbat),Pan-India / General Home Cooking,Beverage (Juice/Cooler),Veg,"A vegetarian beverage typically made with apple, honey.","Apple, Honey",,121.3,0.15,30.74,0.29,29.18,1.13,1.97,9.11,0.18,5.08,2.68,"Apple, Honey, Water, Sugar, Ice","Apple (Laghu, Shita, cooling and light); Honey (Ushna, Laghu, scrapes Kapha); Water (Balances doshas when eaten fresh and in moderation); Sugar (Guru, Madhura, builds Ojas but heavy for Kapha); Ice (Balances doshas when eaten fresh and in moderation)"
Apple crumb pudding,Pan-India / General Home Cooking,Dessert (Souffle/Custard/Pudding),Veg,A vegetarian dessert typically made with apple.,Apple,,220.85,1.54,35.17,8.87,27.69,1.33,59.36,38.49,1.05,3.6,7.86,"Apple, Milk, Sugar, Egg, Cornflour","Apple (Laghu, Shita, cooling and light); Milk (Guru, Shita, cooling and building, balances Pitta); Sugar (Guru, Madhura, builds Ojas but heavy for Kapha); Egg (Guru, Ushna, builds strength, use moderately for Pitta); Cornflour (Balances doshas when eaten fresh and in moderation)"
Apple jam (Seb ka murabba),Pan-India / General Home Cooking,Pickle/Preserve,Veg,A vegetarian pickle/preserve typically made with apple.,Apple,,188.79,0.14,48.56,0.32,46.76,1.29,2.71,10.84,0.21,,,"Apple, Oil, Mustard Seeds, Turmeric, Red Chilli Powder, Salt","Apple (Laghu, Shita, cooling and light); Oil (Snigdha, unctuous, balances Vata); Mustard Seeds (Ushna, stimulates digestion); Turmeric (Ushna, anti-inflammatory, purifies blood); Red Chilli Powder (Ushna, heating, use sparingly for Pitta); Salt (Ushna, enhances taste, balances electrolytes)"
Apple jelly (Seb ki jelly),Pan-India / General Home Cooking,Dessert (Souffle/Custard/Pudding),Veg,A vegetarian dessert typically made with apple.,Apple,,152.13,0.1,39.37,0.21,38.18,0.86,2.14,7.89,0.15,,,"Apple, Milk, Sugar, Egg, Cornflour","Apple (Laghu, Shita, cooling and light); Milk (Guru, Shita, cooling and building, balances Pitta); Sugar (Guru, Madhura, builds Ojas but heavy for Kapha); Egg (Guru, Ushna, builds strength, use moderately for Pitta); Cornflour (Balances doshas when eaten fresh and in moderation)"
Apple kheer (Seb ki kheer),Pan-India / General Home Cooking,Sweet,Veg,A vegetarian sweet typically made with apple.,Apple,,81.3,2.14,11.34,3.18,10.71,0.51,15.86,75.67,0.18,5.82,16.4,"Apple, Sugar, Ghee, Milk/Khoya, Cardamom","Apple (Laghu, Shita, cooling and light); Sugar (Guru, Madhura, builds Ojas but heavy for Kapha); Ghee (Snigdha, unctuous, balances Vata and nourishes tissues); Milk/Khoya (Guru, Shita, cooling and building, balances Pitta); Cardamom (Ushna, aromatic, soothes digestion)"
Apple oats chia seed smoothie,Pan-India / General Home Cooking,Beverage (Milkshake/Smoothie),Veg,"A vegetarian beverage typically made with oats, apple.","Oats, Apple",,85.64,3.49,13.07,2.48,5.76,1.44,32.02,88.89,0.5,5.39,71.4,"Oats, Apple, Milk, Sugar, Ice, Water","Oats (Balances doshas when eaten fresh and in moderation); Apple (Laghu, Shita, cooling and light); Milk (Guru, Shita, cooling and building, balances Pitta); Sugar (Guru, Madhura, builds Ojas but heavy for Kapha); Ice (Balances doshas when eaten fresh and in moderation); Water (Balances doshas when eaten fresh and in moderation)"
Apple snowballs,Pan-India / General Home Cooking,Dessert (Souffle/Custard/Pudding),Veg,A vegetarian dessert typically made with apple.,Apple,,101.51,0.86,24.58,0.31,19.4,1.25,12.8,9.43,0.18,4.46,4.64,"Apple, Milk, Sugar, Egg, Cornflour","Apple (Laghu, Shita, cooling and light); Milk (Guru, Shita, cooling and building, balances Pitta); Sugar (Guru, Madhura, builds Ojas but heavy for Kapha); Egg (Guru, Ushna, builds strength, use moderately for Pitta); Cornflour (Balances doshas when eaten fresh and in moderation)"
Apricot fool,Pan-India / General Home Cooking,Dessert (Souffle/Custard/Pudding),Veg,A vegetarian dessert.,Apricot,,240.79,1.54,33.64,11.35,21.29,1.0,8.28,26.37,0.73,1.47,11.46,"Apricot, Milk, Sugar, Egg, Cornflour","Apricot (Balances doshas when eaten fresh and in moderation); Milk (Guru, Shita, cooling and building, balances Pitta); Sugar (Guru, Madhura, builds Ojas but heavy for Kapha); Egg (Guru, Ushna, builds strength, use moderately for Pitta); Cornflour (Balances doshas when eaten fresh and in moderation)"
Arhar with spinach (Arhar dal aur palak),Pan-India / General Home Cooking,Curry/Gravy,Veg,"A vegetarian curry/gravy typically made with toor dal, spinach.","Toor Dal, Spinach",,52.84,2.05,4.77,2.76,0.23,1.3,109.97,21.81,0.89,18.79,105.9,"Toor Dal, Spinach, Onion, Tomato, Ginger-Garlic Paste, Oil/Ghee, Turmeric, Red Chilli Powder, Garam Masala, Salt","Toor Dal (Laghu, protein-rich, balances Kapha); Spinach (Laghu, cooling, iron-rich); Onion (Ushna, stimulates Agni, balances Kapha and Vata); Tomato (Amla, sour, stimulates digestion, use sparingly for Pitta); Ginger-Garlic Paste (Ushna, kindles Agni, aids digestion); Oil/Ghee (Snigdha, unctuous, balances Vata and nourishes tissues); Turmeric (Ushna, anti-inflammatory, purifies blood); Red Chilli Powder (Ushna, heating, use sparingly for Pitta); Garam Masala (Ushna, kindles Agni, aids digestion); Salt (Ushna, enhances taste, balances electrolytes)"
Assorted pastry,Pan-India / General Home Cooking,Bakery (Cake/Pastry),Veg,A vegetarian bakery.,Wheat Flour,,230.74,6.78,31.99,8.91,19.7,0.43,49.99,47.2,0.94,0.25,15.61,"Wheat Flour, Refined Flour (Maida), Sugar, Butter, Egg, Baking Powder, Milk","Wheat Flour (Guru, nourishing, grounds Vata); Refined Flour (Maida) (Guru, heavier to digest, best in moderation); Sugar (Guru, Madhura, builds Ojas but heavy for Kapha); Butter (Snigdha, unctuous, balances Vata); Egg (Guru, Ushna, builds strength, use moderately for Pitta); Baking Powder (Neutral, leavening agent); Milk (Guru, Shita, cooling and building, balances Pitta)"
Atta dal burfi,Pan-India / General Home Cooking,Sweet,Veg,A vegetarian sweet typically made with whole wheat flour.,Whole Wheat Flour,,298.8,6.66,40.64,12.47,21.08,4.08,3.56,17.07,1.56,0.0,9.07,"Whole Wheat Flour, Sugar, Ghee, Milk/Khoya, Cardamom","Whole Wheat Flour (Guru, nourishing, grounds Vata); Sugar (Guru, Madhura, builds Ojas but heavy for Kapha); Ghee (Snigdha, unctuous, balances Vata and nourishes tissues); Milk/Khoya (Guru, Shita, cooling and building, balances Pitta); Cardamom (Ushna, aromatic, soothes digestion)"
Baked egg,Pan-India / General Home Cooking,Curry/Gravy,Egg (Ovo-Veg),A egg-based curry/gravy typically made with egg.,Egg,,218.85,11.88,15.42,12.65,1.66,1.03,523.29,164.05,1.48,0.0,35.72,"Egg, Onion, Tomato, Ginger-Garlic Paste, Oil/Ghee, Turmeric, Red Chilli Powder, Garam Masala, Salt","Egg (Guru, Ushna, builds strength, use moderately for Pitta); Onion (Ushna, stimulates Agni, balances Kapha and Vata); Tomato (Amla, sour, stimulates digestion, use sparingly for Pitta); Ginger-Garlic Paste (Ushna, kindles Agni, aids digestion); Oil/Ghee (Snigdha, unctuous, balances Vata and nourishes tissues); Turmeric (Ushna, anti-inflammatory, purifies blood); Red Chilli Powder (Ushna, heating, use sparingly for Pitta); Garam Masala (Ushna, kindles Agni, aids digestion); Salt (Ushna, enhances taste, balances electrolytes)"
Baked potato with skin,Pan-India / General Home Cooking,Curry/Gravy,Veg,A vegetarian curry/gravy typically made with potato.,Potato,,135.77,3.43,11.11,8.5,1.66,1.2,354.5,90.06,0.5,11.88,9.99,"Potato, Onion, Tomato, Ginger-Garlic Paste, Oil/Ghee, Turmeric, Red Chilli Powder, Garam Masala, Salt","Potato (Guru, Vata aggravating in excess); Onion (Ushna, stimulates Agni, balances Kapha and Vata); Tomato (Amla, sour, stimulates digestion, use sparingly for Pitta); Ginger-Garlic Paste (Ushna, kindles Agni, aids digestion); Oil/Ghee (Snigdha, unctuous, balances Vata and nourishes tissues); Turmeric (Ushna, anti-inflammatory, purifies blood); Red Chilli Powder (Ushna, heating, use sparingly for Pitta); Garam Masala (Ushna, kindles Agni, aids digestion); Salt (Ushna, enhances taste, balances electrolytes)"
Baked stuffed fish,Pan-India / General Home Cooking,Curry/Gravy,Non-Veg,A non-vegetarian curry/gravy typically made with fish.,Fish,,121.96,16.14,2.12,5.43,0.35,0.38,74.36,18.8,0.35,13.01,67.06,"Fish, Onion, Tomato, Ginger-Garlic Paste, Oil/Ghee, Turmeric, Red Chilli Powder, Garam Masala, Salt","Fish (Guru, Ushna, nourishing, best fresh); Onion (Ushna, stimulates Agni, balances Kapha and Vata); Tomato (Amla, sour, stimulates digestion, use sparingly for Pitta); Ginger-Garlic Paste (Ushna, kindles Agni, aids digestion); Oil/Ghee (Snigdha, unctuous, balances Vata and nourishes tissues); Turmeric (Ushna, anti-inflammatory, purifies blood); Red Chilli Powder (Ushna, heating, use sparingly for Pitta); Garam Masala (Ushna, kindles Agni, aids digestion); Salt (Ushna, enhances taste, balances electrolytes)"
Baked vegetables,Pan-India / General Home Cooking,Curry/Gravy,Veg,A vegetarian curry/gravy.,Mixed Vegetables,,88.99,3.67,8.44,4.44,2.56,2.34,124.7,80.2,0.62,47.05,77.19,"Mixed Vegetables, Onion, Tomato, Ginger-Garlic Paste, Oil/Ghee, Turmeric, Red Chilli Powder, Garam Masala, Salt","Mixed Vegetables (Balances doshas when eaten fresh and in moderation); Onion (Ushna, stimulates Agni, balances Kapha and Vata); Tomato (Amla, sour, stimulates digestion, use sparingly for Pitta); Ginger-Garlic Paste (Ushna, kindles Agni, aids digestion); Oil/Ghee (Snigdha, unctuous, balances Vata and nourishes tissues); Turmeric (Ushna, anti-inflammatory, purifies blood); Red Chilli Powder (Ushna, heating, use sparingly for Pitta); Garam Masala (Ushna, kindles Agni, aids digestion); Salt (Ushna, enhances taste, balances electrolytes)"
Baked vegetables with spinach,Pan-India / General Home Cooking,Curry/Gravy,Veg,A vegetarian curry/gravy typically made with spinach.,Spinach,,77.79,3.22,6.93,4.03,2.09,2.33,122.85,78.63,1.16,78.95,223.29,"Spinach, Onion, Tomato, Ginger-Garlic Paste, Oil/Ghee, Turmeric, Red Chilli Powder, Garam Masala, Salt","Spinach (Laghu, cooling, iron-rich); Onion (Ushna, stimulates Agni, balances Kapha and Vata); Tomato (Amla, sour, stimulates digestion, use sparingly for Pitta); Ginger-Garlic Paste (Ushna, kindles Agni, aids digestion); Oil/Ghee (Snigdha, unctuous, balances Vata and nourishes tissues); Turmeric (Ushna, anti-inflammatory, purifies blood); Red Chilli Powder (Ushna, heating, use sparingly for Pitta); Garam Masala (Ushna, kindles Agni, aids digestion); Salt (Ushna, enhances taste, balances electrolytes)"
Banana chips (Kele ke chips),Pan-India / General Home Cooking,Snack (Fried),Veg,A vegetarian snack typically made with banana.,Banana,,665.67,0.37,7.32,70.46,4.37,0.65,86.87,2.01,0.19,4.03,8.97,"Banana, Gram Flour (Besan)/Refined Flour, Oil (for frying), Spices, Salt","Banana (Guru, Shita, grounding); Gram Flour (Besan)/Refined Flour (Guru, heavier to digest, best in moderation); Oil (for frying) (Snigdha, unctuous, balances Vata); Spices (Balances doshas when eaten fresh and in moderation); Salt (Ushna, enhances taste, balances electrolytes)"
Banana groundnut paste/puree,Pan-India / General Home Cooking,Dessert (Souffle/Custard/Pudding),Veg,"A vegetarian dessert typically made with banana, peanut.","Banana, Peanut",,213.19,4.27,36.15,5.45,31.67,1.7,16.85,74.93,1.9,3.02,20.9,"Banana, Peanut, Milk, Sugar, Egg, Cornflour","Banana (Guru, Shita, grounding); Peanut (Guru, Ushna, energy dense); Milk (Guru, Shita, cooling and building, balances Pitta); Sugar (Guru, Madhura, builds Ojas but heavy for Kapha); Egg (Guru, Ushna, builds strength, use moderately for Pitta); Cornflour (Balances doshas when eaten fresh and in moderation)"
Banana raita (Kele ka raita),Pan-India / General Home Cooking,Curry/Side (Raita),Veg,A vegetarian curry/side typically made with banana.,Banana,,89.03,4.13,13.51,2.07,10.11,1.0,135.43,133.23,0.31,5.73,27.58,"Banana, Onion, Tomato, Ginger-Garlic Paste, Oil/Ghee, Turmeric, Red Chilli Powder, Garam Masala, Salt, Yogurt, Roasted Cumin Powder, Coriander Leaves","Banana (Guru, Shita, grounding); Onion (Ushna, stimulates Agni, balances Kapha and Vata); Tomato (Amla, sour, stimulates digestion, use sparingly for Pitta); Ginger-Garlic Paste (Ushna, kindles Agni, aids digestion); Oil/Ghee (Snigdha, unctuous, balances Vata and nourishes tissues); Turmeric (Ushna, anti-inflammatory, purifies blood); Red Chilli Powder (Ushna, heating, use sparingly for Pitta); Garam Masala (Ushna, kindles Agni, aids digestion); Salt (Ushna, enhances taste, balances electrolytes); Yogurt (Amla, Guru, sour and cooling in moderation); Roasted Cumin Powder (Ushna, kindles Agni, eases digestion); Coriander Leaves (Shita, cooling, soothes Pitta)"
Bathua bhujia,Pan-India / General Home Cooking,Curry/Gravy,Veg,A vegetarian curry/gravy.,Bathua (Pigweed),,90.9,2.26,3.63,7.29,1.08,3.8,81.99,165.84,2.36,66.6,71.68,"Bathua (Pigweed), Onion, Tomato, Ginger-Garlic Paste, Oil/Ghee, Turmeric, Red Chilli Powder, Garam Masala, Salt","Bathua (Pigweed) (Balances doshas when eaten fresh and in moderation); Onion (Ushna, stimulates Agni, balances Kapha and Vata); Tomato (Amla, sour, stimulates digestion, use sparingly for Pitta); Ginger-Garlic Paste (Ushna, kindles Agni, aids digestion); Oil/Ghee (Snigdha, unctuous, balances Vata and nourishes tissues); Turmeric (Ushna, anti-inflammatory, purifies blood); Red Chilli Powder (Ushna, heating, use sparingly for Pitta); Garam Masala (Ushna, kindles Agni, aids digestion); Salt (Ushna, enhances taste, balances electrolytes)"
Bathua poori,Pan-India / General Home Cooking,Bread/Roti,Veg,A vegetarian bread/roti.,Bathua (Pigweed),,598.79,2.35,13.85,59.14,0.41,1.87,49.71,30.83,0.96,4.56,8.77,"Bathua (Pigweed), Wheat Flour, Salt, Water, Oil/Ghee","Bathua (Pigweed) (Balances doshas when eaten fresh and in moderation); Wheat Flour (Guru, nourishing, grounds Vata); Salt (Ushna, enhances taste, balances electrolytes); Water (Balances doshas when eaten fresh and in moderation); Oil/Ghee (Snigdha, unctuous, balances Vata and nourishes tissues)"
Bathua raita,Pan-India / General Home Cooking,Curry/Side (Raita),Veg,A vegetarian curry/side.,Bathua (Pigweed),,54.4,4.13,5.31,1.76,4.11,2.19,110.92,206.31,1.46,43.65,61.2,"Bathua (Pigweed), Onion, Tomato, Ginger-Garlic Paste, Oil/Ghee, Turmeric, Red Chilli Powder, Garam Masala, Salt, Yogurt, Roasted Cumin Powder, Coriander Leaves","Bathua (Pigweed) (Balances doshas when eaten fresh and in moderation); Onion (Ushna, stimulates Agni, balances Kapha and Vata); Tomato (Amla, sour, stimulates digestion, use sparingly for Pitta); Ginger-Garlic Paste (Ushna, kindles Agni, aids digestion); Oil/Ghee (Snigdha, unctuous, balances Vata and nourishes tissues); Turmeric (Ushna, anti-inflammatory, purifies blood); Red Chilli Powder (Ushna, heating, use sparingly for Pitta); Garam Masala (Ushna, kindles Agni, aids digestion); Salt (Ushna, enhances taste, balances electrolytes); Yogurt (Amla, Guru, sour and cooling in moderation); Roasted Cumin Powder (Ushna, kindles Agni, eases digestion); Coriander Leaves (Shita, cooling, soothes Pitta)"
Beans foogath,Pan-India / General Home Cooking,Curry/Gravy,Veg,A vegetarian curry/gravy typically made with beans.,Beans,,105.06,2.03,3.26,9.22,1.7,4.15,81.22,44.2,0.95,6.36,86.05,"Beans, Onion, Tomato, Ginger-Garlic Paste, Oil/Ghee, Turmeric, Red Chilli Powder, Garam Masala, Salt","Beans (Balances doshas when eaten fresh and in moderation); Onion (Ushna, stimulates Agni, balances Kapha and Vata); Tomato (Amla, sour, stimulates digestion, use sparingly for Pitta); Ginger-Garlic Paste (Ushna, kindles Agni, aids digestion); Oil/Ghee (Snigdha, unctuous, balances Vata and nourishes tissues); Turmeric (Ushna, anti-inflammatory, purifies blood); Red Chilli Powder (Ushna, heating, use sparingly for Pitta); Garam Masala (Ushna, kindles Agni, aids digestion); Salt (Ushna, enhances taste, balances electrolytes)"
Beetroot poori (Chukandar ki poori),Pan-India / General Home Cooking,Bread/Roti,Veg,A vegetarian bread/roti.,Beetroot,,527.66,1.91,12.29,52.18,0.54,1.4,46.48,5.38,0.6,0.29,9.45,"Beetroot, Wheat Flour, Salt, Water, Oil/Ghee","Beetroot (Balances doshas when eaten fresh and in moderation); Wheat Flour (Guru, nourishing, grounds Vata); Salt (Ushna, enhances taste, balances electrolytes); Water (Balances doshas when eaten fresh and in moderation); Oil/Ghee (Snigdha, unctuous, balances Vata and nourishes tissues)"
Bengal 5 Spice Blend (Panch Phoran),Pan-India / General Home Cooking,Side/Condiment (Tempering/Spice Mix),Veg,A vegetarian side/condiment.,Mixed Whole Spices,,289.79,18.26,20.0,22.16,1.4,18.4,51.43,523.0,13.37,,,"Mixed Whole Spices, Salt, Pepper, Oil/Butter, Mustard Seeds, Cumin Seeds, Dry Red Chilli, Oil","Mixed Whole Spices (Ushna, kindles Agni, aids digestion); Salt (Ushna, enhances taste, balances electrolytes); Pepper (Ushna, heating, clears Kapha); Oil/Butter (Snigdha, unctuous, balances Vata); Mustard Seeds (Ushna, stimulates digestion); Cumin Seeds (Ushna, kindles Agni, eases digestion); Dry Red Chilli (Ushna, heating, use sparingly for Pitta); Oil (Snigdha, unctuous, balances Vata)"
Besan and spinach parantha/paratha (Besan aur palak ka parantha/paratha),Pan-India / General Home Cooking,Breakfast/Tiffin,Veg,"A vegetarian breakfast/tiffin typically made with gram flour, spinach.","Gram Flour, Spinach",,216.49,5.54,21.39,12.09,1.31,4.39,177.19,33.07,1.85,6.65,50.53,"Gram Flour, Spinach, Salt, Oil, Mixed Spices","Gram Flour (Laghu, light, balances Kapha); Spinach (Laghu, cooling, iron-rich); Salt (Ushna, enhances taste, balances electrolytes); Oil (Snigdha, unctuous, balances Vata); Mixed Spices (Ushna, kindles Agni, aids digestion)"
Besan bathua chilla/cheela,Pan-India / General Home Cooking,Breakfast/Tiffin (Pancake),Veg,A vegetarian breakfast/tiffin typically made with gram flour.,Gram Flour,,373.82,11.48,40.65,18.57,1.45,7.79,166.36,64.75,2.68,2.05,24.35,"Gram Flour, Refined Flour (Maida), Sugar, Butter, Egg, Baking Powder, Milk","Gram Flour (Laghu, light, balances Kapha); Refined Flour (Maida) (Guru, heavier to digest, best in moderation); Sugar (Guru, Madhura, builds Ojas but heavy for Kapha); Butter (Snigdha, unctuous, balances Vata); Egg (Guru, Ushna, builds strength, use moderately for Pitta); Baking Powder (Neutral, leavening agent); Milk (Guru, Shita, cooling and building, balances Pitta)"
Besan kadhi with pakodies,Pan-India / General Home Cooking,Curry/Gravy,Veg,A vegetarian curry/gravy typically made with gram flour.,Gram Flour,,403.35,1.64,3.56,42.59,0.88,0.81,60.8,24.53,0.38,4.17,77.03,"Gram Flour, Onion, Tomato, Ginger-Garlic Paste, Oil/Ghee, Turmeric, Red Chilli Powder, Garam Masala, Salt","Gram Flour (Laghu, light, balances Kapha); Onion (Ushna, stimulates Agni, balances Kapha and Vata); Tomato (Amla, sour, stimulates digestion, use sparingly for Pitta); Ginger-Garlic Paste (Ushna, kindles Agni, aids digestion); Oil/Ghee (Snigdha, unctuous, balances Vata and nourishes tissues); Turmeric (Ushna, anti-inflammatory, purifies blood); Red Chilli Powder (Ushna, heating, use sparingly for Pitta); Garam Masala (Ushna, kindles Agni, aids digestion); Salt (Ushna, enhances taste, balances electrolytes)"
Bhatura,Pan-India / General Home Cooking,Bread/Roti,Veg,A vegetarian bread/roti.,Refined Flour (Maida),,793.2,1.63,10.73,82.56,0.69,0.38,28.3,12.12,0.33,0.05,4.15,"Refined Flour (Maida), Wheat Flour, Salt, Water, Oil/Ghee","Refined Flour (Maida) (Guru, heavier to digest, best in moderation); Wheat Flour (Guru, nourishing, grounds Vata); Salt (Ushna, enhances taste, balances electrolytes); Water (Balances doshas when eaten fresh and in moderation); Oil/Ghee (Snigdha, unctuous, balances Vata and nourishes tissues)"
Bhel puri,Pan-India / General Home Cooking,Bread/Roti,Veg,A vegetarian bread/roti.,Puffed Rice,,509.89,3.52,16.47,47.91,3.41,2.24,93.98,24.22,1.29,31.61,157.03,"Puffed Rice, Wheat Flour, Salt, Water, Oil/Ghee","Puffed Rice (Laghu, easy to digest, balances Kapha); Wheat Flour (Guru, nourishing, grounds Vata); Salt (Ushna, enhances taste, balances electrolytes); Water (Balances doshas when eaten fresh and in moderation); Oil/Ghee (Snigdha, unctuous, balances Vata and nourishes tissues)"
Black channa curry/Bengal gram curry (Kale chane ki curry),Pan-India / General Home Cooking,Curry/Gravy,Veg,A vegetarian curry/gravy typically made with chickpeas.,Chickpeas,,140.68,5.67,14.11,6.61,2.36,7.99,358.63,53.87,2.43,15.13,87.38,"Chickpeas, Onion, Tomato, Ginger-Garlic Paste, Oil/Ghee, Turmeric, Red Chilli Powder, Garam Masala, Salt","Chickpeas (Laghu, grounding, aids digestion); Onion (Ushna, stimulates Agni, balances Kapha and Vata); Tomato (Amla, sour, stimulates digestion, use sparingly for Pitta); Ginger-Garlic Paste (Ushna, kindles Agni, aids digestion); Oil/Ghee (Snigdha, unctuous, balances Vata and nourishes tissues); Turmeric (Ushna, anti-inflammatory, purifies blood); Red Chilli Powder (Ushna, heating, use sparingly for Pitta); Garam Masala (Ushna, kindles Agni, aids digestion); Salt (Ushna, enhances taste, balances electrolytes)"
Black channa pulao/ Bengal gram pulao (Kale chane ka pulao),Pan-India / General Home Cooking,Rice Dish,Veg,A vegetarian rice dish typically made with chickpeas.,Chickpeas,,125.51,3.44,21.55,2.58,1.99,2.69,103.09,16.51,0.77,8.11,88.34,"Chickpeas, Rice, Oil/Ghee, Whole Spices, Salt","Chickpeas (Laghu, grounding, aids digestion); Rice (Laghu, easy to digest, balances Kapha); Oil/Ghee (Snigdha, unctuous, balances Vata and nourishes tissues); Whole Spices (Ushna, kindles Agni, aids digestion); Salt (Ushna, enhances taste, balances electrolytes)"
Black forest gateau,Pan-India / General Home Cooking,Bakery (Cake/Pastry),Veg,A vegetarian bakery.,Chocolate,,217.82,5.94,30.57,8.58,21.97,0.28,79.37,46.79,1.09,143.5,10.98,"Chocolate, Refined Flour (Maida), Sugar, Butter, Egg, Baking Powder, Milk","Chocolate (Guru, Ushna, stimulating); Refined Flour (Maida) (Guru, heavier to digest, best in moderation); Sugar (Guru, Madhura, builds Ojas but heavy for Kapha); Butter (Snigdha, unctuous, balances Vata); Egg (Guru, Ushna, builds strength, use moderately for Pitta); Baking Powder (Neutral, leavening agent); Milk (Guru, Shita, cooling and building, balances Pitta)"
Black forest pastry,Pan-India / General Home Cooking,Bakery (Cake/Pastry),Veg,A vegetarian bakery.,Chocolate,,233.55,6.09,34.48,8.46,21.35,0.54,53.43,44.15,0.92,0.91,16.28,"Chocolate, Refined Flour (Maida), Sugar, Butter, Egg, Baking Powder, Milk","Chocolate (Guru, Ushna, stimulating); Refined Flour (Maida) (Guru, heavier to digest, best in moderation); Sugar (Guru, Madhura, builds Ojas but heavy for Kapha); Butter (Snigdha, unctuous, balances Vata); Egg (Guru, Ushna, builds strength, use moderately for Pitta); Baking Powder (Neutral, leavening agent); Milk (Guru, Shita, cooling and building, balances Pitta)"
Black rice kheer (Chak-hao kheer),Pan-India / General Home Cooking,Sweet,Veg,A vegetarian sweet typically made with rice.,Rice,,147.94,4.37,22.93,4.91,12.57,0.76,25.77,94.89,0.46,3.22,11.25,"Rice, Sugar, Ghee, Milk/Khoya, Cardamom","Rice (Laghu, easy to digest, balances Kapha); Sugar (Guru, Madhura, builds Ojas but heavy for Kapha); Ghee (Snigdha, unctuous, balances Vata and nourishes tissues); Milk/Khoya (Guru, Shita, cooling and building, balances Pitta); Cardamom (Ushna, aromatic, soothes digestion)"
Boiled egg (Ubla anda),Pan-India / General Home Cooking,Breakfast (Omelette/Egg),Egg (Ovo-Veg),A egg-based breakfast typically made with egg.,Egg,,45.35,4.43,0.12,3.04,0.0,0.11,170.94,17.75,0.64,0.0,24.77,"Egg, Onion, Green Chilli, Salt, Oil","Egg (Guru, Ushna, builds strength, use moderately for Pitta); Onion (Ushna, stimulates Agni, balances Kapha and Vata); Green Chilli (Ushna, use sparingly for Pitta); Salt (Ushna, enhances taste, balances electrolytes); Oil (Snigdha, unctuous, balances Vata)"
Boiled rice (Uble chawal),Pan-India / General Home Cooking,Rice Dish,Veg,A vegetarian rice dish typically made with rice.,Rice,,117.19,2.6,25.72,0.18,0.22,1.25,1.05,2.7,0.24,0.0,9.75,"Rice, Oil/Ghee, Whole Spices, Salt","Rice (Laghu, easy to digest, balances Kapha); Oil/Ghee (Snigdha, unctuous, balances Vata and nourishes tissues); Whole Spices (Ushna, kindles Agni, aids digestion); Salt (Ushna, enhances taste, balances electrolytes)"
Boondi raita,Pan-India / General Home Cooking,Curry/Side (Raita),Veg,A vegetarian curry/side.,Boondi (Gram Flour),,687.72,2.19,3.96,73.83,1.88,0.46,99.18,49.0,0.24,0.77,37.83,"Boondi (Gram Flour), Onion, Tomato, Ginger-Garlic Paste, Oil/Ghee, Turmeric, Red Chilli Powder, Garam Masala, Salt, Yogurt, Roasted Cumin Powder, Coriander Leaves","Boondi (Gram Flour) (Laghu, light, balances Kapha); Onion (Ushna, stimulates Agni, balances Kapha and Vata); Tomato (Amla, sour, stimulates digestion, use sparingly for Pitta); Ginger-Garlic Paste (Ushna, kindles Agni, aids digestion); Oil/Ghee (Snigdha, unctuous, balances Vata and nourishes tissues); Turmeric (Ushna, anti-inflammatory, purifies blood); Red Chilli Powder (Ushna, heating, use sparingly for Pitta); Garam Masala (Ushna, kindles Agni, aids digestion); Salt (Ushna, enhances taste, balances electrolytes); Yogurt (Amla, Guru, sour and cooling in moderation); Roasted Cumin Powder (Ushna, kindles Agni, eases digestion); Coriander Leaves (Shita, cooling, soothes Pitta)"
Bottle gourd burfi (Ghiya/Lauki burfi),Pan-India / General Home Cooking,Sweet,Veg,A vegetarian sweet typically made with bottle gourd.,Bottle Gourd,,275.96,5.86,24.51,17.68,23.92,0.73,18.15,215.85,0.93,1.08,34.06,"Bottle Gourd, Sugar, Ghee, Milk/Khoya, Cardamom","Bottle Gourd (Laghu, light, supports digestion); Sugar (Guru, Madhura, builds Ojas but heavy for Kapha); Ghee (Snigdha, unctuous, balances Vata and nourishes tissues); Milk/Khoya (Guru, Shita, cooling and building, balances Pitta); Cardamom (Ushna, aromatic, soothes digestion)"
Bottle gourd kheer (Ghiya/Lauki kheer),Pan-India / General Home Cooking,Sweet,Veg,A vegetarian sweet typically made with bottle gourd.,Bottle Gourd,,84.07,2.7,10.0,3.86,9.63,0.55,19.62,94.18,0.23,6.2,35.87,"Bottle Gourd, Sugar, Ghee, Milk/Khoya, Cardamom","Bottle Gourd (Laghu, light, supports digestion); Sugar (Guru, Madhura, builds Ojas but heavy for Kapha); Ghee (Snigdha, unctuous, balances Vata and nourishes tissues); Milk/Khoya (Guru, Shita, cooling and building, balances Pitta); Cardamom (Ushna, aromatic, soothes digestion)"
Bottle gourd raita (Ghiya/Lauki ka raita),Pan-India / General Home Cooking,Curry/Side (Raita),Veg,A vegetarian curry/side typically made with bottle gourd.,Bottle Gourd,,56.31,3.98,5.76,2.07,5.25,0.85,188.37,138.26,0.23,4.76,39.49,"Bottle Gourd, Onion, Tomato, Ginger-Garlic Paste, Oil/Ghee, Turmeric, Red Chilli Powder, Garam Masala, Salt, Yogurt, Roasted Cumin Powder, Coriander Leaves","Bottle Gourd (Laghu, light, supports digestion); Onion (Ushna, stimulates Agni, balances Kapha and Vata); Tomato (Amla, sour, stimulates digestion, use sparingly for Pitta); Ginger-Garlic Paste (Ushna, kindles Agni, aids digestion); Oil/Ghee (Snigdha, unctuous, balances Vata and nourishes tissues); Turmeric (Ushna, anti-inflammatory, purifies blood); Red Chilli Powder (Ushna, heating, use sparingly for Pitta); Garam Masala (Ushna, kindles Agni, aids digestion); Salt (Ushna, enhances taste, balances electrolytes); Yogurt (Amla, Guru, sour and cooling in moderation); Roasted Cumin Powder (Ushna, kindles Agni, eases digestion); Coriander Leaves (Shita, cooling, soothes Pitta)"
Bread and butter pudding,Pan-India / General Home Cooking,Bakery (Bread),Veg,"A vegetarian bakery typically made with butter, bread.","Butter, Bread",,167.94,5.59,19.63,7.88,11.84,0.98,96.3,105.54,0.9,1.58,21.41,"Butter, Bread, Refined Flour (Maida), Yeast, Salt, Sugar, Water","Butter (Snigdha, unctuous, balances Vata); Bread (Balances doshas when eaten fresh and in moderation); Refined Flour (Maida) (Guru, heavier to digest, best in moderation); Yeast (Neutral, leavening agent); Salt (Ushna, enhances taste, balances electrolytes); Sugar (Guru, Madhura, builds Ojas but heavy for Kapha); Water (Balances doshas when eaten fresh and in moderation)"
Bread pakora/pakoda,Pan-India / General Home Cooking,Bakery (Bread),Veg,A vegetarian bakery typically made with bread.,Bread,,710.99,2.57,8.87,74.2,0.46,1.11,101.49,19.83,0.46,0.01,114.11,"Bread, Refined Flour (Maida), Yeast, Salt, Sugar, Water","Bread (Balances doshas when eaten fresh and in moderation); Refined Flour (Maida) (Guru, heavier to digest, best in moderation); Yeast (Neutral, leavening agent); Salt (Ushna, enhances taste, balances electrolytes); Sugar (Guru, Madhura, builds Ojas but heavy for Kapha); Water (Balances doshas when eaten fresh and in moderation)"
Bread roll,Pan-India / General Home Cooking,Bakery (Bread),Veg,A vegetarian bakery typically made with bread.,Bread,,435.46,2.85,16.12,40.25,0.94,1.45,139.34,44.83,0.71,6.79,15.69,"Bread, Refined Flour (Maida), Yeast, Salt, Sugar, Water","Bread (Balances doshas when eaten fresh and in moderation); Refined Flour (Maida) (Guru, heavier to digest, best in moderation); Yeast (Neutral, leavening agent); Salt (Ushna, enhances taste, balances electrolytes); Sugar (Guru, Madhura, builds Ojas but heavy for Kapha); Water (Balances doshas when eaten fresh and in moderation)"
Bread upma,Pan-India / General Home Cooking,Bakery (Bread),Veg,A vegetarian bakery typically made with bread.,Bread,,129.51,2.8,12.6,7.75,1.56,1.96,176.44,45.22,0.82,4.64,15.79,"Bread, Refined Flour (Maida), Yeast, Salt, Sugar, Water","Bread (Balances doshas when eaten fresh and in moderation); Refined Flour (Maida) (Guru, heavier to digest, best in moderation); Yeast (Neutral, leavening agent); Salt (Ushna, enhances taste, balances electrolytes); Sugar (Guru, Madhura, builds Ojas but heavy for Kapha); Water (Balances doshas when eaten fresh and in moderation)"
Brinjal bhartha (Baingan ka bhartha),Pan-India / General Home Cooking,Curry/Gravy,Veg,A vegetarian curry/gravy typically made with brinjal.,Brinjal,,65.12,1.38,4.4,4.48,1.82,3.27,132.15,17.85,0.48,24.05,92.42,"Brinjal, Onion, Tomato, Ginger-Garlic Paste, Oil/Ghee, Turmeric, Red Chilli Powder, Garam Masala, Salt","Brinjal (Laghu, light, supports digestion); Onion (Ushna, stimulates Agni, balances Kapha and Vata); Tomato (Amla, sour, stimulates digestion, use sparingly for Pitta); Ginger-Garlic Paste (Ushna, kindles Agni, aids digestion); Oil/Ghee (Snigdha, unctuous, balances Vata and nourishes tissues); Turmeric (Ushna, anti-inflammatory, purifies blood); Red Chilli Powder (Ushna, heating, use sparingly for Pitta); Garam Masala (Ushna, kindles Agni, aids digestion); Salt (Ushna, enhances taste, balances electrolytes)"
Brinjal pickle (Baingan ka achaar),Pan-India / General Home Cooking,Pickle/Preserve,Veg,A vegetarian pickle/preserve typically made with brinjal.,Brinjal,,139.01,2.24,4.23,12.98,1.07,4.62,3507.59,37.28,2.16,,,"Brinjal, Oil, Mustard Seeds, Turmeric, Red Chilli Powder, Salt","Brinjal (Laghu, light, supports digestion); Oil (Snigdha, unctuous, balances Vata); Mustard Seeds (Ushna, stimulates digestion); Turmeric (Ushna, anti-inflammatory, purifies blood); Red Chilli Powder (Ushna, heating, use sparingly for Pitta); Salt (Ushna, enhances taste, balances electrolytes)"
Broccoli chicken ala king,Pan-India / General Home Cooking,Curry/Gravy,Non-Veg,A non-vegetarian curry/gravy typically made with chicken.,Chicken,,119.56,7.97,5.34,7.57,2.49,1.92,104.01,73.36,0.78,79.81,105.46,"Chicken, Onion, Tomato, Ginger-Garlic Paste, Oil/Ghee, Turmeric, Red Chilli Powder, Garam Masala, Salt","Chicken (Guru, Ushna, builds strength); Onion (Ushna, stimulates Agni, balances Kapha and Vata); Tomato (Amla, sour, stimulates digestion, use sparingly for Pitta); Ginger-Garlic Paste (Ushna, kindles Agni, aids digestion); Oil/Ghee (Snigdha, unctuous, balances Vata and nourishes tissues); Turmeric (Ushna, anti-inflammatory, purifies blood); Red Chilli Powder (Ushna, heating, use sparingly for Pitta); Garam Masala (Ushna, kindles Agni, aids digestion); Salt (Ushna, enhances taste, balances electrolytes)"
Broccoli delight,Pan-India / General Home Cooking,Curry/Gravy,Veg,A vegetarian curry/gravy.,Broccoli,,40.7,2.49,2.34,2.48,1.08,2.83,59.26,26.99,0.71,79.0,97.64,"Broccoli, Onion, Tomato, Ginger-Garlic Paste, Oil/Ghee, Turmeric, Red Chilli Powder, Garam Masala, Salt","Broccoli (Balances doshas when eaten fresh and in moderation); Onion (Ushna, stimulates Agni, balances Kapha and Vata); Tomato (Amla, sour, stimulates digestion, use sparingly for Pitta); Ginger-Garlic Paste (Ushna, kindles Agni, aids digestion); Oil/Ghee (Snigdha, unctuous, balances Vata and nourishes tissues); Turmeric (Ushna, anti-inflammatory, purifies blood); Red Chilli Powder (Ushna, heating, use sparingly for Pitta); Garam Masala (Ushna, kindles Agni, aids digestion); Salt (Ushna, enhances taste, balances electrolytes)"
Brown stock,Pan-India / General Home Cooking,Sauce/Condiment (Base Stock),Veg,A vegetarian sauce/condiment.,Bones,,21.32,1.95,0.25,1.38,0.14,0.09,44.6,17.16,0.3,1.5,6.33,"Bones, Butter, Refined Flour (Maida), Salt, Pepper, Oil/Butter","Bones (Guru, Ushna, deeply nourishing); Butter (Snigdha, unctuous, balances Vata); Refined Flour (Maida) (Guru, heavier to digest, best in moderation); Salt (Ushna, enhances taste, balances electrolytes); Pepper (Ushna, heating, clears Kapha); Oil/Butter (Snigdha, unctuous, balances Vata)"
Butter chicken,Pan-India / General Home Cooking,Curry/Gravy,Non-Veg,"A non-vegetarian curry/gravy typically made with butter, chicken.","Butter, Chicken",,137.0,10.92,3.74,8.7,2.37,1.32,26.21,25.28,0.92,32.65,40.85,"Butter, Chicken, Onion, Tomato, Ginger-Garlic Paste, Oil/Ghee, Turmeric, Red Chilli Powder, Garam Masala, Salt","Butter (Snigdha, unctuous, balances Vata); Chicken (Guru, Ushna, builds strength); Onion (Ushna, stimulates Agni, balances Kapha and Vata); Tomato (Amla, sour, stimulates digestion, use sparingly for Pitta); Ginger-Garlic Paste (Ushna, kindles Agni, aids digestion); Oil/Ghee (Snigdha, unctuous, balances Vata and nourishes tissues); Turmeric (Ushna, anti-inflammatory, purifies blood); Red Chilli Powder (Ushna, heating, use sparingly for Pitta); Garam Masala (Ushna, kindles Agni, aids digestion); Salt (Ushna, enhances taste, balances electrolytes)"
Butter icing,Pan-India / General Home Cooking,Bakery (Icing/Topping),Veg,A vegetarian bakery typically made with butter.,Butter,,500.72,0.19,71.64,25.37,71.64,0.0,5.98,12.48,0.14,0.0,0.0,"Butter, Icing Sugar, Water","Butter (Snigdha, unctuous, balances Vata); Icing Sugar (Guru, Madhura, builds Ojas but heavy for Kapha); Water (Balances doshas when eaten fresh and in moderation)"
Cabbage and peas (Pattagobhi aur matar),Pan-India / General Home Cooking,Curry/Gravy,Veg,"A vegetarian curry/gravy typically made with cabbage, cauliflower, green peas.","Cabbage, Cauliflower, Green Peas",,63.88,3.24,6.24,2.64,0.97,3.99,253.73,45.5,1.1,54.84,75.95,"Cabbage, Cauliflower, Green Peas, Onion, Tomato, Ginger-Garlic Paste, Oil/Ghee, Turmeric, Red Chilli Powder, Garam Masala, Salt","Cabbage (Laghu, Shita, light but can increase Vata); Cauliflower (Balances doshas when eaten fresh and in moderation); Green Peas (Balances doshas when eaten fresh and in moderation); Onion (Ushna, stimulates Agni, balances Kapha and Vata); Tomato (Amla, sour, stimulates digestion, use sparingly for Pitta); Ginger-Garlic Paste (Ushna, kindles Agni, aids digestion); Oil/Ghee (Snigdha, unctuous, balances Vata and nourishes tissues); Turmeric (Ushna, anti-inflammatory, purifies blood); Red Chilli Powder (Ushna, heating, use sparingly for Pitta); Garam Masala (Ushna, kindles Agni, aids digestion); Salt (Ushna, enhances taste, balances electrolytes)"
Cabbage kheer (Pattagobhi ki kheer),Pan-India / General Home Cooking,Sweet,Veg,"A vegetarian sweet typically made with cabbage, cauliflower.","Cabbage, Cauliflower",,83.51,2.87,9.73,3.8,9.28,0.51,22.67,102.74,0.24,17.36,33.51,"Cabbage, Cauliflower, Sugar, Ghee, Milk/Khoya, Cardamom","Cabbage (Laghu, Shita, light but can increase Vata); Cauliflower (Balances doshas when eaten fresh and in moderation); Sugar (Guru, Madhura, builds Ojas but heavy for Kapha); Ghee (Snigdha, unctuous, balances Vata and nourishes tissues); Milk/Khoya (Guru, Shita, cooling and building, balances Pitta); Cardamom (Ushna, aromatic, soothes digestion)"
Cabbage kofta curry (Pattagobhi kofta curry),Pan-India / General Home Cooking,Curry/Gravy,Veg,"A vegetarian curry/gravy typically made with cabbage, cauliflower.","Cabbage, Cauliflower",,639.81,0.98,2.87,69.4,0.89,0.9,92.85,15.46,0.34,43.56,90.4,"Cabbage, Cauliflower, Onion, Tomato, Ginger-Garlic Paste, Oil/Ghee, Turmeric, Red Chilli Powder, Garam Masala, Salt","Cabbage (Laghu, Shita, light but can increase Vata); Cauliflower (Balances doshas when eaten fresh and in moderation); Onion (Ushna, stimulates Agni, balances Kapha and Vata); Tomato (Amla, sour, stimulates digestion, use sparingly for Pitta); Ginger-Garlic Paste (Ushna, kindles Agni, aids digestion); Oil/Ghee (Snigdha, unctuous, balances Vata and nourishes tissues); Turmeric (Ushna, anti-inflammatory, purifies blood); Red Chilli Powder (Ushna, heating, use sparingly for Pitta); Garam Masala (Ushna, kindles Agni, aids digestion); Salt (Ushna, enhances taste, balances electrolytes)"
Cabbage raita (Pattagobhi raita),Pan-India / General Home Cooking,Curry/Side (Raita),Veg,"A vegetarian curry/side typically made with cabbage, cauliflower.","Cabbage, Cauliflower",,84.84,3.24,5.25,5.76,4.21,0.93,125.31,118.49,0.19,28.29,53.73,"Cabbage, Cauliflower, Onion, Tomato, Ginger-Garlic Paste, Oil/Ghee, Turmeric, Red Chilli Powder, Garam Masala, Salt, Yogurt, Roasted Cumin Powder, Coriander Leaves","Cabbage (Laghu, Shita, light but can increase Vata); Cauliflower (Balances doshas when eaten fresh and in moderation); Onion (Ushna, stimulates Agni, balances Kapha and Vata); Tomato (Amla, sour, stimulates digestion, use sparingly for Pitta); Ginger-Garlic Paste (Ushna, kindles Agni, aids digestion); Oil/Ghee (Snigdha, unctuous, balances Vata and nourishes tissues); Turmeric (Ushna, anti-inflammatory, purifies blood); Red Chilli Powder (Ushna, heating, use sparingly for Pitta); Garam Masala (Ushna, kindles Agni, aids digestion); Salt (Ushna, enhances taste, balances electrolytes); Yogurt (Amla, Guru, sour and cooling in moderation); Roasted Cumin Powder (Ushna, kindles Agni, eases digestion); Coriander Leaves (Shita, cooling, soothes Pitta)"
Cabbage rolls (curry) ((Pattagobhi rolls)(curry)),Pan-India / General Home Cooking,Snack (Fried),Veg,"A vegetarian snack typically made with cabbage, cauliflower.","Cabbage, Cauliflower",,124.63,5.76,7.03,8.17,3.81,2.35,123.98,29.82,0.95,26.91,34.04,"Cabbage, Cauliflower, Gram Flour (Besan)/Refined Flour, Oil (for frying), Spices, Salt","Cabbage (Laghu, Shita, light but can increase Vata); Cauliflower (Balances doshas when eaten fresh and in moderation); Gram Flour (Besan)/Refined Flour (Guru, heavier to digest, best in moderation); Oil (for frying) (Snigdha, unctuous, balances Vata); Spices (Balances doshas when eaten fresh and in moderation); Salt (Ushna, enhances taste, balances electrolytes)"
Cabbage rolls (dry) ((Pattagobhi rolls) (dry)),Pan-India / General Home Cooking,Snack (Fried),Veg,"A vegetarian snack typically made with cabbage, cauliflower.","Cabbage, Cauliflower",,142.48,8.21,6.09,9.36,1.26,1.84,118.05,31.54,0.98,12.69,19.01,"Cabbage, Cauliflower, Gram Flour (Besan)/Refined Flour, Oil (for frying), Spices, Salt","Cabbage (Laghu, Shita, light but can increase Vata); Cauliflower (Balances doshas when eaten fresh and in moderation); Gram Flour (Besan)/Refined Flour (Guru, heavier to digest, best in moderation); Oil (for frying) (Snigdha, unctuous, balances Vata); Spices (Balances doshas when eaten fresh and in moderation); Salt (Ushna, enhances taste, balances electrolytes)"
Canjee,Pan-India / General Home Cooking,Curry/Gravy,Veg,A vegetarian curry/gravy.,Rice,,6.61,0.24,0.44,0.42,0.21,0.36,43.03,5.82,0.17,0.52,3.61,"Rice, Onion, Tomato, Ginger-Garlic Paste, Oil/Ghee, Turmeric, Red Chilli Powder, Garam Masala, Salt","Rice (Laghu, easy to digest, balances Kapha); Onion (Ushna, stimulates Agni, balances Kapha and Vata); Tomato (Amla, sour, stimulates digestion, use sparingly for Pitta); Ginger-Garlic Paste (Ushna, kindles Agni, aids digestion); Oil/Ghee (Snigdha, unctuous, balances Vata and nourishes tissues); Turmeric (Ushna, anti-inflammatory, purifies blood); Red Chilli Powder (Ushna, heating, use sparingly for Pitta); Garam Masala (Ushna, kindles Agni, aids digestion); Salt (Ushna, enhances taste, balances electrolytes)"
Carrot and cabbage with coconut (Nariyal ke saath pattagobhi aur gajar),Pan-India / General Home Cooking,Curry/Gravy,Veg,"A vegetarian curry/gravy typically made with cabbage, cauliflower, carrot, coconut.","Cabbage, Cauliflower, Carrot, Coconut",,106.61,1.82,4.99,8.62,2.36,4.52,219.6,48.63,0.84,41.01,72.27,"Cabbage, Cauliflower, Carrot, Coconut, Onion, Tomato, Ginger-Garlic Paste, Oil/Ghee, Turmeric, Red Chilli Powder, Garam Masala, Salt","Cabbage (Laghu, Shita, light but can increase Vata); Cauliflower (Balances doshas when eaten fresh and in moderation); Carrot (Laghu, sweet, balances Pitta); Coconut (Shita, cooling, pacifies Pitta); Onion (Ushna, stimulates Agni, balances Kapha and Vata); Tomato (Amla, sour, stimulates digestion, use sparingly for Pitta); Ginger-Garlic Paste (Ushna, kindles Agni, aids digestion); Oil/Ghee (Snigdha, unctuous, balances Vata and nourishes tissues); Turmeric (Ushna, anti-inflammatory, purifies blood); Red Chilli Powder (Ushna, heating, use sparingly for Pitta); Garam Masala (Ushna, kindles Agni, aids digestion); Salt (Ushna, enhances taste, balances electrolytes)"
Carrot and fenugreek leaves (Gajar methi),Pan-India / General Home Cooking,Curry/Gravy,Veg,"A vegetarian curry/gravy typically made with carrot, fenugreek.","Carrot, Fenugreek",,61.92,2.1,4.17,3.81,2.11,4.43,262.91,128.83,2.72,51.83,81.67,"Carrot, Fenugreek, Onion, Tomato, Ginger-Garlic Paste, Oil/Ghee, Turmeric, Red Chilli Powder, Garam Masala, Salt","Carrot (Laghu, sweet, balances Pitta); Fenugreek (Ushna, aids digestion, bitter); Onion (Ushna, stimulates Agni, balances Kapha and Vata); Tomato (Amla, sour, stimulates digestion, use sparingly for Pitta); Ginger-Garlic Paste (Ushna, kindles Agni, aids digestion); Oil/Ghee (Snigdha, unctuous, balances Vata and nourishes tissues); Turmeric (Ushna, anti-inflammatory, purifies blood); Red Chilli Powder (Ushna, heating, use sparingly for Pitta); Garam Masala (Ushna, kindles Agni, aids digestion); Salt (Ushna, enhances taste, balances electrolytes)"
Carrot and spinach raita (Gajar aur palak ka raita),Pan-India / General Home Cooking,Curry/Side (Raita),Veg,"A vegetarian curry/side typically made with spinach, carrot.","Spinach, Carrot",,56.83,4.0,5.83,1.99,4.93,1.39,180.79,142.57,1.04,19.29,95.51,"Spinach, Carrot, Onion, Tomato, Ginger-Garlic Paste, Oil/Ghee, Turmeric, Red Chilli Powder, Garam Masala, Salt, Yogurt, Roasted Cumin Powder, Coriander Leaves","Spinach (Laghu, cooling, iron-rich); Carrot (Laghu, sweet, balances Pitta); Onion (Ushna, stimulates Agni, balances Kapha and Vata); Tomato (Amla, sour, stimulates digestion, use sparingly for Pitta); Ginger-Garlic Paste (Ushna, kindles Agni, aids digestion); Oil/Ghee (Snigdha, unctuous, balances Vata and nourishes tissues); Turmeric (Ushna, anti-inflammatory, purifies blood); Red Chilli Powder (Ushna, heating, use sparingly for Pitta); Garam Masala (Ushna, kindles Agni, aids digestion); Salt (Ushna, enhances taste, balances electrolytes); Yogurt (Amla, Guru, sour and cooling in moderation); Roasted Cumin Powder (Ushna, kindles Agni, eases digestion); Coriander Leaves (Shita, cooling, soothes Pitta)"
Carrot halwa (Gajar ka halwa),Pan-India / General Home Cooking,Sweet,Veg,A vegetarian sweet typically made with carrot.,Carrot,,172.64,3.11,18.53,9.73,16.85,2.65,39.96,106.94,0.76,6.53,44.8,"Carrot, Sugar, Ghee, Milk/Khoya, Cardamom","Carrot (Laghu, sweet, balances Pitta); Sugar (Guru, Madhura, builds Ojas but heavy for Kapha); Ghee (Snigdha, unctuous, balances Vata and nourishes tissues); Milk/Khoya (Guru, Shita, cooling and building, balances Pitta); Cardamom (Ushna, aromatic, soothes digestion)"
Carrot kheer (Gajar ki kheer),Pan-India / General Home Cooking,Sweet,Veg,A vegetarian sweet typically made with carrot.,Carrot,,85.35,2.81,10.09,3.85,9.63,0.73,28.54,100.12,0.28,6.54,24.59,"Carrot, Sugar, Ghee, Milk/Khoya, Cardamom","Carrot (Laghu, sweet, balances Pitta); Sugar (Guru, Madhura, builds Ojas but heavy for Kapha); Ghee (Snigdha, unctuous, balances Vata and nourishes tissues); Milk/Khoya (Guru, Shita, cooling and building, balances Pitta); Cardamom (Ushna, aromatic, soothes digestion)"
Carrot murabba (Gajar ka murabba),Pan-India / General Home Cooking,Pickle/Preserve,Veg,A vegetarian pickle/preserve typically made with carrot.,Carrot,,175.24,0.32,45.6,0.16,44.83,1.39,19.53,15.86,0.28,,,"Carrot, Oil, Mustard Seeds, Turmeric, Red Chilli Powder, Salt","Carrot (Laghu, sweet, balances Pitta); Oil (Snigdha, unctuous, balances Vata); Mustard Seeds (Ushna, stimulates digestion); Turmeric (Ushna, anti-inflammatory, purifies blood); Red Chilli Powder (Ushna, heating, use sparingly for Pitta); Salt (Ushna, enhances taste, balances electrolytes)"
Carrot raita (Gajar ka raita),Pan-India / General Home Cooking,Curry/Side (Raita),Veg,A vegetarian curry/side typically made with carrot.,Carrot,,64.78,4.14,7.19,2.19,5.99,1.69,274.46,146.72,0.55,7.76,32.0,"Carrot, Onion, Tomato, Ginger-Garlic Paste, Oil/Ghee, Turmeric, Red Chilli Powder, Garam Masala, Salt, Yogurt, Roasted Cumin Powder, Coriander Leaves","Carrot (Laghu, sweet, balances Pitta); Onion (Ushna, stimulates Agni, balances Kapha and Vata); Tomato (Amla, sour, stimulates digestion, use sparingly for Pitta); Ginger-Garlic Paste (Ushna, kindles Agni, aids digestion); Oil/Ghee (Snigdha, unctuous, balances Vata and nourishes tissues); Turmeric (Ushna, anti-inflammatory, purifies blood); Red Chilli Powder (Ushna, heating, use sparingly for Pitta); Garam Masala (Ushna, kindles Agni, aids digestion); Salt (Ushna, enhances taste, balances electrolytes); Yogurt (Amla, Guru, sour and cooling in moderation); Roasted Cumin Powder (Ushna, kindles Agni, eases digestion); Coriander Leaves (Shita, cooling, soothes Pitta)"
Cashewnut burfi (Kaju burfi/Kaju katli),Pan-India / General Home Cooking,Sweet,Veg,A vegetarian sweet typically made with cashew.,Cashew,,421.74,5.48,37.92,28.46,31.43,1.12,4.23,12.95,1.79,0.0,2.1,"Cashew, Sugar, Ghee, Milk/Khoya, Cardamom","Cashew (Guru, Snigdha, builds tissue); Sugar (Guru, Madhura, builds Ojas but heavy for Kapha); Ghee (Snigdha, unctuous, balances Vata and nourishes tissues); Milk/Khoya (Guru, Shita, cooling and building, balances Pitta); Cardamom (Ushna, aromatic, soothes digestion)"
Cauliflower basket,Pan-India / General Home Cooking,Curry/Gravy,Veg,A vegetarian curry/gravy typically made with cauliflower.,Cauliflower,,90.95,5.21,3.97,5.88,1.47,2.4,194.22,100.19,0.92,71.55,88.46,"Cauliflower, Onion, Tomato, Ginger-Garlic Paste, Oil/Ghee, Turmeric, Red Chilli Powder, Garam Masala, Salt","Cauliflower (Balances doshas when eaten fresh and in moderation); Onion (Ushna, stimulates Agni, balances Kapha and Vata); Tomato (Amla, sour, stimulates digestion, use sparingly for Pitta); Ginger-Garlic Paste (Ushna, kindles Agni, aids digestion); Oil/Ghee (Snigdha, unctuous, balances Vata and nourishes tissues); Turmeric (Ushna, anti-inflammatory, purifies blood); Red Chilli Powder (Ushna, heating, use sparingly for Pitta); Garam Masala (Ushna, kindles Agni, aids digestion); Salt (Ushna, enhances taste, balances electrolytes)"
Cauliflower canjee (Phoolgobhi ki canjee),Pan-India / General Home Cooking,Curry/Gravy,Veg,A vegetarian curry/gravy typically made with cauliflower.,Cauliflower,,6.9,0.39,0.35,0.42,0.09,0.49,41.45,6.26,0.22,7.86,9.26,"Cauliflower, Onion, Tomato, Ginger-Garlic Paste, Oil/Ghee, Turmeric, Red Chilli Powder, Garam Masala, Salt","Cauliflower (Balances doshas when eaten fresh and in moderation); Onion (Ushna, stimulates Agni, balances Kapha and Vata); Tomato (Amla, sour, stimulates digestion, use sparingly for Pitta); Ginger-Garlic Paste (Ushna, kindles Agni, aids digestion); Oil/Ghee (Snigdha, unctuous, balances Vata and nourishes tissues); Turmeric (Ushna, anti-inflammatory, purifies blood); Red Chilli Powder (Ushna, heating, use sparingly for Pitta); Garam Masala (Ushna, kindles Agni, aids digestion); Salt (Ushna, enhances taste, balances electrolytes)"
Cauliflower kheer (Phoolgobhi ki kheer),Pan-India / General Home Cooking,Sweet,Veg,A vegetarian sweet typically made with cauliflower.,Cauliflower,,81.95,3.04,8.78,3.95,8.49,0.55,25.19,101.75,0.3,23.92,36.87,"Cauliflower, Sugar, Ghee, Milk/Khoya, Cardamom","Cauliflower (Balances doshas when eaten fresh and in moderation); Sugar (Guru, Madhura, builds Ojas but heavy for Kapha); Ghee (Snigdha, unctuous, balances Vata and nourishes tissues); Milk/Khoya (Guru, Shita, cooling and building, balances Pitta); Cardamom (Ushna, aromatic, soothes digestion)"
Cauliflower kofta curry (Phoolgobhi kofta curry),Pan-India / General Home Cooking,Curry/Gravy,Veg,A vegetarian curry/gravy typically made with cauliflower.,Cauliflower,,641.1,1.04,2.62,69.62,0.83,1.0,93.65,12.26,0.4,53.98,89.51,"Cauliflower, Onion, Tomato, Ginger-Garlic Paste, Oil/Ghee, Turmeric, Red Chilli Powder, Garam Masala, Salt","Cauliflower (Balances doshas when eaten fresh and in moderation); Onion (Ushna, stimulates Agni, balances Kapha and Vata); Tomato (Amla, sour, stimulates digestion, use sparingly for Pitta); Ginger-Garlic Paste (Ushna, kindles Agni, aids digestion); Oil/Ghee (Snigdha, unctuous, balances Vata and nourishes tissues); Turmeric (Ushna, anti-inflammatory, purifies blood); Red Chilli Powder (Ushna, heating, use sparingly for Pitta); Garam Masala (Ushna, kindles Agni, aids digestion); Salt (Ushna, enhances taste, balances electrolytes)"
Cauliflower musallam (Phoolgobhi musallam),Pan-India / General Home Cooking,Curry/Gravy,Veg,A vegetarian curry/gravy typically made with cauliflower.,Cauliflower,,58.83,1.89,4.48,3.55,1.71,3.06,123.36,24.61,0.83,71.44,76.8,"Cauliflower, Onion, Tomato, Ginger-Garlic Paste, Oil/Ghee, Turmeric, Red Chilli Powder, Garam Masala, Salt","Cauliflower (Balances doshas when eaten fresh and in moderation); Onion (Ushna, stimulates Agni, balances Kapha and Vata); Tomato (Amla, sour, stimulates digestion, use sparingly for Pitta); Ginger-Garlic Paste (Ushna, kindles Agni, aids digestion); Oil/Ghee (Snigdha, unctuous, balances Vata and nourishes tissues); Turmeric (Ushna, anti-inflammatory, purifies blood); Red Chilli Powder (Ushna, heating, use sparingly for Pitta); Garam Masala (Ushna, kindles Agni, aids digestion); Salt (Ushna, enhances taste, balances electrolytes)"
Cauliflower pakora/pakoda (Phoolgobhi ke pakode),Pan-India / General Home Cooking,Snack (Fried),Veg,A vegetarian snack typically made with cauliflower.,Cauliflower,,671.63,1.98,4.52,71.86,0.23,1.26,66.54,8.44,0.42,37.72,133.47,"Cauliflower, Gram Flour (Besan)/Refined Flour, Oil (for frying), Spices, Salt","Cauliflower (Balances doshas when eaten fresh and in moderation); Gram Flour (Besan)/Refined Flour (Guru, heavier to digest, best in moderation); Oil (for frying) (Snigdha, unctuous, balances Vata); Spices (Balances doshas when eaten fresh and in moderation); Salt (Ushna, enhances taste, balances electrolytes)"
Cauliflower parantha/paratha (Phoolgobhi ka parantha/paratha),Pan-India / General Home Cooking,Breakfast/Tiffin,Veg,A vegetarian breakfast/tiffin typically made with cauliflower.,Cauliflower,,178.07,3.73,18.84,9.47,1.15,4.68,190.03,22.0,1.59,17.61,26.32,"Cauliflower, Salt, Oil, Mixed Spices","Cauliflower (Balances doshas when eaten fresh and in moderation); Salt (Ushna, enhances taste, balances electrolytes); Oil (Snigdha, unctuous, balances Vata); Mixed Spices (Ushna, kindles Agni, aids digestion)"
Cauliflower potato canjee,Pan-India / General Home Cooking,Curry/Gravy,Veg,"A vegetarian curry/gravy typically made with potato, cauliflower.","Potato, Cauliflower",,16.79,0.57,2.63,0.39,0.13,0.69,35.58,6.78,0.28,15.57,14.43,"Potato, Cauliflower, Onion, Tomato, Ginger-Garlic Paste, Oil/Ghee, Turmeric, Red Chilli Powder, Garam Masala, Salt","Potato (Guru, Vata aggravating in excess); Cauliflower (Balances doshas when eaten fresh and in moderation); Onion (Ushna, stimulates Agni, balances Kapha and Vata); Tomato (Amla, sour, stimulates digestion, use sparingly for Pitta); Ginger-Garlic Paste (Ushna, kindles Agni, aids digestion); Oil/Ghee (Snigdha, unctuous, balances Vata and nourishes tissues); Turmeric (Ushna, anti-inflammatory, purifies blood); Red Chilli Powder (Ushna, heating, use sparingly for Pitta); Garam Masala (Ushna, kindles Agni, aids digestion); Salt (Ushna, enhances taste, balances electrolytes)"
Cauliflower with coconut (Nariyal ke saath phoolgobhi),Pan-India / General Home Cooking,Curry/Gravy,Veg,"A vegetarian curry/gravy typically made with cauliflower, coconut.","Cauliflower, Coconut",,132.11,2.64,3.99,11.56,1.71,5.27,286.06,35.37,1.33,51.79,59.84,"Cauliflower, Coconut, Onion, Tomato, Ginger-Garlic Paste, Oil/Ghee, Turmeric, Red Chilli Powder, Garam Masala, Salt","Cauliflower (Balances doshas when eaten fresh and in moderation); Coconut (Shita, cooling, pacifies Pitta); Onion (Ushna, stimulates Agni, balances Kapha and Vata); Tomato (Amla, sour, stimulates digestion, use sparingly for Pitta); Ginger-Garlic Paste (Ushna, kindles Agni, aids digestion); Oil/Ghee (Snigdha, unctuous, balances Vata and nourishes tissues); Turmeric (Ushna, anti-inflammatory, purifies blood); Red Chilli Powder (Ushna, heating, use sparingly for Pitta); Garam Masala (Ushna, kindles Agni, aids digestion); Salt (Ushna, enhances taste, balances electrolytes)"
"Cauliflower, pea and potato bhujia (Phoolgobhi, matar aur aloo bhujia)",Pan-India / General Home Cooking,Curry/Gravy,Veg,"A vegetarian curry/gravy typically made with potato, cauliflower, green peas.","Potato, Cauliflower, Green Peas",,95.67,2.75,8.23,5.54,1.47,3.26,86.29,21.05,0.98,53.51,60.04,"Potato, Cauliflower, Green Peas, Onion, Tomato, Ginger-Garlic Paste, Oil/Ghee, Turmeric, Red Chilli Powder, Garam Masala, Salt","Potato (Guru, Vata aggravating in excess); Cauliflower (Balances doshas when eaten fresh and in moderation); Green Peas (Balances doshas when eaten fresh and in moderation); Onion (Ushna, stimulates Agni, balances Kapha and Vata); Tomato (Amla, sour, stimulates digestion, use sparingly for Pitta); Ginger-Garlic Paste (Ushna, kindles Agni, aids digestion); Oil/Ghee (Snigdha, unctuous, balances Vata and nourishes tissues); Turmeric (Ushna, anti-inflammatory, purifies blood); Red Chilli Powder (Ushna, heating, use sparingly for Pitta); Garam Masala (Ushna, kindles Agni, aids digestion); Salt (Ushna, enhances taste, balances electrolytes)"
Cereal mix,Pan-India / General Home Cooking,Breakfast (Porridge/Cereal),Veg,A vegetarian breakfast.,Mixed Cereals,,120.81,3.32,21.84,2.02,10.68,2.03,9.29,21.4,1.18,0.62,23.98,"Mixed Cereals, Milk/Water, Sugar, Salt","Mixed Cereals (Balances doshas when eaten fresh and in moderation); Milk/Water (Guru, Shita, cooling and building, balances Pitta); Sugar (Guru, Madhura, builds Ojas but heavy for Kapha); Salt (Ushna, enhances taste, balances electrolytes)"
Cereal pulse mix with amylase rice flour,Pan-India / General Home Cooking,Rice Dish,Veg,A vegetarian rice dish typically made with rice.,Rice,,151.57,4.27,27.8,2.74,8.84,3.47,1.03,12.61,1.19,0.0,18.71,"Rice, Oil/Ghee, Whole Spices, Salt","Rice (Laghu, easy to digest, balances Kapha); Oil/Ghee (Snigdha, unctuous, balances Vata and nourishes tissues); Whole Spices (Ushna, kindles Agni, aids digestion); Salt (Ushna, enhances taste, balances electrolytes)"
Channa murmura premix,Pan-India / General Home Cooking,Snack (Dry/Namkeen),Veg,A vegetarian snack typically made with chickpeas.,Chickpeas,,339.09,10.59,72.59,3.28,1.52,8.21,206.28,21.36,4.58,,,"Chickpeas, Gram Flour (Besan), Oil, Spices, Salt","Chickpeas (Laghu, grounding, aids digestion); Gram Flour (Besan) (Laghu, light, balances Kapha); Oil (Snigdha, unctuous, balances Vata); Spices (Balances doshas when eaten fresh and in moderation); Salt (Ushna, enhances taste, balances electrolytes)"
Chapati/Roti,Pan-India / General Home Cooking,Bread/Roti,Veg,A vegetarian bread/roti.,Wheat Flour,,202.31,5.88,35.65,3.56,1.0,6.31,1.16,17.22,2.28,0.0,5.84,"Wheat Flour, Salt, Water, Oil/Ghee","Wheat Flour (Guru, nourishing, grounds Vata); Salt (Ushna, enhances taste, balances electrolytes); Water (Balances doshas when eaten fresh and in moderation); Oil/Ghee (Snigdha, unctuous, balances Vata and nourishes tissues)"
Charlotte rousse,Pan-India / General Home Cooking,Dessert (Souffle/Custard/Pudding),Veg,A vegetarian dessert.,Milk,,188.29,3.95,34.08,4.78,20.48,1.01,56.45,34.95,0.53,25.28,28.72,"Milk, Sugar, Egg, Cornflour","Milk (Guru, Shita, cooling and building, balances Pitta); Sugar (Guru, Madhura, builds Ojas but heavy for Kapha); Egg (Guru, Ushna, builds strength, use moderately for Pitta); Cornflour (Balances doshas when eaten fresh and in moderation)"
Chat masala,Pan-India / General Home Cooking,Curry/Gravy,Veg,A vegetarian curry/gravy.,Dried Mango Powder (Amchur),,222.58,8.19,23.87,9.91,0.79,18.62,11873.64,519.5,13.27,,,"Dried Mango Powder (Amchur), Onion, Tomato, Ginger-Garlic Paste, Oil/Ghee, Turmeric, Red Chilli Powder, Garam Masala, Salt","Dried Mango Powder (Amchur) (Guru, Snigdha, nourishing in season); Onion (Ushna, stimulates Agni, balances Kapha and Vata); Tomato (Amla, sour, stimulates digestion, use sparingly for Pitta); Ginger-Garlic Paste (Ushna, kindles Agni, aids digestion); Oil/Ghee (Snigdha, unctuous, balances Vata and nourishes tissues); Turmeric (Ushna, anti-inflammatory, purifies blood); Red Chilli Powder (Ushna, heating, use sparingly for Pitta); Garam Masala (Ushna, kindles Agni, aids digestion); Salt (Ushna, enhances taste, balances electrolytes)"
Cheese balls,Pan-India / General Home Cooking,Snack (Fried),Veg,A vegetarian snack typically made with cheese.,Cheese,,681.28,2.21,4.81,72.57,0.63,0.18,120.7,30.01,0.32,0.01,2.95,"Cheese, Gram Flour (Besan)/Refined Flour, Oil (for frying), Spices, Salt","Cheese (Balances doshas when eaten fresh and in moderation); Gram Flour (Besan)/Refined Flour (Guru, heavier to digest, best in moderation); Oil (for frying) (Snigdha, unctuous, balances Vata); Spices (Balances doshas when eaten fresh and in moderation); Salt (Ushna, enhances taste, balances electrolytes)"
Cheese noodle ring,Pan-India / General Home Cooking,Continental/Fusion Main,Veg,"A vegetarian continental/fusion main typically made with cheese, noodles.","Cheese, Noodles",,133.67,6.22,13.96,6.12,2.84,1.27,241.96,99.3,0.79,24.19,94.77,"Cheese, Noodles, Onion, Garlic, Olive Oil, Salt, Pepper, Mixed Herbs","Cheese (Balances doshas when eaten fresh and in moderation); Noodles (Balances doshas when eaten fresh and in moderation); Onion (Ushna, stimulates Agni, balances Kapha and Vata); Garlic (Ushna, heating, balances Vata and Kapha); Olive Oil (Snigdha, unctuous, balances Vata); Salt (Ushna, enhances taste, balances electrolytes); Pepper (Ushna, heating, clears Kapha); Mixed Herbs (Balances doshas when eaten fresh and in moderation)"
Cheese patties,Pan-India / General Home Cooking,Snack (Fried),Veg,A vegetarian snack typically made with cheese.,Cheese,,324.01,7.38,22.23,22.67,3.93,1.24,295.22,126.41,0.82,3.37,31.43,"Cheese, Gram Flour (Besan)/Refined Flour, Oil (for frying), Spices, Salt","Cheese (Balances doshas when eaten fresh and in moderation); Gram Flour (Besan)/Refined Flour (Guru, heavier to digest, best in moderation); Oil (for frying) (Snigdha, unctuous, balances Vata); Spices (Balances doshas when eaten fresh and in moderation); Salt (Ushna, enhances taste, balances electrolytes)"
Cheese pudding,Pan-India / General Home Cooking,Dessert (Souffle/Custard/Pudding),Veg,A vegetarian dessert typically made with cheese.,Cheese,,285.01,11.29,19.27,18.37,18.63,0.05,37.83,226.11,0.87,0.3,60.43,"Cheese, Milk, Sugar, Egg, Cornflour","Cheese (Balances doshas when eaten fresh and in moderation); Milk (Guru, Shita, cooling and building, balances Pitta); Sugar (Guru, Madhura, builds Ojas but heavy for Kapha); Egg (Guru, Ushna, builds strength, use moderately for Pitta); Cornflour (Balances doshas when eaten fresh and in moderation)"
Cheese straws,Pan-India / General Home Cooking,Snack (Dry/Namkeen),Veg,A vegetarian snack typically made with cheese.,Cheese,,382.0,9.83,30.61,24.28,1.79,1.29,587.42,160.64,1.29,0.0,2.35,"Cheese, Gram Flour (Besan), Oil, Spices, Salt","Cheese (Balances doshas when eaten fresh and in moderation); Gram Flour (Besan) (Laghu, light, balances Kapha); Oil (Snigdha, unctuous, balances Vata); Spices (Balances doshas when eaten fresh and in moderation); Salt (Ushna, enhances taste, balances electrolytes)"
Chenna murki,Pan-India / General Home Cooking,Sweet,Veg,A vegetarian sweet.,Chenna (Cottage Cheese),,252.69,10.46,36.01,8.2,35.55,0.0,11.4,266.85,0.55,0.0,46.65,"Chenna (Cottage Cheese), Sugar, Ghee, Milk/Khoya, Cardamom","Chenna (Cottage Cheese) (Guru, Snigdha, cooling and nourishing); Sugar (Guru, Madhura, builds Ojas but heavy for Kapha); Ghee (Snigdha, unctuous, balances Vata and nourishes tissues); Milk/Khoya (Guru, Shita, cooling and building, balances Pitta); Cardamom (Ushna, aromatic, soothes digestion)"
Chhena poda,Pan-India / General Home Cooking,Sweet,Veg,A vegetarian sweet.,Chenna (Cottage Cheese),,344.57,13.68,33.64,17.94,30.65,1.4,13.0,295.29,1.41,0.09,42.67,"Chenna (Cottage Cheese), Sugar, Ghee, Milk/Khoya, Cardamom","Chenna (Cottage Cheese) (Guru, Snigdha, cooling and nourishing); Sugar (Guru, Madhura, builds Ojas but heavy for Kapha); Ghee (Snigdha, unctuous, balances Vata and nourishes tissues); Milk/Khoya (Guru, Shita, cooling and building, balances Pitta); Cardamom (Ushna, aromatic, soothes digestion)"
Chicken and cheese souffle,Pan-India / General Home Cooking,Dessert (Souffle/Custard/Pudding),Non-Veg,"A non-vegetarian dessert typically made with cheese, chicken.","Cheese, Chicken",,182.35,9.07,3.47,14.74,2.46,0.26,120.93,61.71,0.63,2.4,28.77,"Cheese, Chicken, Milk, Sugar, Egg, Cornflour","Cheese (Balances doshas when eaten fresh and in moderation); Chicken (Guru, Ushna, builds strength); Milk (Guru, Shita, cooling and building, balances Pitta); Sugar (Guru, Madhura, builds Ojas but heavy for Kapha); Egg (Guru, Ushna, builds strength, use moderately for Pitta); Cornflour (Balances doshas when eaten fresh and in moderation)"
Chicken and tomato towers,Pan-India / General Home Cooking,Curry/Gravy,Non-Veg,"A non-vegetarian curry/gravy typically made with tomato, chicken.","Tomato, Chicken",,100.55,6.9,2.36,6.99,1.21,1.14,76.02,17.54,0.77,56.69,49.49,"Tomato, Chicken, Onion, Ginger-Garlic Paste, Oil/Ghee, Turmeric, Red Chilli Powder, Garam Masala, Salt","Tomato (Amla, sour, stimulates digestion, use sparingly for Pitta); Chicken (Guru, Ushna, builds strength); Onion (Ushna, stimulates Agni, balances Kapha and Vata); Ginger-Garlic Paste (Ushna, kindles Agni, aids digestion); Oil/Ghee (Snigdha, unctuous, balances Vata and nourishes tissues); Turmeric (Ushna, anti-inflammatory, purifies blood); Red Chilli Powder (Ushna, heating, use sparingly for Pitta); Garam Masala (Ushna, kindles Agni, aids digestion); Salt (Ushna, enhances taste, balances electrolytes)"
Chicken curry,Pan-India / General Home Cooking,Curry/Gravy,Non-Veg,A non-vegetarian curry/gravy typically made with chicken.,Chicken,,129.22,11.79,3.38,7.57,1.79,1.41,108.0,27.29,0.87,16.79,38.7,"Chicken, Onion, Tomato, Ginger-Garlic Paste, Oil/Ghee, Turmeric, Red Chilli Powder, Garam Masala, Salt","Chicken (Guru, Ushna, builds strength); Onion (Ushna, stimulates Agni, balances Kapha and Vata); Tomato (Amla, sour, stimulates digestion, use sparingly for Pitta); Ginger-Garlic Paste (Ushna, kindles Agni, aids digestion); Oil/Ghee (Snigdha, unctuous, balances Vata and nourishes tissues); Turmeric (Ushna, anti-inflammatory, purifies blood); Red Chilli Powder (Ushna, heating, use sparingly for Pitta); Garam Masala (Ushna, kindles Agni, aids digestion); Salt (Ushna, enhances taste, balances electrolytes)"
Chicken lasagne,Pan-India / General Home Cooking,Continental/Fusion Main,Non-Veg,A non-vegetarian continental/fusion main typically made with chicken.,Chicken,,187.49,10.45,13.9,10.36,2.74,0.11,238.55,119.98,0.64,4.23,61.02,"Chicken, Onion, Garlic, Olive Oil, Salt, Pepper, Mixed Herbs","Chicken (Guru, Ushna, builds strength); Onion (Ushna, stimulates Agni, balances Kapha and Vata); Garlic (Ushna, heating, balances Vata and Kapha); Olive Oil (Snigdha, unctuous, balances Vata); Salt (Ushna, enhances taste, balances electrolytes); Pepper (Ushna, heating, clears Kapha); Mixed Herbs (Balances doshas when eaten fresh and in moderation)"
Chicken pakora/pakoda,Pan-India / General Home Cooking,Snack (Fried),Non-Veg,A non-vegetarian snack typically made with chicken.,Chicken,,590.09,6.03,4.55,60.98,0.22,0.96,103.23,9.08,0.51,0.14,11.46,"Chicken, Gram Flour (Besan)/Refined Flour, Oil (for frying), Spices, Salt","Chicken (Guru, Ushna, builds strength); Gram Flour (Besan)/Refined Flour (Guru, heavier to digest, best in moderation); Oil (for frying) (Snigdha, unctuous, balances Vata); Spices (Balances doshas when eaten fresh and in moderation); Salt (Ushna, enhances taste, balances electrolytes)"
Chicken pulao,Pan-India / General Home Cooking,Rice Dish,Non-Veg,A non-vegetarian rice dish typically made with chicken.,Chicken,,108.24,6.07,11.17,8.48,0.99,1.64,3093.47,32.25,0.98,4.47,38.7,"Chicken, Rice, Oil/Ghee, Whole Spices, Salt","Chicken (Guru, Ushna, builds strength); Rice (Laghu, easy to digest, balances Kapha); Oil/Ghee (Snigdha, unctuous, balances Vata and nourishes tissues); Whole Spices (Ushna, kindles Agni, aids digestion); Salt (Ushna, enhances taste, balances electrolytes)"
Chicken stew,Pan-India / General Home Cooking,Curry/Gravy,Non-Veg,A non-vegetarian curry/gravy typically made with chicken.,Chicken,,127.55,7.19,4.44,8.91,1.43,1.82,79.62,31.53,0.9,20.89,36.31,"Chicken, Onion, Tomato, Ginger-Garlic Paste, Oil/Ghee, Turmeric, Red Chilli Powder, Garam Masala, Salt","Chicken (Guru, Ushna, builds strength); Onion (Ushna, stimulates Agni, balances Kapha and Vata); Tomato (Amla, sour, stimulates digestion, use sparingly for Pitta); Ginger-Garlic Paste (Ushna, kindles Agni, aids digestion); Oil/Ghee (Snigdha, unctuous, balances Vata and nourishes tissues); Turmeric (Ushna, anti-inflammatory, purifies blood); Red Chilli Powder (Ushna, heating, use sparingly for Pitta); Garam Masala (Ushna, kindles Agni, aids digestion); Salt (Ushna, enhances taste, balances electrolytes)"
Chicken stock,Pan-India / General Home Cooking,Sauce/Condiment (Base Stock),Non-Veg,A non-vegetarian sauce/condiment typically made with chicken.,Chicken,,29.88,3.69,0.37,1.51,0.2,0.1,58.58,3.57,0.18,0.84,10.19,"Chicken, Butter, Refined Flour (Maida), Salt, Pepper, Oil/Butter","Chicken (Guru, Ushna, builds strength); Butter (Snigdha, unctuous, balances Vata); Refined Flour (Maida) (Guru, heavier to digest, best in moderation); Salt (Ushna, enhances taste, balances electrolytes); Pepper (Ushna, heating, clears Kapha); Oil/Butter (Snigdha, unctuous, balances Vata)"
Chicken sweet and sour,Pan-India / General Home Cooking,Curry/Gravy,Non-Veg,A non-vegetarian curry/gravy typically made with chicken.,Chicken,,445.09,6.92,2.67,47.59,0.89,0.58,1809.94,21.98,0.93,37.78,50.11,"Chicken, Onion, Tomato, Ginger-Garlic Paste, Oil/Ghee, Turmeric, Red Chilli Powder, Garam Masala, Salt","Chicken (Guru, Ushna, builds strength); Onion (Ushna, stimulates Agni, balances Kapha and Vata); Tomato (Amla, sour, stimulates digestion, use sparingly for Pitta); Ginger-Garlic Paste (Ushna, kindles Agni, aids digestion); Oil/Ghee (Snigdha, unctuous, balances Vata and nourishes tissues); Turmeric (Ushna, anti-inflammatory, purifies blood); Red Chilli Powder (Ushna, heating, use sparingly for Pitta); Garam Masala (Ushna, kindles Agni, aids digestion); Salt (Ushna, enhances taste, balances electrolytes)"
Chickpeas curry (Safed channa curry),Pan-India / General Home Cooking,Curry/Gravy,Veg,A vegetarian curry/gravy typically made with chickpeas.,Chickpeas,,163.43,6.1,19.98,6.84,4.78,4.73,357.99,30.61,1.82,16.33,184.58,"Chickpeas, Onion, Tomato, Ginger-Garlic Paste, Oil/Ghee, Turmeric, Red Chilli Powder, Garam Masala, Salt","Chickpeas (Laghu, grounding, aids digestion); Onion (Ushna, stimulates Agni, balances Kapha and Vata); Tomato (Amla, sour, stimulates digestion, use sparingly for Pitta); Ginger-Garlic Paste (Ushna, kindles Agni, aids digestion); Oil/Ghee (Snigdha, unctuous, balances Vata and nourishes tissues); Turmeric (Ushna, anti-inflammatory, purifies blood); Red Chilli Powder (Ushna, heating, use sparingly for Pitta); Garam Masala (Ushna, kindles Agni, aids digestion); Salt (Ushna, enhances taste, balances electrolytes)"
Chilli chicken,Pan-India / General Home Cooking,Curry/Gravy,Non-Veg,"A non-vegetarian curry/gravy typically made with chicken, chili.","Chicken, Chili",,198.83,9.57,2.86,16.56,0.93,0.99,223.75,12.97,0.66,55.19,51.55,"Chicken, Chili, Onion, Tomato, Ginger-Garlic Paste, Oil/Ghee, Turmeric, Red Chilli Powder, Garam Masala, Salt","Chicken (Guru, Ushna, builds strength); Chili (Balances doshas when eaten fresh and in moderation); Onion (Ushna, stimulates Agni, balances Kapha and Vata); Tomato (Amla, sour, stimulates digestion, use sparingly for Pitta); Ginger-Garlic Paste (Ushna, kindles Agni, aids digestion); Oil/Ghee (Snigdha, unctuous, balances Vata and nourishes tissues); Turmeric (Ushna, anti-inflammatory, purifies blood); Red Chilli Powder (Ushna, heating, use sparingly for Pitta); Garam Masala (Ushna, kindles Agni, aids digestion); Salt (Ushna, enhances taste, balances electrolytes)"
Chilli paneer,Pan-India / General Home Cooking,Curry/Gravy,Veg,"A vegetarian curry/gravy typically made with paneer, chili.","Paneer, Chili",,777.51,2.1,3.31,84.01,1.5,0.5,89.04,42.9,0.36,4.87,28.7,"Paneer, Chili, Onion, Tomato, Ginger-Garlic Paste, Oil/Ghee, Turmeric, Red Chilli Powder, Garam Masala, Salt","Paneer (Guru, Snigdha, cooling and nourishing); Chili (Balances doshas when eaten fresh and in moderation); Onion (Ushna, stimulates Agni, balances Kapha and Vata); Tomato (Amla, sour, stimulates digestion, use sparingly for Pitta); Ginger-Garlic Paste (Ushna, kindles Agni, aids digestion); Oil/Ghee (Snigdha, unctuous, balances Vata and nourishes tissues); Turmeric (Ushna, anti-inflammatory, purifies blood); Red Chilli Powder (Ushna, heating, use sparingly for Pitta); Garam Masala (Ushna, kindles Agni, aids digestion); Salt (Ushna, enhances taste, balances electrolytes)"
Chocolate burfi,Pan-India / General Home Cooking,Sweet,Veg,A vegetarian sweet typically made with cocoa/chocolate.,Cocoa/Chocolate,,339.33,13.0,33.15,17.86,32.38,0.0,39.32,466.48,2.12,0.0,23.85,"Cocoa/Chocolate, Sugar, Ghee, Milk/Khoya, Cardamom","Cocoa/Chocolate (Guru, Ushna, stimulating); Sugar (Guru, Madhura, builds Ojas but heavy for Kapha); Ghee (Snigdha, unctuous, balances Vata and nourishes tissues); Milk/Khoya (Guru, Shita, cooling and building, balances Pitta); Cardamom (Ushna, aromatic, soothes digestion)"
Chocolate butter icing,Pan-India / General Home Cooking,Bakery (Icing/Topping),Veg,"A vegetarian bakery typically made with butter, cocoa/chocolate.","Butter, Cocoa/Chocolate",,469.59,3.21,61.72,24.77,59.82,0.0,4.99,31.87,1.85,0.0,1.22,"Butter, Cocoa/Chocolate, Icing Sugar, Water","Butter (Snigdha, unctuous, balances Vata); Cocoa/Chocolate (Guru, Ushna, stimulating); Icing Sugar (Guru, Madhura, builds Ojas but heavy for Kapha); Water (Balances doshas when eaten fresh and in moderation)"
Chocolate cream shells,Pan-India / General Home Cooking,Dessert (Souffle/Custard/Pudding),Veg,"A vegetarian dessert typically made with cream, cocoa/chocolate.","Cream, Cocoa/Chocolate",,427.17,5.1,59.26,19.34,34.72,0.9,126.84,28.53,1.08,0.0,2.42,"Cream, Cocoa/Chocolate, Milk, Sugar, Egg, Cornflour","Cream (Guru, Snigdha, heavy and nourishing); Cocoa/Chocolate (Guru, Ushna, stimulating); Milk (Guru, Shita, cooling and building, balances Pitta); Sugar (Guru, Madhura, builds Ojas but heavy for Kapha); Egg (Guru, Ushna, builds strength, use moderately for Pitta); Cornflour (Balances doshas when eaten fresh and in moderation)"
Chocolate eclairs,Pan-India / General Home Cooking,Bakery (Other),Veg,A vegetarian bakery typically made with cocoa/chocolate.,Cocoa/Chocolate,,239.42,4.24,26.22,13.5,17.34,0.33,85.88,34.21,0.68,0.4,18.34,"Cocoa/Chocolate, Salt, Oil, Mixed Spices","Cocoa/Chocolate (Guru, Ushna, stimulating); Salt (Ushna, enhances taste, balances electrolytes); Oil (Snigdha, unctuous, balances Vata); Mixed Spices (Ushna, kindles Agni, aids digestion)"
Chocolate glace icing,Pan-India / General Home Cooking,Bakery (Icing/Topping),Veg,A vegetarian bakery typically made with cocoa/chocolate.,Cocoa/Chocolate,,436.29,3.22,62.43,20.8,59.88,0.0,8.66,26.75,2.04,0.0,1.52,"Cocoa/Chocolate, Icing Sugar, Butter, Water","Cocoa/Chocolate (Guru, Ushna, stimulating); Icing Sugar (Guru, Madhura, builds Ojas but heavy for Kapha); Butter (Snigdha, unctuous, balances Vata); Water (Balances doshas when eaten fresh and in moderation)"
Chocolate pastry,Pan-India / General Home Cooking,Bakery (Cake/Pastry),Veg,A vegetarian bakery typically made with cocoa/chocolate.,Cocoa/Chocolate,,243.37,7.05,32.24,10.12,22.34,0.32,46.54,50.7,1.44,0.25,17.22,"Cocoa/Chocolate, Refined Flour (Maida), Sugar, Butter, Egg, Baking Powder, Milk","Cocoa/Chocolate (Guru, Ushna, stimulating); Refined Flour (Maida) (Guru, heavier to digest, best in moderation); Sugar (Guru, Madhura, builds Ojas but heavy for Kapha); Butter (Snigdha, unctuous, balances Vata); Egg (Guru, Ushna, builds strength, use moderately for Pitta); Baking Powder (Neutral, leavening agent); Milk (Guru, Shita, cooling and building, balances Pitta)"
Chocolate pudding,Pan-India / General Home Cooking,Dessert (Souffle/Custard/Pudding),Veg,A vegetarian dessert typically made with cocoa/chocolate.,Cocoa/Chocolate,,211.96,3.55,29.59,9.48,20.68,0.53,171.36,64.56,0.6,0.75,18.08,"Cocoa/Chocolate, Milk, Sugar, Egg, Cornflour","Cocoa/Chocolate (Guru, Ushna, stimulating); Milk (Guru, Shita, cooling and building, balances Pitta); Sugar (Guru, Madhura, builds Ojas but heavy for Kapha); Egg (Guru, Ushna, builds strength, use moderately for Pitta); Cornflour (Balances doshas when eaten fresh and in moderation)"
Chocolate souffle,Pan-India / General Home Cooking,Dessert (Souffle/Custard/Pudding),Veg,A vegetarian dessert typically made with cocoa/chocolate.,Cocoa/Chocolate,,189.32,7.88,14.74,11.36,12.69,0.0,56.07,71.55,0.71,1.3,31.85,"Cocoa/Chocolate, Milk, Sugar, Egg, Cornflour","Cocoa/Chocolate (Guru, Ushna, stimulating); Milk (Guru, Shita, cooling and building, balances Pitta); Sugar (Guru, Madhura, builds Ojas but heavy for Kapha); Egg (Guru, Ushna, builds strength, use moderately for Pitta); Cornflour (Balances doshas when eaten fresh and in moderation)"
Chocolate swiss roll,Pan-India / General Home Cooking,Bakery (Cake/Pastry),Veg,A vegetarian bakery typically made with cocoa/chocolate.,Cocoa/Chocolate,,306.08,6.01,26.97,19.76,18.83,0.29,44.53,42.79,1.08,0.19,8.91,"Cocoa/Chocolate, Refined Flour (Maida), Sugar, Butter, Egg, Baking Powder, Milk","Cocoa/Chocolate (Guru, Ushna, stimulating); Refined Flour (Maida) (Guru, heavier to digest, best in moderation); Sugar (Guru, Madhura, builds Ojas but heavy for Kapha); Butter (Snigdha, unctuous, balances Vata); Egg (Guru, Ushna, builds strength, use moderately for Pitta); Baking Powder (Neutral, leavening agent); Milk (Guru, Shita, cooling and building, balances Pitta)"
Choux pastry,Pan-India / General Home Cooking,Bakery (Cake/Pastry),Veg,A vegetarian bakery.,Refined Flour (Maida),,222.37,5.55,16.2,14.96,1.5,0.56,132.28,19.43,0.83,,,"Refined Flour (Maida), Sugar, Butter, Egg, Baking Powder, Milk","Refined Flour (Maida) (Guru, heavier to digest, best in moderation); Sugar (Guru, Madhura, builds Ojas but heavy for Kapha); Butter (Snigdha, unctuous, balances Vata); Egg (Guru, Ushna, builds strength, use moderately for Pitta); Baking Powder (Neutral, leavening agent); Milk (Guru, Shita, cooling and building, balances Pitta)"
Choux swans,Pan-India / General Home Cooking,Bakery (Other),Veg,A vegetarian bakery.,Refined Flour (Maida),,216.34,4.35,14.92,15.6,6.13,0.35,145.08,44.67,0.51,4.27,18.67,"Refined Flour (Maida), Salt, Oil, Mixed Spices","Refined Flour (Maida) (Guru, heavier to digest, best in moderation); Salt (Ushna, enhances taste, balances electrolytes); Oil (Snigdha, unctuous, balances Vata); Mixed Spices (Ushna, kindles Agni, aids digestion)"
Chum chum,Pan-India / General Home Cooking,Sweet,Veg,A vegetarian sweet.,Chenna (Cottage Cheese),,130.05,1.52,28.27,1.92,27.84,0.02,16.65,62.58,0.13,2.69,10.2,"Chenna (Cottage Cheese), Sugar, Ghee, Milk/Khoya, Cardamom","Chenna (Cottage Cheese) (Guru, Snigdha, cooling and nourishing); Sugar (Guru, Madhura, builds Ojas but heavy for Kapha); Ghee (Snigdha, unctuous, balances Vata and nourishes tissues); Milk/Khoya (Guru, Shita, cooling and building, balances Pitta); Cardamom (Ushna, aromatic, soothes digestion)"
Classic seasoned black beans,Pan-India / General Home Cooking,Curry/Gravy,Veg,A vegetarian curry/gravy typically made with beans.,Beans,,28.78,8.01,7.66,8.28,0.44,3.51,7989.07,40.11,1.9,8.54,4.61,"Beans, Onion, Tomato, Ginger-Garlic Paste, Oil/Ghee, Turmeric, Red Chilli Powder, Garam Masala, Salt","Beans (Balances doshas when eaten fresh and in moderation); Onion (Ushna, stimulates Agni, balances Kapha and Vata); Tomato (Amla, sour, stimulates digestion, use sparingly for Pitta); Ginger-Garlic Paste (Ushna, kindles Agni, aids digestion); Oil/Ghee (Snigdha, unctuous, balances Vata and nourishes tissues); Turmeric (Ushna, anti-inflammatory, purifies blood); Red Chilli Powder (Ushna, heating, use sparingly for Pitta); Garam Masala (Ushna, kindles Agni, aids digestion); Salt (Ushna, enhances taste, balances electrolytes)"
Coco pine cooler,Pan-India / General Home Cooking,Beverage (Juice/Cooler),Veg,A vegetarian beverage.,Coconut,,32.75,0.56,5.72,1.0,5.52,0.26,23.2,17.81,0.13,10.67,12.64,"Coconut, Water, Sugar, Ice","Coconut (Shita, cooling, pacifies Pitta); Water (Balances doshas when eaten fresh and in moderation); Sugar (Guru, Madhura, builds Ojas but heavy for Kapha); Ice (Balances doshas when eaten fresh and in moderation)"
Coconut burfi (Nariyal ki burfi),Pan-India / General Home Cooking,Sweet,Veg,A vegetarian sweet typically made with coconut.,Coconut,,467.64,8.81,32.15,34.63,31.5,3.5,27.63,272.81,1.82,0.0,26.6,"Coconut, Sugar, Ghee, Milk/Khoya, Cardamom","Coconut (Shita, cooling, pacifies Pitta); Sugar (Guru, Madhura, builds Ojas but heavy for Kapha); Ghee (Snigdha, unctuous, balances Vata and nourishes tissues); Milk/Khoya (Guru, Shita, cooling and building, balances Pitta); Cardamom (Ushna, aromatic, soothes digestion)"
Coconut chutney (Nariyal ki chutney),Pan-India / General Home Cooking,Chutney/Condiment,Veg,A vegetarian chutney/condiment typically made with coconut.,Coconut,,265.92,3.59,8.29,25.0,3.79,6.73,428.28,15.7,1.25,4.13,4.74,"Coconut, Green Chilli, Salt, Spices, Oil (tempering), Pepper, Oil/Butter","Coconut (Shita, cooling, pacifies Pitta); Green Chilli (Ushna, use sparingly for Pitta); Salt (Ushna, enhances taste, balances electrolytes); Spices (Balances doshas when eaten fresh and in moderation); Oil (tempering) (Snigdha, unctuous, balances Vata); Pepper (Ushna, heating, clears Kapha); Oil/Butter (Snigdha, unctuous, balances Vata)"
Coconut finger,Pan-India / General Home Cooking,Snack (Fried),Veg,A vegetarian snack typically made with coconut.,Coconut,,274.86,7.09,42.56,8.86,28.55,1.87,46.86,24.04,1.31,0.0,15.88,"Coconut, Gram Flour (Besan)/Refined Flour, Oil (for frying), Spices, Salt","Coconut (Shita, cooling, pacifies Pitta); Gram Flour (Besan)/Refined Flour (Guru, heavier to digest, best in moderation); Oil (for frying) (Snigdha, unctuous, balances Vata); Spices (Balances doshas when eaten fresh and in moderation); Salt (Ushna, enhances taste, balances electrolytes)"
Coconut kheer (Nariyal ki kheer),Pan-India / General Home Cooking,Sweet,Veg,A vegetarian sweet typically made with coconut.,Coconut,,162.61,3.4,14.42,10.55,13.73,1.53,45.97,89.52,0.53,12.21,49.34,"Coconut, Sugar, Ghee, Milk/Khoya, Cardamom","Coconut (Shita, cooling, pacifies Pitta); Sugar (Guru, Madhura, builds Ojas but heavy for Kapha); Ghee (Snigdha, unctuous, balances Vata and nourishes tissues); Milk/Khoya (Guru, Shita, cooling and building, balances Pitta); Cardamom (Ushna, aromatic, soothes digestion)"
Coconut pickle (Nariyal ka aachar),Pan-India / General Home Cooking,Pickle/Preserve,Veg,A vegetarian pickle/preserve typically made with coconut.,Coconut,,517.26,3.02,11.53,51.71,8.98,6.35,176.54,44.78,2.62,1.71,5.56,"Coconut, Oil, Mustard Seeds, Turmeric, Red Chilli Powder, Salt","Coconut (Shita, cooling, pacifies Pitta); Oil (Snigdha, unctuous, balances Vata); Mustard Seeds (Ushna, stimulates digestion); Turmeric (Ushna, anti-inflammatory, purifies blood); Red Chilli Powder (Ushna, heating, use sparingly for Pitta); Salt (Ushna, enhances taste, balances electrolytes)"
Coffee drops,Pan-India / General Home Cooking,Beverage (Tea/Coffee/Hot Drink),Veg,A vegetarian beverage typically made with coffee.,Coffee,,443.07,7.57,43.06,27.16,18.27,1.88,88.17,57.09,1.48,0.03,2.72,"Coffee, Water, Sugar, Ice, Milk","Coffee (Balances doshas when eaten fresh and in moderation); Water (Balances doshas when eaten fresh and in moderation); Sugar (Guru, Madhura, builds Ojas but heavy for Kapha); Ice (Balances doshas when eaten fresh and in moderation); Milk (Guru, Shita, cooling and building, balances Pitta)"
Coffee pear alaska,Pan-India / General Home Cooking,Beverage (Tea/Coffee/Hot Drink),Veg,A vegetarian beverage typically made with coffee.,Coffee,,203.99,2.88,19.36,13.22,16.88,0.15,51.11,60.61,0.22,3.48,13.85,"Coffee, Water, Sugar, Ice, Milk","Coffee (Balances doshas when eaten fresh and in moderation); Water (Balances doshas when eaten fresh and in moderation); Sugar (Guru, Madhura, builds Ojas but heavy for Kapha); Ice (Balances doshas when eaten fresh and in moderation); Milk (Guru, Shita, cooling and building, balances Pitta)"
Cold chocolate souffle,Pan-India / General Home Cooking,Dessert (Souffle/Custard/Pudding),Veg,A vegetarian dessert typically made with cocoa/chocolate.,Cocoa/Chocolate,,187.53,6.37,17.22,10.86,15.31,0.0,47.77,62.91,0.68,1.3,32.45,"Cocoa/Chocolate, Milk, Sugar, Egg, Cornflour","Cocoa/Chocolate (Guru, Ushna, stimulating); Milk (Guru, Shita, cooling and building, balances Pitta); Sugar (Guru, Madhura, builds Ojas but heavy for Kapha); Egg (Guru, Ushna, builds strength, use moderately for Pitta); Cornflour (Balances doshas when eaten fresh and in moderation)"
Cold coffee (with cream),Pan-India / General Home Cooking,Beverage (Tea/Coffee/Hot Drink),Veg,"A vegetarian beverage typically made with cream, coffee.","Cream, Coffee",,82.76,1.93,11.98,3.29,11.91,0.0,15.35,64.43,0.14,2.56,9.52,"Cream, Coffee, Water, Sugar, Ice, Milk","Cream (Guru, Snigdha, heavy and nourishing); Coffee (Balances doshas when eaten fresh and in moderation); Water (Balances doshas when eaten fresh and in moderation); Sugar (Guru, Madhura, builds Ojas but heavy for Kapha); Ice (Balances doshas when eaten fresh and in moderation); Milk (Guru, Shita, cooling and building, balances Pitta)"
Cold lemon souffle,Pan-India / General Home Cooking,Dessert (Souffle/Custard/Pudding),Veg,A vegetarian dessert typically made with lemon.,Lemon,,169.87,5.89,15.62,9.78,13.88,0.0,46.35,55.03,0.53,8.65,31.24,"Lemon, Milk, Sugar, Egg, Cornflour","Lemon (Amla, alkalising, stimulates Agni); Milk (Guru, Shita, cooling and building, balances Pitta); Sugar (Guru, Madhura, builds Ojas but heavy for Kapha); Egg (Guru, Ushna, builds strength, use moderately for Pitta); Cornflour (Balances doshas when eaten fresh and in moderation)"
Cold orange souffle,Pan-India / General Home Cooking,Dessert (Souffle/Custard/Pudding),Veg,A vegetarian dessert typically made with orange.,Orange,,173.19,5.94,16.27,9.82,14.42,0.11,46.53,55.45,0.57,10.08,33.8,"Orange, Milk, Sugar, Egg, Cornflour","Orange (Balances doshas when eaten fresh and in moderation); Milk (Guru, Shita, cooling and building, balances Pitta); Sugar (Guru, Madhura, builds Ojas but heavy for Kapha); Egg (Guru, Ushna, builds strength, use moderately for Pitta); Cornflour (Balances doshas when eaten fresh and in moderation)"
Cold pineapple souffle,Pan-India / General Home Cooking,Dessert (Souffle/Custard/Pudding),Veg,A vegetarian dessert typically made with pineapple.,Pineapple,,181.22,6.23,16.85,10.39,14.99,0.0,49.38,57.13,0.54,1.88,30.3,"Pineapple, Milk, Sugar, Egg, Cornflour","Pineapple (Laghu, Shita, cooling and light); Milk (Guru, Shita, cooling and building, balances Pitta); Sugar (Guru, Madhura, builds Ojas but heavy for Kapha); Egg (Guru, Ushna, builds strength, use moderately for Pitta); Cornflour (Balances doshas when eaten fresh and in moderation)"
Cold vanilla souffle,Pan-India / General Home Cooking,Dessert (Souffle/Custard/Pudding),Veg,A vegetarian dessert.,Milk,,179.54,6.22,16.29,10.32,14.49,0.0,49.09,62.47,0.52,1.3,30.71,"Milk, Sugar, Egg, Cornflour","Milk (Guru, Shita, cooling and building, balances Pitta); Sugar (Guru, Madhura, builds Ojas but heavy for Kapha); Egg (Guru, Ushna, builds strength, use moderately for Pitta); Cornflour (Balances doshas when eaten fresh and in moderation)"
Coleslaw,Pan-India / General Home Cooking,Salad,Veg,A vegetarian salad.,Cabbage,,76.71,1.24,5.59,5.32,3.62,2.34,29.87,37.0,0.63,22.99,41.98,"Cabbage, Salt, Pepper, Lemon Juice, Oil/Dressing","Cabbage (Laghu, Shita, light but can increase Vata); Salt (Ushna, enhances taste, balances electrolytes); Pepper (Ushna, heating, clears Kapha); Lemon Juice (Amla, alkalising, stimulates Agni); Oil/Dressing (Snigdha, unctuous, balances Vata)"
Coriander chutney (Hare dhaniye ki chutney),Pan-India / General Home Cooking,Chutney/Condiment,Veg,A vegetarian chutney/condiment typically made with coriander.,Coriander,,42.86,1.38,8.16,0.37,5.5,2.47,186.64,39.8,1.63,4.24,3.57,"Coriander, Green Chilli, Salt, Spices, Oil (tempering), Pepper, Oil/Butter","Coriander (Shita, cooling, soothes Pitta); Green Chilli (Ushna, use sparingly for Pitta); Salt (Ushna, enhances taste, balances electrolytes); Spices (Balances doshas when eaten fresh and in moderation); Oil (tempering) (Snigdha, unctuous, balances Vata); Pepper (Ushna, heating, clears Kapha); Oil/Butter (Snigdha, unctuous, balances Vata)"
Cornflakes with milk,Pan-India / General Home Cooking,Breakfast (Porridge/Cereal),Veg,"A vegetarian breakfast typically made with cornflakes, milk.","Cornflakes, Milk",,117.33,3.59,14.95,5.12,9.97,0.78,26.55,106.47,0.42,4.82,43.87,"Cornflakes, Milk, Milk/Water, Sugar, Salt","Cornflakes (Balances doshas when eaten fresh and in moderation); Milk (Guru, Shita, cooling and building, balances Pitta); Milk/Water (Guru, Shita, cooling and building, balances Pitta); Sugar (Guru, Madhura, builds Ojas but heavy for Kapha); Salt (Ushna, enhances taste, balances electrolytes)"
Cracked wheat and green gram dal premix (Dalia moong dal premix),Pan-India / General Home Cooking,Breakfast (Porridge/Cereal),Veg,"A vegetarian breakfast typically made with wheat flour, cracked wheat, moong dal.","Wheat Flour, Cracked Wheat, Moong Dal",,362.16,15.89,64.75,5.11,0.63,11.66,3.25,49.03,4.28,,,"Wheat Flour, Cracked Wheat, Moong Dal, Milk/Water, Sugar, Salt","Wheat Flour (Guru, nourishing, grounds Vata); Cracked Wheat (Balances doshas when eaten fresh and in moderation); Moong Dal (Laghu, protein-rich, balances Kapha); Milk/Water (Guru, Shita, cooling and building, balances Pitta); Sugar (Guru, Madhura, builds Ojas but heavy for Kapha); Salt (Ushna, enhances taste, balances electrolytes)"
Cracked wheat khichri/khichdi (Dalia khichri/khichdi),Pan-India / General Home Cooking,Breakfast (Porridge/Cereal),Veg,"A vegetarian breakfast typically made with wheat flour, cracked wheat.","Wheat Flour, Cracked Wheat",,167.45,7.56,22.35,5.52,3.79,3.74,224.95,123.04,2.17,,,"Wheat Flour, Cracked Wheat, Milk/Water, Sugar, Salt","Wheat Flour (Guru, nourishing, grounds Vata); Cracked Wheat (Balances doshas when eaten fresh and in moderation); Milk/Water (Guru, Shita, cooling and building, balances Pitta); Sugar (Guru, Madhura, builds Ojas but heavy for Kapha); Salt (Ushna, enhances taste, balances electrolytes)"
Cracked wheat porridge (Meetha daliya),Pan-India / General Home Cooking,Breakfast (Porridge/Cereal),Veg,A vegetarian breakfast typically made with wheat flour.,Wheat Flour,,81.57,2.64,8.87,4.08,5.12,0.62,15.89,75.88,0.32,5.03,17.58,"Wheat Flour, Milk/Water, Sugar, Salt","Wheat Flour (Guru, nourishing, grounds Vata); Milk/Water (Guru, Shita, cooling and building, balances Pitta); Sugar (Guru, Madhura, builds Ojas but heavy for Kapha); Salt (Ushna, enhances taste, balances electrolytes)"
Cream buns,Pan-India / General Home Cooking,Dessert (Souffle/Custard/Pudding),Veg,A vegetarian dessert typically made with cream.,Cream,,215.74,4.45,14.16,15.81,5.95,0.31,45.49,45.27,0.5,0.33,9.28,"Cream, Milk, Sugar, Egg, Cornflour","Cream (Guru, Snigdha, heavy and nourishing); Milk (Guru, Shita, cooling and building, balances Pitta); Sugar (Guru, Madhura, builds Ojas but heavy for Kapha); Egg (Guru, Ushna, builds strength, use moderately for Pitta); Cornflour (Balances doshas when eaten fresh and in moderation)"
Cream horns,Pan-India / General Home Cooking,Bakery (Other),Veg,A vegetarian bakery typically made with cream.,Cream,,408.23,3.42,23.12,33.55,7.12,0.6,57.11,30.93,0.44,0.5,8.8,"Cream, Salt, Oil, Mixed Spices","Cream (Guru, Snigdha, heavy and nourishing); Salt (Ushna, enhances taste, balances electrolytes); Oil (Snigdha, unctuous, balances Vata); Mixed Spices (Ushna, kindles Agni, aids digestion)"
Cream puffs,Pan-India / General Home Cooking,Dessert (Souffle/Custard/Pudding),Veg,A vegetarian dessert typically made with cream.,Cream,,221.33,4.7,16.0,15.48,5.94,0.38,98.76,37.93,0.58,0.2,8.79,"Cream, Milk, Sugar, Egg, Cornflour","Cream (Guru, Snigdha, heavy and nourishing); Milk (Guru, Shita, cooling and building, balances Pitta); Sugar (Guru, Madhura, builds Ojas but heavy for Kapha); Egg (Guru, Ushna, builds strength, use moderately for Pitta); Cornflour (Balances doshas when eaten fresh and in moderation)"
Creamed spinach,Pan-India / General Home Cooking,Curry/Gravy,Veg,A vegetarian curry/gravy typically made with spinach.,Spinach,,96.91,5.18,4.44,6.39,1.59,1.33,156.02,122.3,1.89,62.17,320.46,"Spinach, Onion, Tomato, Ginger-Garlic Paste, Oil/Ghee, Turmeric, Red Chilli Powder, Garam Masala, Salt","Spinach (Laghu, cooling, iron-rich); Onion (Ushna, stimulates Agni, balances Kapha and Vata); Tomato (Amla, sour, stimulates digestion, use sparingly for Pitta); Ginger-Garlic Paste (Ushna, kindles Agni, aids digestion); Oil/Ghee (Snigdha, unctuous, balances Vata and nourishes tissues); Turmeric (Ushna, anti-inflammatory, purifies blood); Red Chilli Powder (Ushna, heating, use sparingly for Pitta); Garam Masala (Ushna, kindles Agni, aids digestion); Salt (Ushna, enhances taste, balances electrolytes)"
Creamed spinach and mushroom,Pan-India / General Home Cooking,Curry/Gravy,Veg,"A vegetarian curry/gravy typically made with spinach, mushroom.","Spinach, Mushroom",,419.62,2.28,3.17,44.14,1.17,1.02,90.21,65.49,0.9,48.37,234.02,"Spinach, Mushroom, Onion, Tomato, Ginger-Garlic Paste, Oil/Ghee, Turmeric, Red Chilli Powder, Garam Masala, Salt","Spinach (Laghu, cooling, iron-rich); Mushroom (Balances doshas when eaten fresh and in moderation); Onion (Ushna, stimulates Agni, balances Kapha and Vata); Tomato (Amla, sour, stimulates digestion, use sparingly for Pitta); Ginger-Garlic Paste (Ushna, kindles Agni, aids digestion); Oil/Ghee (Snigdha, unctuous, balances Vata and nourishes tissues); Turmeric (Ushna, anti-inflammatory, purifies blood); Red Chilli Powder (Ushna, heating, use sparingly for Pitta); Garam Masala (Ushna, kindles Agni, aids digestion); Salt (Ushna, enhances taste, balances electrolytes)"
Creamy chicken,Pan-India / General Home Cooking,Curry/Gravy,Non-Veg,A non-vegetarian curry/gravy typically made with chicken.,Chicken,,152.87,13.52,3.13,9.57,2.11,0.69,97.08,50.37,0.82,7.46,32.64,"Chicken, Onion, Tomato, Ginger-Garlic Paste, Oil/Ghee, Turmeric, Red Chilli Powder, Garam Masala, Salt","Chicken (Guru, Ushna, builds strength); Onion (Ushna, stimulates Agni, balances Kapha and Vata); Tomato (Amla, sour, stimulates digestion, use sparingly for Pitta); Ginger-Garlic Paste (Ushna, kindles Agni, aids digestion); Oil/Ghee (Snigdha, unctuous, balances Vata and nourishes tissues); Turmeric (Ushna, anti-inflammatory, purifies blood); Red Chilli Powder (Ushna, heating, use sparingly for Pitta); Garam Masala (Ushna, kindles Agni, aids digestion); Salt (Ushna, enhances taste, balances electrolytes)"
Crispy baked fish,Pan-India / General Home Cooking,Snack (Fried),Non-Veg,A non-vegetarian snack typically made with fish.,Fish,,138.4,10.95,9.59,6.41,1.53,1.21,192.42,60.04,0.55,16.97,46.78,"Fish, Gram Flour (Besan)/Refined Flour, Oil (for frying), Spices, Salt","Fish (Guru, Ushna, nourishing, best fresh); Gram Flour (Besan)/Refined Flour (Guru, heavier to digest, best in moderation); Oil (for frying) (Snigdha, unctuous, balances Vata); Spices (Balances doshas when eaten fresh and in moderation); Salt (Ushna, enhances taste, balances electrolytes)"
Crispy okra/Crispy lady's fingers (Karare bhindi),Pan-India / General Home Cooking,Snack (Fried),Veg,A vegetarian snack typically made with okra.,Okra,,657.76,1.91,4.35,70.4,0.26,1.75,40.42,27.61,0.56,18.14,90.04,"Okra, Gram Flour (Besan)/Refined Flour, Oil (for frying), Spices, Salt","Okra (Laghu, light, supports digestion); Gram Flour (Besan)/Refined Flour (Guru, heavier to digest, best in moderation); Oil (for frying) (Snigdha, unctuous, balances Vata); Spices (Balances doshas when eaten fresh and in moderation); Salt (Ushna, enhances taste, balances electrolytes)"
Crunchy butterscotch,Pan-India / General Home Cooking,Dessert (Souffle/Custard/Pudding),Veg,A vegetarian dessert.,Butterscotch,,277.32,3.11,19.92,20.99,17.73,0.47,22.24,72.26,0.26,2.13,18.72,"Butterscotch, Milk, Sugar, Egg, Cornflour","Butterscotch (Balances doshas when eaten fresh and in moderation); Milk (Guru, Shita, cooling and building, balances Pitta); Sugar (Guru, Madhura, builds Ojas but heavy for Kapha); Egg (Guru, Ushna, builds strength, use moderately for Pitta); Cornflour (Balances doshas when eaten fresh and in moderation)"
Cucumber raita (Kheere ka raita),Pan-India / General Home Cooking,Curry/Side (Raita),Veg,A vegetarian curry/side.,Cucumber,,59.13,4.04,6.35,2.08,5.22,0.86,189.96,138.58,0.29,5.65,26.92,"Cucumber, Onion, Tomato, Ginger-Garlic Paste, Oil/Ghee, Turmeric, Red Chilli Powder, Garam Masala, Salt, Yogurt, Roasted Cumin Powder, Coriander Leaves","Cucumber (Balances doshas when eaten fresh and in moderation); Onion (Ushna, stimulates Agni, balances Kapha and Vata); Tomato (Amla, sour, stimulates digestion, use sparingly for Pitta); Ginger-Garlic Paste (Ushna, kindles Agni, aids digestion); Oil/Ghee (Snigdha, unctuous, balances Vata and nourishes tissues); Turmeric (Ushna, anti-inflammatory, purifies blood); Red Chilli Powder (Ushna, heating, use sparingly for Pitta); Garam Masala (Ushna, kindles Agni, aids digestion); Salt (Ushna, enhances taste, balances electrolytes); Yogurt (Amla, Guru, sour and cooling in moderation); Roasted Cumin Powder (Ushna, kindles Agni, eases digestion); Coriander Leaves (Shita, cooling, soothes Pitta)"
Cucumber sharbat (Kheere ka sharbat),Pan-India / General Home Cooking,Beverage (Juice/Cooler),Veg,A vegetarian beverage.,Cucumber,,27.28,0.26,6.64,0.06,5.46,0.78,2.57,6.49,0.18,9.16,25.26,"Cucumber, Water, Sugar, Ice","Cucumber (Balances doshas when eaten fresh and in moderation); Water (Balances doshas when eaten fresh and in moderation); Sugar (Guru, Madhura, builds Ojas but heavy for Kapha); Ice (Balances doshas when eaten fresh and in moderation)"
Cumin infused water (Jeere/Zeere ka pani),Pan-India / General Home Cooking,Beverage (Tea/Coffee/Hot Drink),Veg,A vegetarian beverage typically made with cumin.,Cumin,,9.09,0.17,1.86,0.11,1.46,0.46,189.6,10.84,0.32,3.61,3.14,"Cumin, Water, Sugar, Ice, Milk","Cumin (Ushna, kindles Agni, eases digestion); Water (Balances doshas when eaten fresh and in moderation); Sugar (Guru, Madhura, builds Ojas but heavy for Kapha); Ice (Balances doshas when eaten fresh and in moderation); Milk (Guru, Shita, cooling and building, balances Pitta)"
Cumin pulao (Jeera/Zeera pulao),Pan-India / General Home Cooking,Rice Dish,Veg,A vegetarian rice dish typically made with cumin.,Cumin,,135.24,2.47,23.61,3.2,0.64,1.4,219.73,7.25,0.33,1.42,13.85,"Cumin, Rice, Oil/Ghee, Whole Spices, Salt","Cumin (Ushna, kindles Agni, eases digestion); Rice (Laghu, easy to digest, balances Kapha); Oil/Ghee (Snigdha, unctuous, balances Vata and nourishes tissues); Whole Spices (Ushna, kindles Agni, aids digestion); Salt (Ushna, enhances taste, balances electrolytes)"
Cumin seeds baghar (Jeera baghar/tadka),Pan-India / General Home Cooking,Side/Condiment (Tempering/Spice Mix),Veg,A vegetarian side/condiment typically made with cumin.,Cumin,,736.81,3.34,5.22,78.77,0.49,6.01,177.58,177.77,5.09,,,"Cumin, Salt, Pepper, Oil/Butter, Mustard Seeds, Cumin Seeds, Dry Red Chilli, Oil","Cumin (Ushna, kindles Agni, eases digestion); Salt (Ushna, enhances taste, balances electrolytes); Pepper (Ushna, heating, clears Kapha); Oil/Butter (Snigdha, unctuous, balances Vata); Mustard Seeds (Ushna, stimulates digestion); Cumin Seeds (Ushna, kindles Agni, eases digestion); Dry Red Chilli (Ushna, heating, use sparingly for Pitta); Oil (Snigdha, unctuous, balances Vata)"
Curd dip,Pan-India / General Home Cooking,Sauce/Condiment,Veg,A vegetarian sauce/condiment typically made with curd/yogurt.,Curd/Yogurt,,79.95,5.04,7.95,3.36,7.12,0.1,301.07,167.17,0.25,,,"Curd/Yogurt, Butter, Refined Flour (Maida), Salt, Pepper, Oil/Butter","Curd/Yogurt (Amla, Guru, sour and cooling in moderation); Butter (Snigdha, unctuous, balances Vata); Refined Flour (Maida) (Guru, heavier to digest, best in moderation); Salt (Ushna, enhances taste, balances electrolytes); Pepper (Ushna, heating, clears Kapha); Oil/Butter (Snigdha, unctuous, balances Vata)"
Curd mint dip,Pan-India / General Home Cooking,Sauce/Condiment,Veg,A vegetarian sauce/condiment typically made with curd/yogurt.,Curd/Yogurt,,76.13,4.82,9.11,2.44,7.83,0.77,222.77,172.79,0.82,3.28,7.82,"Curd/Yogurt, Butter, Refined Flour (Maida), Salt, Pepper, Oil/Butter","Curd/Yogurt (Amla, Guru, sour and cooling in moderation); Butter (Snigdha, unctuous, balances Vata); Refined Flour (Maida) (Guru, heavier to digest, best in moderation); Salt (Ushna, enhances taste, balances electrolytes); Pepper (Ushna, heating, clears Kapha); Oil/Butter (Snigdha, unctuous, balances Vata)"
Curd rice (Dahi bhaat/Dahi chawal/ Perugu annam/Daddojanam/Thayir saadam),Pan-India / General Home Cooking,Rice Dish,Veg,"A vegetarian rice dish typically made with rice, curd/yogurt.","Rice, Curd/Yogurt",,195.74,5.75,32.93,4.32,3.91,2.13,213.29,101.52,0.59,5.1,28.24,"Rice, Curd/Yogurt, Oil/Ghee, Whole Spices, Salt","Rice (Laghu, easy to digest, balances Kapha); Curd/Yogurt (Amla, Guru, sour and cooling in moderation); Oil/Ghee (Snigdha, unctuous, balances Vata and nourishes tissues); Whole Spices (Ushna, kindles Agni, aids digestion); Salt (Ushna, enhances taste, balances electrolytes)"
Curd vegetable dip,Pan-India / General Home Cooking,Sauce/Condiment,Veg,A vegetarian sauce/condiment typically made with curd/yogurt.,Curd/Yogurt,,56.21,3.88,6.04,1.94,5.42,0.63,132.48,129.58,0.37,4.53,5.78,"Curd/Yogurt, Butter, Refined Flour (Maida), Salt, Pepper, Oil/Butter","Curd/Yogurt (Amla, Guru, sour and cooling in moderation); Butter (Snigdha, unctuous, balances Vata); Refined Flour (Maida) (Guru, heavier to digest, best in moderation); Salt (Ushna, enhances taste, balances electrolytes); Pepper (Ushna, heating, clears Kapha); Oil/Butter (Snigdha, unctuous, balances Vata)"
Curd with potatoes (Dahi aloo),Pan-India / General Home Cooking,Curry/Gravy,Veg,"A vegetarian curry/gravy typically made with potato, curd/yogurt.","Potato, Curd/Yogurt",,59.9,1.56,7.15,2.72,1.82,1.19,51.99,36.36,0.47,42.93,44.72,"Potato, Curd/Yogurt, Onion, Tomato, Ginger-Garlic Paste, Oil/Ghee, Turmeric, Red Chilli Powder, Garam Masala, Salt","Potato (Guru, Vata aggravating in excess); Curd/Yogurt (Amla, Guru, sour and cooling in moderation); Onion (Ushna, stimulates Agni, balances Kapha and Vata); Tomato (Amla, sour, stimulates digestion, use sparingly for Pitta); Ginger-Garlic Paste (Ushna, kindles Agni, aids digestion); Oil/Ghee (Snigdha, unctuous, balances Vata and nourishes tissues); Turmeric (Ushna, anti-inflammatory, purifies blood); Red Chilli Powder (Ushna, heating, use sparingly for Pitta); Garam Masala (Ushna, kindles Agni, aids digestion); Salt (Ushna, enhances taste, balances electrolytes)"
Dahi vadas/Dahi bhalla,Pan-India / General Home Cooking,Snack (Fried),Veg,A vegetarian snack typically made with curd/yogurt.,Curd/Yogurt,,667.73,2.96,5.49,70.4,1.78,0.97,79.0,49.03,0.49,0.57,18.3,"Curd/Yogurt, Gram Flour (Besan)/Refined Flour, Oil (for frying), Spices, Salt","Curd/Yogurt (Amla, Guru, sour and cooling in moderation); Gram Flour (Besan)/Refined Flour (Guru, heavier to digest, best in moderation); Oil (for frying) (Snigdha, unctuous, balances Vata); Spices (Balances doshas when eaten fresh and in moderation); Salt (Ushna, enhances taste, balances electrolytes)"
Dal moong,Pan-India / General Home Cooking,Curry/Gravy,Veg,A vegetarian curry/gravy typically made with moong dal.,Moong Dal,,43.69,2.2,4.92,1.62,0.13,1.08,117.74,7.69,0.52,,,"Moong Dal, Onion, Tomato, Ginger-Garlic Paste, Oil/Ghee, Turmeric, Red Chilli Powder, Garam Masala, Salt","Moong Dal (Laghu, protein-rich, balances Kapha); Onion (Ushna, stimulates Agni, balances Kapha and Vata); Tomato (Amla, sour, stimulates digestion, use sparingly for Pitta); Ginger-Garlic Paste (Ushna, kindles Agni, aids digestion); Oil/Ghee (Snigdha, unctuous, balances Vata and nourishes tissues); Turmeric (Ushna, anti-inflammatory, purifies blood); Red Chilli Powder (Ushna, heating, use sparingly for Pitta); Garam Masala (Ushna, kindles Agni, aids digestion); Salt (Ushna, enhances taste, balances electrolytes)"
Dal parantha/paratha,Pan-India / General Home Cooking,Breakfast/Tiffin,Veg,A vegetarian breakfast/tiffin.,Lentils,,268.24,6.78,30.03,13.05,1.43,6.46,156.13,23.89,2.45,1.8,29.02,"Lentils, Salt, Oil, Mixed Spices","Lentils (Laghu, protein-rich, balances Kapha); Salt (Ushna, enhances taste, balances electrolytes); Oil (Snigdha, unctuous, balances Vata); Mixed Spices (Ushna, kindles Agni, aids digestion)"
Dal stuffed poori,Pan-India / General Home Cooking,Bread/Roti,Veg,A vegetarian bread/roti.,Lentils,,785.16,2.08,10.14,81.69,0.29,1.96,128.18,6.88,0.83,0.42,7.65,"Lentils, Wheat Flour, Salt, Water, Oil/Ghee","Lentils (Laghu, protein-rich, balances Kapha); Wheat Flour (Guru, nourishing, grounds Vata); Salt (Ushna, enhances taste, balances electrolytes); Water (Balances doshas when eaten fresh and in moderation); Oil/Ghee (Snigdha, unctuous, balances Vata and nourishes tissues)"
Dalma,Pan-India / General Home Cooking,Curry/Gravy,Veg,A vegetarian curry/gravy.,Lentils,,118.93,4.91,15.04,4.58,3.1,2.16,49.35,54.28,2.1,36.63,137.41,"Lentils, Onion, Tomato, Ginger-Garlic Paste, Oil/Ghee, Turmeric, Red Chilli Powder, Garam Masala, Salt","Lentils (Laghu, protein-rich, balances Kapha); Onion (Ushna, stimulates Agni, balances Kapha and Vata); Tomato (Amla, sour, stimulates digestion, use sparingly for Pitta); Ginger-Garlic Paste (Ushna, kindles Agni, aids digestion); Oil/Ghee (Snigdha, unctuous, balances Vata and nourishes tissues); Turmeric (Ushna, anti-inflammatory, purifies blood); Red Chilli Powder (Ushna, heating, use sparingly for Pitta); Garam Masala (Ushna, kindles Agni, aids digestion); Salt (Ushna, enhances taste, balances electrolytes)"
Danedar burfi,Pan-India / General Home Cooking,Sweet,Veg,A vegetarian sweet.,Milk,,102.68,3.24,12.33,4.72,11.98,0.09,23.31,107.53,0.24,3.36,9.75,"Milk, Sugar, Ghee, Milk/Khoya, Cardamom","Milk (Guru, Shita, cooling and building, balances Pitta); Sugar (Guru, Madhura, builds Ojas but heavy for Kapha); Ghee (Snigdha, unctuous, balances Vata and nourishes tissues); Milk/Khoya (Guru, Shita, cooling and building, balances Pitta); Cardamom (Ushna, aromatic, soothes digestion)"
Date pickle (Khajoor ka achaar),Pan-India / General Home Cooking,Pickle/Preserve,Veg,A vegetarian pickle/preserve.,Dates,,182.29,1.68,34.66,4.21,30.47,5.2,138.86,41.49,1.96,3.46,15.77,"Dates, Oil, Mustard Seeds, Turmeric, Red Chilli Powder, Salt","Dates (Guru, Snigdha, builds Ojas); Oil (Snigdha, unctuous, balances Vata); Mustard Seeds (Ushna, stimulates digestion); Turmeric (Ushna, anti-inflammatory, purifies blood); Red Chilli Powder (Ushna, heating, use sparingly for Pitta); Salt (Ushna, enhances taste, balances electrolytes)"
Dates chutney (Khajoor ki chutney),Pan-India / General Home Cooking,Chutney/Condiment,Veg,A vegetarian chutney/condiment.,Dates,,103.57,1.07,21.69,1.12,18.68,3.41,76.77,28.72,1.19,3.41,17.27,"Dates, Green Chilli, Salt, Spices, Oil (tempering), Pepper, Oil/Butter","Dates (Guru, Snigdha, builds Ojas); Green Chilli (Ushna, use sparingly for Pitta); Salt (Ushna, enhances taste, balances electrolytes); Spices (Balances doshas when eaten fresh and in moderation); Oil (tempering) (Snigdha, unctuous, balances Vata); Pepper (Ushna, heating, clears Kapha); Oil/Butter (Snigdha, unctuous, balances Vata)"
Dessicated coconut chutney (Sookhe kase nariyal ki chutney),Pan-India / General Home Cooking,Chutney/Condiment,Veg,A vegetarian chutney/condiment typically made with coconut.,Coconut,,346.36,12.88,36.72,15.88,10.41,13.16,321.07,73.55,5.44,0.15,10.69,"Coconut, Green Chilli, Salt, Spices, Oil (tempering), Pepper, Oil/Butter","Coconut (Shita, cooling, pacifies Pitta); Green Chilli (Ushna, use sparingly for Pitta); Salt (Ushna, enhances taste, balances electrolytes); Spices (Balances doshas when eaten fresh and in moderation); Oil (tempering) (Snigdha, unctuous, balances Vata); Pepper (Ushna, heating, clears Kapha); Oil/Butter (Snigdha, unctuous, balances Vata)"
Deviled egg,Pan-India / General Home Cooking,Breakfast (Omelette/Egg),Egg (Ovo-Veg),A egg-based breakfast typically made with egg.,Egg,,98.56,4.97,2.23,7.72,0.82,1.15,117.29,36.84,1.51,18.42,48.39,"Egg, Onion, Green Chilli, Salt, Oil","Egg (Guru, Ushna, builds strength, use moderately for Pitta); Onion (Ushna, stimulates Agni, balances Kapha and Vata); Green Chilli (Ushna, use sparingly for Pitta); Salt (Ushna, enhances taste, balances electrolytes); Oil (Snigdha, unctuous, balances Vata)"
Dhansak (vegetarian),Pan-India / General Home Cooking,Curry/Gravy,Veg,A vegetarian curry/gravy.,Lentils,,82.8,3.32,7.28,4.18,0.91,4.17,34.18,26.4,1.26,13.25,45.12,"Lentils, Onion, Tomato, Ginger-Garlic Paste, Oil/Ghee, Turmeric, Red Chilli Powder, Garam Masala, Salt","Lentils (Laghu, protein-rich, balances Kapha); Onion (Ushna, stimulates Agni, balances Kapha and Vata); Tomato (Amla, sour, stimulates digestion, use sparingly for Pitta); Ginger-Garlic Paste (Ushna, kindles Agni, aids digestion); Oil/Ghee (Snigdha, unctuous, balances Vata and nourishes tissues); Turmeric (Ushna, anti-inflammatory, purifies blood); Red Chilli Powder (Ushna, heating, use sparingly for Pitta); Garam Masala (Ushna, kindles Agni, aids digestion); Salt (Ushna, enhances taste, balances electrolytes)"
Dil bahar,Pan-India / General Home Cooking,Beverage (Juice/Cooler),Veg,A vegetarian beverage.,Mixed Fruit,,130.05,1.52,28.27,1.92,27.84,0.02,16.65,62.58,0.13,2.69,10.2,"Mixed Fruit, Water, Sugar, Ice","Mixed Fruit (Balances doshas when eaten fresh and in moderation); Water (Balances doshas when eaten fresh and in moderation); Sugar (Guru, Madhura, builds Ojas but heavy for Kapha); Ice (Balances doshas when eaten fresh and in moderation)"
Dry arbi (Sookhi arbi),Pan-India / General Home Cooking,Curry/Gravy,Veg,A vegetarian curry/gravy typically made with colocasia.,Colocasia,,134.95,2.12,11.11,8.97,1.55,2.47,81.25,22.77,0.68,8.11,32.76,"Colocasia, Onion, Tomato, Ginger-Garlic Paste, Oil/Ghee, Turmeric, Red Chilli Powder, Garam Masala, Salt","Colocasia (Balances doshas when eaten fresh and in moderation); Onion (Ushna, stimulates Agni, balances Kapha and Vata); Tomato (Amla, sour, stimulates digestion, use sparingly for Pitta); Ginger-Garlic Paste (Ushna, kindles Agni, aids digestion); Oil/Ghee (Snigdha, unctuous, balances Vata and nourishes tissues); Turmeric (Ushna, anti-inflammatory, purifies blood); Red Chilli Powder (Ushna, heating, use sparingly for Pitta); Garam Masala (Ushna, kindles Agni, aids digestion); Salt (Ushna, enhances taste, balances electrolytes)"
Dry mango chutney (Sookhe aam ki chutney),Pan-India / General Home Cooking,Chutney/Condiment,Veg,A vegetarian chutney/condiment typically made with mango.,Mango,,298.13,2.43,69.17,0.7,61.86,3.74,437.91,72.05,3.98,0.25,5.17,"Mango, Green Chilli, Salt, Spices, Oil (tempering), Pepper, Oil/Butter","Mango (Guru, Snigdha, nourishing in season); Green Chilli (Ushna, use sparingly for Pitta); Salt (Ushna, enhances taste, balances electrolytes); Spices (Balances doshas when eaten fresh and in moderation); Oil (tempering) (Snigdha, unctuous, balances Vata); Pepper (Ushna, heating, clears Kapha); Oil/Butter (Snigdha, unctuous, balances Vata)"
Dry masala chops,Pan-India / General Home Cooking,Snack/Starter (Grilled),Non-Veg,A vegetarian snack/starter.,Mutton,,135.07,9.08,3.3,9.54,2.27,0.86,83.47,112.25,1.39,1.87,15.19,"Mutton, Yogurt, Ginger-Garlic Paste, Spices, Oil","Mutton (Guru, Ushna, heavy and warming); Yogurt (Amla, Guru, sour and cooling in moderation); Ginger-Garlic Paste (Ushna, kindles Agni, aids digestion); Spices (Balances doshas when eaten fresh and in moderation); Oil (Snigdha, unctuous, balances Vata)"
Dry potato (Sookhe aloo),Pan-India / General Home Cooking,Curry/Gravy,Veg,A vegetarian curry/gravy typically made with potato.,Potato,,103.15,1.62,14.38,4.18,0.33,1.88,199.99,17.2,0.83,23.23,15.7,"Potato, Onion, Tomato, Ginger-Garlic Paste, Oil/Ghee, Turmeric, Red Chilli Powder, Garam Masala, Salt","Potato (Guru, Vata aggravating in excess); Onion (Ushna, stimulates Agni, balances Kapha and Vata); Tomato (Amla, sour, stimulates digestion, use sparingly for Pitta); Ginger-Garlic Paste (Ushna, kindles Agni, aids digestion); Oil/Ghee (Snigdha, unctuous, balances Vata and nourishes tissues); Turmeric (Ushna, anti-inflammatory, purifies blood); Red Chilli Powder (Ushna, heating, use sparingly for Pitta); Garam Masala (Ushna, kindles Agni, aids digestion); Salt (Ushna, enhances taste, balances electrolytes)"
Dry washed urad,Pan-India / General Home Cooking,Curry/Gravy,Veg,A vegetarian curry/gravy typically made with urad dal.,Urad Dal,,124.71,6.85,15.66,3.5,0.73,4.06,295.79,27.08,1.89,1.46,40.3,"Urad Dal, Onion, Tomato, Ginger-Garlic Paste, Oil/Ghee, Turmeric, Red Chilli Powder, Garam Masala, Salt","Urad Dal (Laghu, protein-rich, balances Kapha); Onion (Ushna, stimulates Agni, balances Kapha and Vata); Tomato (Amla, sour, stimulates digestion, use sparingly for Pitta); Ginger-Garlic Paste (Ushna, kindles Agni, aids digestion); Oil/Ghee (Snigdha, unctuous, balances Vata and nourishes tissues); Turmeric (Ushna, anti-inflammatory, purifies blood); Red Chilli Powder (Ushna, heating, use sparingly for Pitta); Garam Masala (Ushna, kindles Agni, aids digestion); Salt (Ushna, enhances taste, balances electrolytes)"
Ducheese potato,Pan-India / General Home Cooking,Curry/Gravy,Veg,A vegetarian curry/gravy typically made with potato.,Potato,,140.54,3.6,10.94,9.01,0.29,1.29,103.85,18.1,0.76,7.23,8.71,"Potato, Onion, Tomato, Ginger-Garlic Paste, Oil/Ghee, Turmeric, Red Chilli Powder, Garam Masala, Salt","Potato (Guru, Vata aggravating in excess); Onion (Ushna, stimulates Agni, balances Kapha and Vata); Tomato (Amla, sour, stimulates digestion, use sparingly for Pitta); Ginger-Garlic Paste (Ushna, kindles Agni, aids digestion); Oil/Ghee (Snigdha, unctuous, balances Vata and nourishes tissues); Turmeric (Ushna, anti-inflammatory, purifies blood); Red Chilli Powder (Ushna, heating, use sparingly for Pitta); Garam Masala (Ushna, kindles Agni, aids digestion); Salt (Ushna, enhances taste, balances electrolytes)"
Dum aloo,Pan-India / General Home Cooking,Curry/Gravy,Veg,A vegetarian curry/gravy typically made with potato.,Potato,,682.33,0.7,3.33,74.01,0.71,0.68,183.85,16.49,0.36,29.39,34.41,"Potato, Onion, Tomato, Ginger-Garlic Paste, Oil/Ghee, Turmeric, Red Chilli Powder, Garam Masala, Salt","Potato (Guru, Vata aggravating in excess); Onion (Ushna, stimulates Agni, balances Kapha and Vata); Tomato (Amla, sour, stimulates digestion, use sparingly for Pitta); Ginger-Garlic Paste (Ushna, kindles Agni, aids digestion); Oil/Ghee (Snigdha, unctuous, balances Vata and nourishes tissues); Turmeric (Ushna, anti-inflammatory, purifies blood); Red Chilli Powder (Ushna, heating, use sparingly for Pitta); Garam Masala (Ushna, kindles Agni, aids digestion); Salt (Ushna, enhances taste, balances electrolytes)"
Egg curry (Anda curry),Pan-India / General Home Cooking,Curry/Gravy,Egg (Ovo-Veg),A egg-based curry/gravy typically made with egg.,Egg,,117.52,5.38,4.03,8.81,1.9,2.09,142.12,41.59,1.52,19.03,44.73,"Egg, Onion, Tomato, Ginger-Garlic Paste, Oil/Ghee, Turmeric, Red Chilli Powder, Garam Masala, Salt","Egg (Guru, Ushna, builds strength, use moderately for Pitta); Onion (Ushna, stimulates Agni, balances Kapha and Vata); Tomato (Amla, sour, stimulates digestion, use sparingly for Pitta); Ginger-Garlic Paste (Ushna, kindles Agni, aids digestion); Oil/Ghee (Snigdha, unctuous, balances Vata and nourishes tissues); Turmeric (Ushna, anti-inflammatory, purifies blood); Red Chilli Powder (Ushna, heating, use sparingly for Pitta); Garam Masala (Ushna, kindles Agni, aids digestion); Salt (Ushna, enhances taste, balances electrolytes)"
Egg halwa (Ande ka halwa),Pan-India / General Home Cooking,Sweet,Egg (Ovo-Veg),A egg-based sweet typically made with egg.,Egg,,299.74,7.85,39.59,13.41,37.85,0.49,83.04,35.77,1.45,0.0,24.67,"Egg, Sugar, Ghee, Milk/Khoya, Cardamom","Egg (Guru, Ushna, builds strength, use moderately for Pitta); Sugar (Guru, Madhura, builds Ojas but heavy for Kapha); Ghee (Snigdha, unctuous, balances Vata and nourishes tissues); Milk/Khoya (Guru, Shita, cooling and building, balances Pitta); Cardamom (Ushna, aromatic, soothes digestion)"
Egg in a pepper,Pan-India / General Home Cooking,Breakfast (Omelette/Egg),Egg (Ovo-Veg),A egg-based breakfast typically made with egg.,Egg,,128.78,12.64,0.17,8.68,0.05,0.17,183.89,48.25,1.76,33.6,290.24,"Egg, Onion, Green Chilli, Salt, Oil","Egg (Guru, Ushna, builds strength, use moderately for Pitta); Onion (Ushna, stimulates Agni, balances Kapha and Vata); Green Chilli (Ushna, use sparingly for Pitta); Salt (Ushna, enhances taste, balances electrolytes); Oil (Snigdha, unctuous, balances Vata)"
Egg nog,Pan-India / General Home Cooking,Beverage (Juice/Cooler),Egg (Ovo-Veg),A egg-based beverage typically made with egg.,Egg,,97.14,4.78,8.15,5.11,8.06,0.02,40.65,102.13,0.43,4.82,41.91,"Egg, Water, Sugar, Ice","Egg (Guru, Ushna, builds strength, use moderately for Pitta); Water (Balances doshas when eaten fresh and in moderation); Sugar (Guru, Madhura, builds Ojas but heavy for Kapha); Ice (Balances doshas when eaten fresh and in moderation)"
Egg pakora/pakoda (Ande ke pakode),Pan-India / General Home Cooking,Snack (Fried),Egg (Ovo-Veg),A egg-based snack typically made with egg.,Egg,,710.51,2.83,4.48,75.86,0.19,0.86,75.37,9.55,0.47,0.01,121.37,"Egg, Gram Flour (Besan)/Refined Flour, Oil (for frying), Spices, Salt","Egg (Guru, Ushna, builds strength, use moderately for Pitta); Gram Flour (Besan)/Refined Flour (Guru, heavier to digest, best in moderation); Oil (for frying) (Snigdha, unctuous, balances Vata); Spices (Balances doshas when eaten fresh and in moderation); Salt (Ushna, enhances taste, balances electrolytes)"
Eggplant/Brinjal rice (Vangi bhat),Pan-India / General Home Cooking,Rice Dish,Veg,"A vegetarian rice dish typically made with rice, brinjal, egg.","Rice, Brinjal",,184.8,5.28,31.74,3.67,4.36,4.44,59.06,36.02,1.91,3.23,77.11,"Rice, Brinjal, Oil/Ghee, Whole Spices, Salt","Rice (Laghu, easy to digest, balances Kapha); Brinjal (Laghu, light, supports digestion); Oil/Ghee (Snigdha, unctuous, balances Vata and nourishes tissues); Whole Spices (Ushna, kindles Agni, aids digestion); Salt (Ushna, enhances taste, balances electrolytes)"
Espreso coffee,Pan-India / General Home Cooking,Beverage (Tea/Coffee/Hot Drink),Veg,A vegetarian beverage typically made with coffee.,Coffee,,51.54,1.75,6.62,2.14,6.53,0.0,13.98,58.1,0.15,1.51,5.53,"Coffee, Water, Sugar, Ice, Milk","Coffee (Balances doshas when eaten fresh and in moderation); Water (Balances doshas when eaten fresh and in moderation); Sugar (Guru, Madhura, builds Ojas but heavy for Kapha); Ice (Balances doshas when eaten fresh and in moderation); Milk (Guru, Shita, cooling and building, balances Pitta)"
Fermented bamboo shoot pickle (Mesu pickle),Pan-India / General Home Cooking,Pickle/Preserve,Veg,A vegetarian pickle/preserve.,Bamboo Shoot,,59.83,1.58,1.73,5.59,0.29,2.24,161.31,16.62,0.69,19.87,23.14,"Bamboo Shoot, Oil, Mustard Seeds, Turmeric, Red Chilli Powder, Salt","Bamboo Shoot (Balances doshas when eaten fresh and in moderation); Oil (Snigdha, unctuous, balances Vata); Mustard Seeds (Ushna, stimulates digestion); Turmeric (Ushna, anti-inflammatory, purifies blood); Red Chilli Powder (Ushna, heating, use sparingly for Pitta); Salt (Ushna, enhances taste, balances electrolytes)"
Fermented bengal gram vada (Khameerikrit/Ufna hua channa dal ka vada),Pan-India / General Home Cooking,Snack (Fried),Non-Veg,A non-vegetarian snack typically made with chickpeas.,Chickpeas,,657.57,4.05,8.68,67.19,0.35,2.65,63.87,20.5,1.38,3.95,38.78,"Chickpeas, Gram Flour (Besan)/Refined Flour, Oil (for frying), Spices, Salt","Chickpeas (Laghu, grounding, aids digestion); Gram Flour (Besan)/Refined Flour (Guru, heavier to digest, best in moderation); Oil (for frying) (Snigdha, unctuous, balances Vata); Spices (Balances doshas when eaten fresh and in moderation); Salt (Ushna, enhances taste, balances electrolytes)"
Fish curry (Machli curry),Pan-India / General Home Cooking,Curry/Gravy,Non-Veg,A non-vegetarian curry/gravy typically made with fish.,Fish,,111.13,8.76,3.77,6.69,2.02,1.89,184.71,52.06,1.09,22.48,40.45,"Fish, Onion, Tomato, Ginger-Garlic Paste, Oil/Ghee, Turmeric, Red Chilli Powder, Garam Masala, Salt","Fish (Guru, Ushna, nourishing, best fresh); Onion (Ushna, stimulates Agni, balances Kapha and Vata); Tomato (Amla, sour, stimulates digestion, use sparingly for Pitta); Ginger-Garlic Paste (Ushna, kindles Agni, aids digestion); Oil/Ghee (Snigdha, unctuous, balances Vata and nourishes tissues); Turmeric (Ushna, anti-inflammatory, purifies blood); Red Chilli Powder (Ushna, heating, use sparingly for Pitta); Garam Masala (Ushna, kindles Agni, aids digestion); Salt (Ushna, enhances taste, balances electrolytes)"
Fish finger,Pan-India / General Home Cooking,Snack (Fried),Non-Veg,A non-vegetarian snack typically made with fish.,Fish,,542.9,5.66,4.47,55.82,0.17,0.34,103.55,11.38,0.38,14.13,34.81,"Fish, Gram Flour (Besan)/Refined Flour, Oil (for frying), Spices, Salt","Fish (Guru, Ushna, nourishing, best fresh); Gram Flour (Besan)/Refined Flour (Guru, heavier to digest, best in moderation); Oil (for frying) (Snigdha, unctuous, balances Vata); Spices (Balances doshas when eaten fresh and in moderation); Salt (Ushna, enhances taste, balances electrolytes)"
Fish in coconut milk (Nariyal ke doodh ke saath machli),Pan-India / General Home Cooking,Curry/Gravy,Non-Veg,"A non-vegetarian curry/gravy typically made with coconut, milk, fish.","Coconut, Milk, Fish",,86.21,8.66,2.73,4.43,1.55,1.52,73.93,21.94,0.91,10.71,38.0,"Coconut, Milk, Fish, Onion, Tomato, Ginger-Garlic Paste, Oil/Ghee, Turmeric, Red Chilli Powder, Garam Masala, Salt","Coconut (Shita, cooling, pacifies Pitta); Milk (Guru, Shita, cooling and building, balances Pitta); Fish (Guru, Ushna, nourishing, best fresh); Onion (Ushna, stimulates Agni, balances Kapha and Vata); Tomato (Amla, sour, stimulates digestion, use sparingly for Pitta); Ginger-Garlic Paste (Ushna, kindles Agni, aids digestion); Oil/Ghee (Snigdha, unctuous, balances Vata and nourishes tissues); Turmeric (Ushna, anti-inflammatory, purifies blood); Red Chilli Powder (Ushna, heating, use sparingly for Pitta); Garam Masala (Ushna, kindles Agni, aids digestion); Salt (Ushna, enhances taste, balances electrolytes)"
Fish orly,Pan-India / General Home Cooking,Snack (Fried),Non-Veg,A non-vegetarian snack typically made with fish.,Fish,,563.7,5.87,4.27,58.18,0.24,0.33,136.37,9.55,0.31,1.35,12.83,"Fish, Gram Flour (Besan)/Refined Flour, Oil (for frying), Spices, Salt","Fish (Guru, Ushna, nourishing, best fresh); Gram Flour (Besan)/Refined Flour (Guru, heavier to digest, best in moderation); Oil (for frying) (Snigdha, unctuous, balances Vata); Spices (Balances doshas when eaten fresh and in moderation); Salt (Ushna, enhances taste, balances electrolytes)"
Fish pakora/pakoda,Pan-India / General Home Cooking,Snack (Fried),Non-Veg,A non-vegetarian snack typically made with fish.,Fish,,577.03,5.97,4.55,59.52,0.22,0.96,112.24,12.65,0.63,0.14,11.02,"Fish, Gram Flour (Besan)/Refined Flour, Oil (for frying), Spices, Salt","Fish (Guru, Ushna, nourishing, best fresh); Gram Flour (Besan)/Refined Flour (Guru, heavier to digest, best in moderation); Oil (for frying) (Snigdha, unctuous, balances Vata); Spices (Balances doshas when eaten fresh and in moderation); Salt (Ushna, enhances taste, balances electrolytes)"
Fish souffle,Pan-India / General Home Cooking,Dessert (Souffle/Custard/Pudding),Non-Veg,A non-vegetarian dessert typically made with fish.,Fish,,139.71,10.51,5.14,8.55,2.09,0.19,92.45,63.87,0.59,2.41,45.24,"Fish, Milk, Sugar, Egg, Cornflour","Fish (Guru, Ushna, nourishing, best fresh); Milk (Guru, Shita, cooling and building, balances Pitta); Sugar (Guru, Madhura, builds Ojas but heavy for Kapha); Egg (Guru, Ushna, builds strength, use moderately for Pitta); Cornflour (Balances doshas when eaten fresh and in moderation)"
Fish tikka,Pan-India / General Home Cooking,Snack/Starter (Grilled),Non-Veg,A non-vegetarian snack/starter typically made with fish.,Fish,,117.33,16.0,3.91,4.15,1.18,1.18,503.44,31.98,1.41,0.9,4.62,"Fish, Yogurt, Ginger-Garlic Paste, Spices, Oil","Fish (Guru, Ushna, nourishing, best fresh); Yogurt (Amla, Guru, sour and cooling in moderation); Ginger-Garlic Paste (Ushna, kindles Agni, aids digestion); Spices (Balances doshas when eaten fresh and in moderation); Oil (Snigdha, unctuous, balances Vata)"
Flaky pastry,Pan-India / General Home Cooking,Bakery (Cake/Pastry),Veg,A vegetarian bakery.,Refined Flour (Maida),,443.94,4.69,33.61,31.99,0.81,1.25,178.52,9.28,0.83,,,"Refined Flour (Maida), Sugar, Butter, Egg, Baking Powder, Milk","Refined Flour (Maida) (Guru, heavier to digest, best in moderation); Sugar (Guru, Madhura, builds Ojas but heavy for Kapha); Butter (Snigdha, unctuous, balances Vata); Egg (Guru, Ushna, builds strength, use moderately for Pitta); Baking Powder (Neutral, leavening agent); Milk (Guru, Shita, cooling and building, balances Pitta)"
Flan pastry,Pan-India / General Home Cooking,Bakery (Cake/Pastry),Veg,A vegetarian bakery.,Refined Flour (Maida),,445.8,6.72,47.84,25.04,6.22,1.58,193.23,21.85,1.15,0.0,7.11,"Refined Flour (Maida), Sugar, Butter, Egg, Baking Powder, Milk","Refined Flour (Maida) (Guru, heavier to digest, best in moderation); Sugar (Guru, Madhura, builds Ojas but heavy for Kapha); Butter (Snigdha, unctuous, balances Vata); Egg (Guru, Ushna, builds strength, use moderately for Pitta); Baking Powder (Neutral, leavening agent); Milk (Guru, Shita, cooling and building, balances Pitta)"
Fricassee of Mushroom,Pan-India / General Home Cooking,Curry/Gravy,Veg,A vegetarian curry/gravy typically made with mushroom.,Mushroom,,106.66,3.65,8.13,6.63,2.51,1.23,118.98,84.97,0.36,39.68,37.46,"Mushroom, Onion, Tomato, Ginger-Garlic Paste, Oil/Ghee, Turmeric, Red Chilli Powder, Garam Masala, Salt","Mushroom (Balances doshas when eaten fresh and in moderation); Onion (Ushna, stimulates Agni, balances Kapha and Vata); Tomato (Amla, sour, stimulates digestion, use sparingly for Pitta); Ginger-Garlic Paste (Ushna, kindles Agni, aids digestion); Oil/Ghee (Snigdha, unctuous, balances Vata and nourishes tissues); Turmeric (Ushna, anti-inflammatory, purifies blood); Red Chilli Powder (Ushna, heating, use sparingly for Pitta); Garam Masala (Ushna, kindles Agni, aids digestion); Salt (Ushna, enhances taste, balances electrolytes)"
Fried Egg,Pan-India / General Home Cooking,Snack (Fried),Egg (Ovo-Veg),A egg-based snack typically made with egg.,Egg,,223.67,11.59,0.31,19.62,0.0,0.29,446.96,46.4,1.69,0.0,24.77,"Egg, Gram Flour (Besan)/Refined Flour, Oil (for frying), Spices, Salt","Egg (Guru, Ushna, builds strength, use moderately for Pitta); Gram Flour (Besan)/Refined Flour (Guru, heavier to digest, best in moderation); Oil (for frying) (Snigdha, unctuous, balances Vata); Spices (Balances doshas when eaten fresh and in moderation); Salt (Ushna, enhances taste, balances electrolytes)"
Fried fish (Indian style) (Tali hui machli),Pan-India / General Home Cooking,Snack (Fried),Non-Veg,A non-vegetarian snack typically made with fish.,Fish,,658.54,4.35,5.4,68.88,0.4,0.61,156.94,11.11,0.56,7.22,35.19,"Fish, Gram Flour (Besan)/Refined Flour, Oil (for frying), Spices, Salt","Fish (Guru, Ushna, nourishing, best fresh); Gram Flour (Besan)/Refined Flour (Guru, heavier to digest, best in moderation); Oil (for frying) (Snigdha, unctuous, balances Vata); Spices (Balances doshas when eaten fresh and in moderation); Salt (Ushna, enhances taste, balances electrolytes)"
Fried fish and Chips (English Style) (Tali hui machli aur chips),Pan-India / General Home Cooking,Snack (Fried),Non-Veg,A non-vegetarian snack typically made with fish.,Fish,,651.75,3.36,2.77,69.69,0.17,0.29,72.73,6.56,0.26,22.16,31.65,"Fish, Gram Flour (Besan)/Refined Flour, Oil (for frying), Spices, Salt","Fish (Guru, Ushna, nourishing, best fresh); Gram Flour (Besan)/Refined Flour (Guru, heavier to digest, best in moderation); Oil (for frying) (Snigdha, unctuous, balances Vata); Spices (Balances doshas when eaten fresh and in moderation); Salt (Ushna, enhances taste, balances electrolytes)"
Fruit delight,Pan-India / General Home Cooking,Curry/Gravy,Veg,A vegetarian curry/gravy.,Mixed Fruits,,107.09,2.09,9.11,7.09,9.03,0.09,17.27,71.69,0.15,7.74,19.39,"Mixed Fruits, Onion, Tomato, Ginger-Garlic Paste, Oil/Ghee, Turmeric, Red Chilli Powder, Garam Masala, Salt","Mixed Fruits (Balances doshas when eaten fresh and in moderation); Onion (Ushna, stimulates Agni, balances Kapha and Vata); Tomato (Amla, sour, stimulates digestion, use sparingly for Pitta); Ginger-Garlic Paste (Ushna, kindles Agni, aids digestion); Oil/Ghee (Snigdha, unctuous, balances Vata and nourishes tissues); Turmeric (Ushna, anti-inflammatory, purifies blood); Red Chilli Powder (Ushna, heating, use sparingly for Pitta); Garam Masala (Ushna, kindles Agni, aids digestion); Salt (Ushna, enhances taste, balances electrolytes)"
Fruit flan,Pan-India / General Home Cooking,Bakery (Cake/Pastry),Veg,A vegetarian bakery.,Mixed Fruits,,261.35,3.3,34.71,12.48,9.52,0.71,110.04,19.28,0.61,3.3,33.99,"Mixed Fruits, Refined Flour (Maida), Sugar, Butter, Egg, Baking Powder, Milk","Mixed Fruits (Balances doshas when eaten fresh and in moderation); Refined Flour (Maida) (Guru, heavier to digest, best in moderation); Sugar (Guru, Madhura, builds Ojas but heavy for Kapha); Butter (Snigdha, unctuous, balances Vata); Egg (Guru, Ushna, builds strength, use moderately for Pitta); Baking Powder (Neutral, leavening agent); Milk (Guru, Shita, cooling and building, balances Pitta)"
Fruit Loaf,Pan-India / General Home Cooking,Bakery (Bread),Veg,A vegetarian bakery.,Mixed Fruits,,324.19,5.36,46.49,13.31,24.54,0.87,160.6,45.71,0.96,2.47,7.82,"Mixed Fruits, Refined Flour (Maida), Yeast, Salt, Sugar, Water","Mixed Fruits (Balances doshas when eaten fresh and in moderation); Refined Flour (Maida) (Guru, heavier to digest, best in moderation); Yeast (Neutral, leavening agent); Salt (Ushna, enhances taste, balances electrolytes); Sugar (Guru, Madhura, builds Ojas but heavy for Kapha); Water (Balances doshas when eaten fresh and in moderation)"
Fruit Punch (with fresh juices),Pan-India / General Home Cooking,Beverage (Juice/Cooler),Veg,A vegetarian beverage.,Mixed Fruits,,36.12,0.14,9.38,0.03,9.25,0.06,2.63,5.07,0.1,41.44,24.57,"Mixed Fruits, Water, Sugar, Ice","Mixed Fruits (Balances doshas when eaten fresh and in moderation); Water (Balances doshas when eaten fresh and in moderation); Sugar (Guru, Madhura, builds Ojas but heavy for Kapha); Ice (Balances doshas when eaten fresh and in moderation)"
Fruit Punch (with squashes),Pan-India / General Home Cooking,Beverage (Juice/Cooler),Veg,A vegetarian beverage.,Mixed Fruits,,23.13,0.07,5.99,0.02,5.88,0.17,2.26,3.3,0.06,15.08,9.13,"Mixed Fruits, Water, Sugar, Ice","Mixed Fruits (Balances doshas when eaten fresh and in moderation); Water (Balances doshas when eaten fresh and in moderation); Sugar (Guru, Madhura, builds Ojas but heavy for Kapha); Ice (Balances doshas when eaten fresh and in moderation)"
Garam masala,Pan-India / General Home Cooking,Curry/Gravy,Veg,A vegetarian curry/gravy typically made with garam masala.,Garam Masala,,254.21,9.89,26.2,10.97,1.79,35.56,58.33,609.77,14.51,,,"Garam Masala, Onion, Tomato, Ginger-Garlic Paste, Oil/Ghee, Turmeric, Red Chilli Powder, Salt","Garam Masala (Ushna, kindles Agni, aids digestion); Onion (Ushna, stimulates Agni, balances Kapha and Vata); Tomato (Amla, sour, stimulates digestion, use sparingly for Pitta); Ginger-Garlic Paste (Ushna, kindles Agni, aids digestion); Oil/Ghee (Snigdha, unctuous, balances Vata and nourishes tissues); Turmeric (Ushna, anti-inflammatory, purifies blood); Red Chilli Powder (Ushna, heating, use sparingly for Pitta); Salt (Ushna, enhances taste, balances electrolytes)"
Garlic chutney/Poondu chutney (Lahasun ki chutney),Pan-India / General Home Cooking,Chutney/Condiment,Veg,A vegetarian chutney/condiment typically made with garlic.,Garlic,,255.51,3.34,20.44,17.55,13.36,5.15,177.62,63.51,3.26,5.7,16.82,"Garlic, Green Chilli, Salt, Spices, Oil (tempering), Pepper, Oil/Butter","Garlic (Ushna, heating, balances Vata and Kapha); Green Chilli (Ushna, use sparingly for Pitta); Salt (Ushna, enhances taste, balances electrolytes); Spices (Balances doshas when eaten fresh and in moderation); Oil (tempering) (Snigdha, unctuous, balances Vata); Pepper (Ushna, heating, clears Kapha); Oil/Butter (Snigdha, unctuous, balances Vata)"
Garlic pickle (Lahasun ka achar),Pan-India / General Home Cooking,Pickle/Preserve,Veg,A vegetarian pickle/preserve typically made with garlic.,Garlic,,413.62,3.72,9.75,39.88,2.32,5.13,269.12,54.66,1.82,7.33,15.98,"Garlic, Oil, Mustard Seeds, Turmeric, Red Chilli Powder, Salt","Garlic (Ushna, heating, balances Vata and Kapha); Oil (Snigdha, unctuous, balances Vata); Mustard Seeds (Ushna, stimulates digestion); Turmeric (Ushna, anti-inflammatory, purifies blood); Red Chilli Powder (Ushna, heating, use sparingly for Pitta); Salt (Ushna, enhances taste, balances electrolytes)"
Ghiya/Lauki Kofta Curry,Pan-India / General Home Cooking,Curry/Gravy,Veg,A vegetarian curry/gravy typically made with bottle gourd.,Bottle Gourd,,638.71,0.89,2.71,69.4,0.82,0.83,91.43,11.64,0.33,21.87,87.12,"Bottle Gourd, Onion, Tomato, Ginger-Garlic Paste, Oil/Ghee, Turmeric, Red Chilli Powder, Garam Masala, Salt","Bottle Gourd (Laghu, light, supports digestion); Onion (Ushna, stimulates Agni, balances Kapha and Vata); Tomato (Amla, sour, stimulates digestion, use sparingly for Pitta); Ginger-Garlic Paste (Ushna, kindles Agni, aids digestion); Oil/Ghee (Snigdha, unctuous, balances Vata and nourishes tissues); Turmeric (Ushna, anti-inflammatory, purifies blood); Red Chilli Powder (Ushna, heating, use sparingly for Pitta); Garam Masala (Ushna, kindles Agni, aids digestion); Salt (Ushna, enhances taste, balances electrolytes)"
Ghujia/Lavang latika,Pan-India / General Home Cooking,Sweet,Veg,A vegetarian sweet.,Khoya,,768.98,1.86,13.0,78.93,6.08,0.52,3.28,31.01,0.44,0.01,6.86,"Khoya, Sugar, Ghee, Milk/Khoya, Cardamom","Khoya (Guru, Snigdha, richly nourishing); Sugar (Guru, Madhura, builds Ojas but heavy for Kapha); Ghee (Snigdha, unctuous, balances Vata and nourishes tissues); Milk/Khoya (Guru, Shita, cooling and building, balances Pitta); Cardamom (Ushna, aromatic, soothes digestion)"
Ginger bread man,Pan-India / General Home Cooking,Bakery (Bread),Veg,"A vegetarian bakery typically made with ginger, bread.","Ginger, Bread",,365.0,6.61,60.26,11.01,29.12,1.6,477.99,37.92,2.12,0.09,4.65,"Ginger, Bread, Refined Flour (Maida), Yeast, Salt, Sugar, Water","Ginger (Ushna, kindles Agni, aids digestion); Bread (Balances doshas when eaten fresh and in moderation); Refined Flour (Maida) (Guru, heavier to digest, best in moderation); Yeast (Neutral, leavening agent); Salt (Ushna, enhances taste, balances electrolytes); Sugar (Guru, Madhura, builds Ojas but heavy for Kapha); Water (Balances doshas when eaten fresh and in moderation)"
Ginger candy (Adrak ki candy),Pan-India / General Home Cooking,Sweet,Veg,A vegetarian sweet typically made with ginger.,Ginger,,195.71,0.69,50.38,0.27,47.99,1.67,5.4,10.43,0.68,,,"Ginger, Sugar, Ghee, Milk/Khoya, Cardamom","Ginger (Ushna, kindles Agni, aids digestion); Sugar (Guru, Madhura, builds Ojas but heavy for Kapha); Ghee (Snigdha, unctuous, balances Vata and nourishes tissues); Milk/Khoya (Guru, Shita, cooling and building, balances Pitta); Cardamom (Ushna, aromatic, soothes digestion)"
Ginger chicken,Pan-India / General Home Cooking,Curry/Gravy,Non-Veg,"A non-vegetarian curry/gravy typically made with chicken, ginger.","Chicken, Ginger",,129.17,8.24,5.6,8.24,1.95,1.21,365.86,18.41,0.96,49.96,64.3,"Chicken, Ginger, Onion, Tomato, Ginger-Garlic Paste, Oil/Ghee, Turmeric, Red Chilli Powder, Garam Masala, Salt","Chicken (Guru, Ushna, builds strength); Ginger (Ushna, kindles Agni, aids digestion); Onion (Ushna, stimulates Agni, balances Kapha and Vata); Tomato (Amla, sour, stimulates digestion, use sparingly for Pitta); Ginger-Garlic Paste (Ushna, kindles Agni, aids digestion); Oil/Ghee (Snigdha, unctuous, balances Vata and nourishes tissues); Turmeric (Ushna, anti-inflammatory, purifies blood); Red Chilli Powder (Ushna, heating, use sparingly for Pitta); Garam Masala (Ushna, kindles Agni, aids digestion); Salt (Ushna, enhances taste, balances electrolytes)"
Gingo,Pan-India / General Home Cooking,Beverage (Tea/Coffee/Hot Drink),Veg,A vegetarian beverage.,Ginger,,48.02,0.14,12.42,0.06,12.08,0.17,21.5,6.33,0.21,8.39,8.49,"Ginger, Water, Sugar, Ice, Milk","Ginger (Ushna, kindles Agni, aids digestion); Water (Balances doshas when eaten fresh and in moderation); Sugar (Guru, Madhura, builds Ojas but heavy for Kapha); Ice (Balances doshas when eaten fresh and in moderation); Milk (Guru, Shita, cooling and building, balances Pitta)"
Glace icing,Pan-India / General Home Cooking,Bakery (Icing/Topping),Veg,A vegetarian bakery.,Icing Sugar,,323.51,0.01,86.31,0.01,85.35,0.0,9.88,1.95,0.41,,,"Icing Sugar, Butter, Water","Icing Sugar (Guru, Madhura, builds Ojas but heavy for Kapha); Butter (Snigdha, unctuous, balances Vata); Water (Balances doshas when eaten fresh and in moderation)"
Gobi 65,Pan-India / General Home Cooking,Snack (Fried),Veg,A vegetarian snack typically made with cauliflower.,Cauliflower,,278.29,0.56,3.59,29.11,0.29,0.57,69.22,12.37,0.3,27.52,37.66,"Cauliflower, Gram Flour (Besan)/Refined Flour, Oil (for frying), Spices, Salt","Cauliflower (Balances doshas when eaten fresh and in moderation); Gram Flour (Besan)/Refined Flour (Guru, heavier to digest, best in moderation); Oil (for frying) (Snigdha, unctuous, balances Vata); Spices (Balances doshas when eaten fresh and in moderation); Salt (Ushna, enhances taste, balances electrolytes)"
Gooseberry chutney (Amla chutney),Pan-India / General Home Cooking,Chutney/Condiment,Veg,A vegetarian chutney/condiment.,Gooseberry (Amla),,43.02,1.44,8.83,0.62,0.06,4.58,215.09,46.4,1.22,4.84,2.23,"Gooseberry (Amla), Green Chilli, Salt, Spices, Oil (tempering), Pepper, Oil/Butter","Gooseberry (Amla) (Balances doshas when eaten fresh and in moderation); Green Chilli (Ushna, use sparingly for Pitta); Salt (Ushna, enhances taste, balances electrolytes); Spices (Balances doshas when eaten fresh and in moderation); Oil (tempering) (Snigdha, unctuous, balances Vata); Pepper (Ushna, heating, clears Kapha); Oil/Butter (Snigdha, unctuous, balances Vata)"
Gooseberry marmalade (Amla murabba),Pan-India / General Home Cooking,Pickle/Preserve,Veg,A vegetarian pickle/preserve.,Gooseberry (Amla),,123.16,0.14,32.34,0.03,28.61,0.0,216.89,16.4,0.38,,,"Gooseberry (Amla), Oil, Mustard Seeds, Turmeric, Red Chilli Powder, Salt","Gooseberry (Amla) (Balances doshas when eaten fresh and in moderation); Oil (Snigdha, unctuous, balances Vata); Mustard Seeds (Ushna, stimulates digestion); Turmeric (Ushna, anti-inflammatory, purifies blood); Red Chilli Powder (Ushna, heating, use sparingly for Pitta); Salt (Ushna, enhances taste, balances electrolytes)"
Gooseberry pickle (Amla ka achaar),Pan-India / General Home Cooking,Pickle/Preserve,Veg,A vegetarian pickle/preserve.,Gooseberry (Amla),,278.58,1.55,7.61,27.61,0.36,3.7,86.38,31.17,1.04,4.85,2.09,"Gooseberry (Amla), Oil, Mustard Seeds, Turmeric, Red Chilli Powder, Salt","Gooseberry (Amla) (Balances doshas when eaten fresh and in moderation); Oil (Snigdha, unctuous, balances Vata); Mustard Seeds (Ushna, stimulates digestion); Turmeric (Ushna, anti-inflammatory, purifies blood); Red Chilli Powder (Ushna, heating, use sparingly for Pitta); Salt (Ushna, enhances taste, balances electrolytes)"
Gram flour burfi (Besan burfi),Pan-India / General Home Cooking,Sweet,Veg,A vegetarian sweet typically made with gram flour.,Gram Flour,,421.79,11.19,46.59,22.41,28.44,3.41,13.02,160.71,1.47,0.0,32.38,"Gram Flour, Sugar, Ghee, Milk/Khoya, Cardamom","Gram Flour (Laghu, light, balances Kapha); Sugar (Guru, Madhura, builds Ojas but heavy for Kapha); Ghee (Snigdha, unctuous, balances Vata and nourishes tissues); Milk/Khoya (Guru, Shita, cooling and building, balances Pitta); Cardamom (Ushna, aromatic, soothes digestion)"
Gram flour chilla/cheela (Besan chilla/cheela),Pan-India / General Home Cooking,Breakfast/Tiffin (Pancake),Veg,A vegetarian breakfast/tiffin typically made with gram flour.,Gram Flour,,135.93,7.8,21.03,2.85,1.87,4.25,135.57,28.38,2.19,1.73,34.69,"Gram Flour, Refined Flour (Maida), Sugar, Butter, Egg, Baking Powder, Milk","Gram Flour (Laghu, light, balances Kapha); Refined Flour (Maida) (Guru, heavier to digest, best in moderation); Sugar (Guru, Madhura, builds Ojas but heavy for Kapha); Butter (Snigdha, unctuous, balances Vata); Egg (Guru, Ushna, builds strength, use moderately for Pitta); Baking Powder (Neutral, leavening agent); Milk (Guru, Shita, cooling and building, balances Pitta)"
Gram flour halwa (Besan halwa),Pan-India / General Home Cooking,Sweet,Veg,A vegetarian sweet typically made with gram flour.,Gram Flour,,276.79,5.88,25.78,17.3,15.83,1.82,15.4,77.42,0.67,1.66,51.61,"Gram Flour, Sugar, Ghee, Milk/Khoya, Cardamom","Gram Flour (Laghu, light, balances Kapha); Sugar (Guru, Madhura, builds Ojas but heavy for Kapha); Ghee (Snigdha, unctuous, balances Vata and nourishes tissues); Milk/Khoya (Guru, Shita, cooling and building, balances Pitta); Cardamom (Ushna, aromatic, soothes digestion)"
Gram flour ladoo (Besan ladoo),Pan-India / General Home Cooking,Sweet,Veg,A vegetarian sweet typically made with gram flour.,Gram Flour,,476.91,8.93,62.61,22.76,37.76,4.43,5.48,25.35,1.51,0.0,24.79,"Gram Flour, Sugar, Ghee, Milk/Khoya, Cardamom","Gram Flour (Laghu, light, balances Kapha); Sugar (Guru, Madhura, builds Ojas but heavy for Kapha); Ghee (Snigdha, unctuous, balances Vata and nourishes tissues); Milk/Khoya (Guru, Shita, cooling and building, balances Pitta); Cardamom (Ushna, aromatic, soothes digestion)"
Gram flour poori (Besan poori),Pan-India / General Home Cooking,Bread/Roti,Veg,A vegetarian bread/roti typically made with gram flour.,Gram Flour,,697.66,2.59,10.93,71.51,0.35,1.94,58.33,7.09,0.71,0.0,11.18,"Gram Flour, Wheat Flour, Salt, Water, Oil/Ghee","Gram Flour (Laghu, light, balances Kapha); Wheat Flour (Guru, nourishing, grounds Vata); Salt (Ushna, enhances taste, balances electrolytes); Water (Balances doshas when eaten fresh and in moderation); Oil/Ghee (Snigdha, unctuous, balances Vata and nourishes tissues)"
Grape and orange whip,Pan-India / General Home Cooking,Dessert (Souffle/Custard/Pudding),Veg,"A vegetarian dessert typically made with orange, grape.","Orange, Grape",,57.39,1.41,6.72,2.62,5.66,0.97,14.36,17.4,0.53,34.86,16.85,"Orange, Grape, Milk, Sugar, Egg, Cornflour","Orange (Balances doshas when eaten fresh and in moderation); Grape (Balances doshas when eaten fresh and in moderation); Milk (Guru, Shita, cooling and building, balances Pitta); Sugar (Guru, Madhura, builds Ojas but heavy for Kapha); Egg (Guru, Ushna, builds strength, use moderately for Pitta); Cornflour (Balances doshas when eaten fresh and in moderation)"
Grapes raita (Angoor ka raita),Pan-India / General Home Cooking,Curry/Side (Raita),Veg,A vegetarian curry/side.,Grapes,,72.59,3.98,9.66,2.07,8.51,0.71,135.64,134.52,0.26,10.55,22.88,"Grapes, Onion, Tomato, Ginger-Garlic Paste, Oil/Ghee, Turmeric, Red Chilli Powder, Garam Masala, Salt, Yogurt, Roasted Cumin Powder, Coriander Leaves","Grapes (Balances doshas when eaten fresh and in moderation); Onion (Ushna, stimulates Agni, balances Kapha and Vata); Tomato (Amla, sour, stimulates digestion, use sparingly for Pitta); Ginger-Garlic Paste (Ushna, kindles Agni, aids digestion); Oil/Ghee (Snigdha, unctuous, balances Vata and nourishes tissues); Turmeric (Ushna, anti-inflammatory, purifies blood); Red Chilli Powder (Ushna, heating, use sparingly for Pitta); Garam Masala (Ushna, kindles Agni, aids digestion); Salt (Ushna, enhances taste, balances electrolytes); Yogurt (Amla, Guru, sour and cooling in moderation); Roasted Cumin Powder (Ushna, kindles Agni, eases digestion); Coriander Leaves (Shita, cooling, soothes Pitta)"
Gravy for kofta,Pan-India / General Home Cooking,Curry/Gravy,Veg,A vegetarian curry/gravy.,Onion & Tomato,,125.59,1.75,6.31,10.35,3.73,1.96,312.86,39.65,0.75,17.05,27.6,"Onion, Tomato, Ginger-Garlic Paste, Oil/Ghee, Turmeric, Red Chilli Powder, Garam Masala, Salt","Onion (Ushna, stimulates Agni, balances Kapha and Vata); Tomato (Amla, sour, stimulates digestion, use sparingly for Pitta); Ginger-Garlic Paste (Ushna, kindles Agni, aids digestion); Oil/Ghee (Snigdha, unctuous, balances Vata and nourishes tissues); Turmeric (Ushna, anti-inflammatory, purifies blood); Red Chilli Powder (Ushna, heating, use sparingly for Pitta); Garam Masala (Ushna, kindles Agni, aids digestion); Salt (Ushna, enhances taste, balances electrolytes)"
Green chickpeas pulao (Choliya pulao/Hare chane ka pulao),Pan-India / General Home Cooking,Rice Dish,Veg,A vegetarian rice dish.,Green Chickpeas,,173.43,4.88,27.57,4.82,2.48,3.15,170.05,18.94,0.95,5.43,301.13,"Green Chickpeas, Rice, Oil/Ghee, Whole Spices, Salt","Green Chickpeas (Laghu, grounding, aids digestion); Rice (Laghu, easy to digest, balances Kapha); Oil/Ghee (Snigdha, unctuous, balances Vata and nourishes tissues); Whole Spices (Ushna, kindles Agni, aids digestion); Salt (Ushna, enhances taste, balances electrolytes)"
Green chilli raita (Hari mirch ka raita),Pan-India / General Home Cooking,Curry/Side (Raita),Veg,A vegetarian curry/side typically made with chili.,Chili,,77.13,5.58,7.66,2.92,7.49,0.26,161.31,193.58,0.21,4.3,18.82,"Chili, Onion, Tomato, Ginger-Garlic Paste, Oil/Ghee, Turmeric, Red Chilli Powder, Garam Masala, Salt, Yogurt, Roasted Cumin Powder, Coriander Leaves","Chili (Balances doshas when eaten fresh and in moderation); Onion (Ushna, stimulates Agni, balances Kapha and Vata); Tomato (Amla, sour, stimulates digestion, use sparingly for Pitta); Ginger-Garlic Paste (Ushna, kindles Agni, aids digestion); Oil/Ghee (Snigdha, unctuous, balances Vata and nourishes tissues); Turmeric (Ushna, anti-inflammatory, purifies blood); Red Chilli Powder (Ushna, heating, use sparingly for Pitta); Garam Masala (Ushna, kindles Agni, aids digestion); Salt (Ushna, enhances taste, balances electrolytes); Yogurt (Amla, Guru, sour and cooling in moderation); Roasted Cumin Powder (Ushna, kindles Agni, eases digestion); Coriander Leaves (Shita, cooling, soothes Pitta)"
Green chutney,Pan-India / General Home Cooking,Chutney/Condiment,Veg,A vegetarian chutney/condiment.,Mint & Coriander,,79.42,5.42,10.01,1.6,0.92,5.84,262.81,112.74,4.58,7.35,15.53,"Mint, Coriander, Green Chilli, Salt, Spices, Oil (tempering), Pepper, Oil/Butter","Mint (Shita, cooling, aids digestion); Coriander (Shita, cooling, soothes Pitta); Green Chilli (Ushna, use sparingly for Pitta); Salt (Ushna, enhances taste, balances electrolytes); Spices (Balances doshas when eaten fresh and in moderation); Oil (tempering) (Snigdha, unctuous, balances Vata); Pepper (Ushna, heating, clears Kapha); Oil/Butter (Snigdha, unctuous, balances Vata)"
Green gram whole with baghar (Sabut moong dal with tadka),Pan-India / General Home Cooking,Side/Condiment (Tempering/Spice Mix),Veg,A vegetarian side/condiment typically made with moong dal.,Moong Dal,,63.43,3.23,6.8,2.48,0.15,3.02,181.69,25.04,1.0,0.48,45.28,"Moong Dal, Salt, Pepper, Oil/Butter, Mustard Seeds, Cumin Seeds, Dry Red Chilli, Oil","Moong Dal (Laghu, protein-rich, balances Kapha); Salt (Ushna, enhances taste, balances electrolytes); Pepper (Ushna, heating, clears Kapha); Oil/Butter (Snigdha, unctuous, balances Vata); Mustard Seeds (Ushna, stimulates digestion); Cumin Seeds (Ushna, kindles Agni, eases digestion); Dry Red Chilli (Ushna, heating, use sparingly for Pitta); Oil (Snigdha, unctuous, balances Vata)"
Green tomato pickle (Haray tamatar ka achaar),Pan-India / General Home Cooking,Pickle/Preserve,Veg,"A vegetarian pickle/preserve typically made with tomato, green peas.","Tomato, Green Peas",,193.26,1.23,2.87,19.67,0.77,1.74,159.18,14.22,0.77,8.21,7.15,"Tomato, Green Peas, Oil, Mustard Seeds, Turmeric, Red Chilli Powder, Salt","Tomato (Amla, sour, stimulates digestion, use sparingly for Pitta); Green Peas (Balances doshas when eaten fresh and in moderation); Oil (Snigdha, unctuous, balances Vata); Mustard Seeds (Ushna, stimulates digestion); Turmeric (Ushna, anti-inflammatory, purifies blood); Red Chilli Powder (Ushna, heating, use sparingly for Pitta); Salt (Ushna, enhances taste, balances electrolytes)"
Guava jelly (Amrood ki jelly),Pan-India / General Home Cooking,Dessert (Souffle/Custard/Pudding),Veg,A vegetarian dessert typically made with guava.,Guava,,115.74,1.11,28.18,0.25,27.38,6.61,3.36,16.55,0.29,,,"Guava, Milk, Sugar, Egg, Cornflour","Guava (Balances doshas when eaten fresh and in moderation); Milk (Guru, Shita, cooling and building, balances Pitta); Sugar (Guru, Madhura, builds Ojas but heavy for Kapha); Egg (Guru, Ushna, builds strength, use moderately for Pitta); Cornflour (Balances doshas when eaten fresh and in moderation)"
Guava raita (Amarood ka raita),Pan-India / General Home Cooking,Curry/Side (Raita),Veg,A vegetarian curry/side typically made with guava.,Guava,,64.36,4.19,7.27,2.07,6.71,3.0,135.94,136.93,0.28,108.7,33.5,"Guava, Onion, Tomato, Ginger-Garlic Paste, Oil/Ghee, Turmeric, Red Chilli Powder, Garam Masala, Salt, Yogurt, Roasted Cumin Powder, Coriander Leaves","Guava (Balances doshas when eaten fresh and in moderation); Onion (Ushna, stimulates Agni, balances Kapha and Vata); Tomato (Amla, sour, stimulates digestion, use sparingly for Pitta); Ginger-Garlic Paste (Ushna, kindles Agni, aids digestion); Oil/Ghee (Snigdha, unctuous, balances Vata and nourishes tissues); Turmeric (Ushna, anti-inflammatory, purifies blood); Red Chilli Powder (Ushna, heating, use sparingly for Pitta); Garam Masala (Ushna, kindles Agni, aids digestion); Salt (Ushna, enhances taste, balances electrolytes); Yogurt (Amla, Guru, sour and cooling in moderation); Roasted Cumin Powder (Ushna, kindles Agni, eases digestion); Coriander Leaves (Shita, cooling, soothes Pitta)"
Gulab Jamun with khoya,Pan-India / General Home Cooking,Sweet,Veg,A vegetarian sweet typically made with khoya (milk solids).,Khoya (Milk Solids),,586.06,2.03,26.09,53.23,24.12,0.07,15.09,67.32,0.39,0.02,16.44,"Khoya (Milk Solids), Sugar, Ghee, Milk/Khoya, Cardamom","Khoya (Milk Solids) (Guru, Shita, cooling and building, balances Pitta); Sugar (Guru, Madhura, builds Ojas but heavy for Kapha); Ghee (Snigdha, unctuous, balances Vata and nourishes tissues); Milk/Khoya (Guru, Shita, cooling and building, balances Pitta); Cardamom (Ushna, aromatic, soothes digestion)"
Gulab jamun with milk powder,Pan-India / General Home Cooking,Sweet,Veg,A vegetarian sweet typically made with milk.,Milk,,471.15,0.85,28.24,40.15,27.04,0.05,67.28,26.13,0.13,0.41,4.56,"Milk, Sugar, Ghee, Milk/Khoya, Cardamom","Milk (Guru, Shita, cooling and building, balances Pitta); Sugar (Guru, Madhura, builds Ojas but heavy for Kapha); Ghee (Snigdha, unctuous, balances Vata and nourishes tissues); Milk/Khoya (Guru, Shita, cooling and building, balances Pitta); Cardamom (Ushna, aromatic, soothes digestion)"
Gum icing,Pan-India / General Home Cooking,Bakery (Icing/Topping),Veg,A vegetarian bakery.,Gum Arabic,,223.07,5.94,53.19,0.0,52.63,0.0,29.32,18.62,0.4,,,"Gum Arabic, Icing Sugar, Butter, Water","Gum Arabic (Balances doshas when eaten fresh and in moderation); Icing Sugar (Guru, Madhura, builds Ojas but heavy for Kapha); Butter (Snigdha, unctuous, balances Vata); Water (Balances doshas when eaten fresh and in moderation)"
Gun powder chutney,Pan-India / General Home Cooking,Chutney/Condiment,Veg,A vegetarian chutney/condiment.,Lentils,,312.34,21.55,47.65,2.67,1.16,13.95,195.67,68.87,5.14,0.02,14.27,"Lentils, Green Chilli, Salt, Spices, Oil (tempering), Pepper, Oil/Butter","Lentils (Laghu, protein-rich, balances Kapha); Green Chilli (Ushna, use sparingly for Pitta); Salt (Ushna, enhances taste, balances electrolytes); Spices (Balances doshas when eaten fresh and in moderation); Oil (tempering) (Snigdha, unctuous, balances Vata); Pepper (Ushna, heating, clears Kapha); Oil/Butter (Snigdha, unctuous, balances Vata)"
Gunjia,Pan-India / General Home Cooking,Sweet,Veg,A vegetarian sweet.,Khoya,,667.34,2.98,5.68,70.28,2.05,1.13,77.9,48.16,0.5,0.51,19.06,"Khoya, Sugar, Ghee, Milk/Khoya, Cardamom","Khoya (Guru, Snigdha, richly nourishing); Sugar (Guru, Madhura, builds Ojas but heavy for Kapha); Ghee (Snigdha, unctuous, balances Vata and nourishes tissues); Milk/Khoya (Guru, Shita, cooling and building, balances Pitta); Cardamom (Ushna, aromatic, soothes digestion)"
Handi chicken,Pan-India / General Home Cooking,Curry/Gravy,Non-Veg,A non-vegetarian curry/gravy typically made with chicken.,Chicken,,166.02,12.32,1.49,12.46,0.75,0.67,75.64,26.85,0.93,1.47,20.46,"Chicken, Onion, Tomato, Ginger-Garlic Paste, Oil/Ghee, Turmeric, Red Chilli Powder, Garam Masala, Salt","Chicken (Guru, Ushna, builds strength); Onion (Ushna, stimulates Agni, balances Kapha and Vata); Tomato (Amla, sour, stimulates digestion, use sparingly for Pitta); Ginger-Garlic Paste (Ushna, kindles Agni, aids digestion); Oil/Ghee (Snigdha, unctuous, balances Vata and nourishes tissues); Turmeric (Ushna, anti-inflammatory, purifies blood); Red Chilli Powder (Ushna, heating, use sparingly for Pitta); Garam Masala (Ushna, kindles Agni, aids digestion); Salt (Ushna, enhances taste, balances electrolytes)"
Hariyali Fish Tikka,Pan-India / General Home Cooking,Snack/Starter (Grilled),Non-Veg,A non-vegetarian snack/starter typically made with fish.,Fish,,150.24,14.01,2.21,9.41,0.83,0.99,100.45,34.86,0.83,11.11,26.78,"Fish, Yogurt, Ginger-Garlic Paste, Spices, Oil","Fish (Guru, Ushna, nourishing, best fresh); Yogurt (Amla, Guru, sour and cooling in moderation); Ginger-Garlic Paste (Ushna, kindles Agni, aids digestion); Spices (Balances doshas when eaten fresh and in moderation); Oil (Snigdha, unctuous, balances Vata)"
Home made egg noodles,Pan-India / General Home Cooking,Continental/Fusion Main,Egg (Ovo-Veg),A egg-based continental/fusion main typically made with egg.,Egg,,240.84,6.55,42.92,4.37,1.03,1.6,177.24,15.96,1.15,0.0,30.08,"Egg, Onion, Garlic, Olive Oil, Salt, Pepper, Mixed Herbs","Egg (Guru, Ushna, builds strength, use moderately for Pitta); Onion (Ushna, stimulates Agni, balances Kapha and Vata); Garlic (Ushna, heating, balances Vata and Kapha); Olive Oil (Snigdha, unctuous, balances Vata); Salt (Ushna, enhances taste, balances electrolytes); Pepper (Ushna, heating, clears Kapha); Mixed Herbs (Balances doshas when eaten fresh and in moderation)"
Home made plain noodles,Pan-India / General Home Cooking,Continental/Fusion Main,Veg,A vegetarian continental/fusion main.,Refined Flour (Maida),,238.78,6.21,44.5,3.56,1.07,1.65,182.07,12.27,1.07,,,"Refined Flour (Maida), Onion, Garlic, Olive Oil, Salt, Pepper, Mixed Herbs","Refined Flour (Maida) (Guru, heavier to digest, best in moderation); Onion (Ushna, stimulates Agni, balances Kapha and Vata); Garlic (Ushna, heating, balances Vata and Kapha); Olive Oil (Snigdha, unctuous, balances Vata); Salt (Ushna, enhances taste, balances electrolytes); Pepper (Ushna, heating, clears Kapha); Mixed Herbs (Balances doshas when eaten fresh and in moderation)"
Honey banana cream,Pan-India / General Home Cooking,Dessert (Souffle/Custard/Pudding),Veg,"A vegetarian dessert typically made with banana, cream, honey.","Banana, Cream, Honey",,125.49,2.78,13.64,6.68,10.51,0.7,15.65,43.52,0.23,16.68,28.45,"Banana, Cream, Honey, Milk, Sugar, Egg, Cornflour","Banana (Guru, Shita, grounding); Cream (Guru, Snigdha, heavy and nourishing); Honey (Ushna, Laghu, scrapes Kapha); Milk (Guru, Shita, cooling and building, balances Pitta); Sugar (Guru, Madhura, builds Ojas but heavy for Kapha); Egg (Guru, Ushna, builds strength, use moderately for Pitta); Cornflour (Balances doshas when eaten fresh and in moderation)"
Horsegram dal (Kulthi dal),Pan-India / General Home Cooking,Curry/Gravy,Veg,A vegetarian curry/gravy.,Horsegram,,55.65,2.91,8.21,1.13,0.72,1.52,63.63,38.22,1.3,13.98,86.1,"Horsegram, Onion, Tomato, Ginger-Garlic Paste, Oil/Ghee, Turmeric, Red Chilli Powder, Garam Masala, Salt","Horsegram (Balances doshas when eaten fresh and in moderation); Onion (Ushna, stimulates Agni, balances Kapha and Vata); Tomato (Amla, sour, stimulates digestion, use sparingly for Pitta); Ginger-Garlic Paste (Ushna, kindles Agni, aids digestion); Oil/Ghee (Snigdha, unctuous, balances Vata and nourishes tissues); Turmeric (Ushna, anti-inflammatory, purifies blood); Red Chilli Powder (Ushna, heating, use sparingly for Pitta); Garam Masala (Ushna, kindles Agni, aids digestion); Salt (Ushna, enhances taste, balances electrolytes)"
Hot cheese souffle,Pan-India / General Home Cooking,Dessert (Souffle/Custard/Pudding),Veg,A vegetarian dessert typically made with cheese.,Cheese,,177.1,9.18,5.41,13.23,2.91,0.12,286.96,169.17,0.83,2.41,66.94,"Cheese, Milk, Sugar, Egg, Cornflour","Cheese (Balances doshas when eaten fresh and in moderation); Milk (Guru, Shita, cooling and building, balances Pitta); Sugar (Guru, Madhura, builds Ojas but heavy for Kapha); Egg (Guru, Ushna, builds strength, use moderately for Pitta); Cornflour (Balances doshas when eaten fresh and in moderation)"
Hot chocolate,Pan-India / General Home Cooking,Beverage (Tea/Coffee/Hot Drink),Veg,A vegetarian beverage typically made with cocoa/chocolate.,Cocoa/Chocolate,,90.01,3.43,9.02,4.61,8.86,0.0,36.04,113.63,0.33,3.62,13.41,"Cocoa/Chocolate, Water, Sugar, Ice, Milk","Cocoa/Chocolate (Guru, Ushna, stimulating); Water (Balances doshas when eaten fresh and in moderation); Sugar (Guru, Madhura, builds Ojas but heavy for Kapha); Ice (Balances doshas when eaten fresh and in moderation); Milk (Guru, Shita, cooling and building, balances Pitta)"
Hot chocolate souffle,Pan-India / General Home Cooking,Beverage (Tea/Coffee/Hot Drink),Veg,A vegetarian beverage typically made with cocoa/chocolate.,Cocoa/Chocolate,,226.09,6.7,26.21,11.1,22.88,0.12,54.11,60.19,1.08,0.9,30.6,"Cocoa/Chocolate, Water, Sugar, Ice, Milk","Cocoa/Chocolate (Guru, Ushna, stimulating); Water (Balances doshas when eaten fresh and in moderation); Sugar (Guru, Madhura, builds Ojas but heavy for Kapha); Ice (Balances doshas when eaten fresh and in moderation); Milk (Guru, Shita, cooling and building, balances Pitta)"
Hot cocoa,Pan-India / General Home Cooking,Beverage (Tea/Coffee/Hot Drink),Veg,A vegetarian beverage typically made with cocoa/chocolate.,Cocoa/Chocolate,,90.1,3.36,9.23,4.56,9.01,0.0,24.2,113.66,0.31,3.62,13.79,"Cocoa/Chocolate, Water, Sugar, Ice, Milk","Cocoa/Chocolate (Guru, Ushna, stimulating); Water (Balances doshas when eaten fresh and in moderation); Sugar (Guru, Madhura, builds Ojas but heavy for Kapha); Ice (Balances doshas when eaten fresh and in moderation); Milk (Guru, Shita, cooling and building, balances Pitta)"
Hot fish souffle,Pan-India / General Home Cooking,Dessert (Souffle/Custard/Pudding),Non-Veg,A non-vegetarian dessert typically made with fish.,Fish,,142.92,11.23,3.69,9.24,1.68,0.1,110.94,58.18,0.7,2.41,70.97,"Fish, Milk, Sugar, Egg, Cornflour","Fish (Guru, Ushna, nourishing, best fresh); Milk (Guru, Shita, cooling and building, balances Pitta); Sugar (Guru, Madhura, builds Ojas but heavy for Kapha); Egg (Guru, Ushna, builds strength, use moderately for Pitta); Cornflour (Balances doshas when eaten fresh and in moderation)"
Hot lemon souffle,Pan-India / General Home Cooking,Dessert (Souffle/Custard/Pudding),Veg,A vegetarian dessert typically made with lemon.,Lemon,,155.25,5.29,16.31,7.93,12.07,0.14,47.75,48.77,0.55,12.93,20.7,"Lemon, Milk, Sugar, Egg, Cornflour","Lemon (Amla, alkalising, stimulates Agni); Milk (Guru, Shita, cooling and building, balances Pitta); Sugar (Guru, Madhura, builds Ojas but heavy for Kapha); Egg (Guru, Ushna, builds strength, use moderately for Pitta); Cornflour (Balances doshas when eaten fresh and in moderation)"
Hot orange souffle,Pan-India / General Home Cooking,Dessert (Souffle/Custard/Pudding),Veg,A vegetarian dessert typically made with orange.,Orange,,179.97,6.87,18.77,8.95,14.93,0.29,58.8,53.81,1.03,7.01,30.66,"Orange, Milk, Sugar, Egg, Cornflour","Orange (Balances doshas when eaten fresh and in moderation); Milk (Guru, Shita, cooling and building, balances Pitta); Sugar (Guru, Madhura, builds Ojas but heavy for Kapha); Egg (Guru, Ushna, builds strength, use moderately for Pitta); Cornflour (Balances doshas when eaten fresh and in moderation)"
Hot potato souffle,Pan-India / General Home Cooking,Dessert (Souffle/Custard/Pudding),Veg,A vegetarian dessert typically made with potato.,Potato,,125.64,5.51,8.56,7.64,1.78,0.66,97.2,56.84,0.79,30.19,78.05,"Potato, Milk, Sugar, Egg, Cornflour","Potato (Guru, Vata aggravating in excess); Milk (Guru, Shita, cooling and building, balances Pitta); Sugar (Guru, Madhura, builds Ojas but heavy for Kapha); Egg (Guru, Ushna, builds strength, use moderately for Pitta); Cornflour (Balances doshas when eaten fresh and in moderation)"
Hot spinach souffle,Pan-India / General Home Cooking,Dessert (Souffle/Custard/Pudding),Veg,A vegetarian dessert typically made with spinach.,Spinach,,104.25,5.43,4.19,7.24,1.64,0.99,104.69,80.77,1.67,47.83,272.44,"Spinach, Milk, Sugar, Egg, Cornflour","Spinach (Laghu, cooling, iron-rich); Milk (Guru, Shita, cooling and building, balances Pitta); Sugar (Guru, Madhura, builds Ojas but heavy for Kapha); Egg (Guru, Ushna, builds strength, use moderately for Pitta); Cornflour (Balances doshas when eaten fresh and in moderation)"
Hot tea (Garam Chai),Pan-India / General Home Cooking,Beverage (Tea/Coffee/Hot Drink),Veg,A vegetarian beverage typically made with tea leaves.,Tea Leaves,,16.14,0.39,2.58,0.53,2.58,0.0,3.12,14.2,0.02,0.5,1.8,"Tea Leaves, Water, Sugar, Ice, Milk","Tea Leaves (Balances doshas when eaten fresh and in moderation); Water (Balances doshas when eaten fresh and in moderation); Sugar (Guru, Madhura, builds Ojas but heavy for Kapha); Ice (Balances doshas when eaten fresh and in moderation); Milk (Guru, Shita, cooling and building, balances Pitta)"
Hot vanilla souffle,Pan-India / General Home Cooking,Dessert (Souffle/Custard/Pudding),Veg,A vegetarian dessert.,Milk,,192.93,6.87,21.77,9.07,18.17,0.13,59.59,63.2,0.93,0.9,28.8,"Milk, Sugar, Egg, Cornflour","Milk (Guru, Shita, cooling and building, balances Pitta); Sugar (Guru, Madhura, builds Ojas but heavy for Kapha); Egg (Guru, Ushna, builds strength, use moderately for Pitta); Cornflour (Balances doshas when eaten fresh and in moderation)"
Iced tea,Pan-India / General Home Cooking,Beverage (Tea/Coffee/Hot Drink),Veg,A vegetarian beverage typically made with tea leaves.,Tea Leaves,,10.34,0.03,2.7,0.01,2.7,0.0,0.23,1.18,0.02,5.95,1.28,"Tea Leaves, Water, Sugar, Ice, Milk","Tea Leaves (Balances doshas when eaten fresh and in moderation); Water (Balances doshas when eaten fresh and in moderation); Sugar (Guru, Madhura, builds Ojas but heavy for Kapha); Ice (Balances doshas when eaten fresh and in moderation); Milk (Guru, Shita, cooling and building, balances Pitta)"
Idli,Pan-India / General Home Cooking,Breakfast/Tiffin,Veg,A vegetarian breakfast/tiffin.,Rice & Urad Dal,,137.54,4.64,28.18,0.33,0.28,2.31,100.83,8.0,0.68,0.0,2.95,"Rice, Urad Dal, Salt, Oil, Mixed Spices","Rice (Laghu, easy to digest, balances Kapha); Salt (Ushna, enhances taste, balances electrolytes); Oil (Snigdha, unctuous, balances Vata); Mixed Spices (Ushna, kindles Agni, aids digestion)"
Indian lamb and egg curry (Nargisi kofta),Pan-India / General Home Cooking,Curry/Gravy,Non-Veg,A non-vegetarian curry/gravy typically made with egg.,Egg,,335.75,3.84,2.07,34.7,0.75,0.6,57.44,12.91,0.55,7.67,44.36,"Egg, Onion, Tomato, Ginger-Garlic Paste, Oil/Ghee, Turmeric, Red Chilli Powder, Garam Masala, Salt","Egg (Guru, Ushna, builds strength, use moderately for Pitta); Onion (Ushna, stimulates Agni, balances Kapha and Vata); Tomato (Amla, sour, stimulates digestion, use sparingly for Pitta); Ginger-Garlic Paste (Ushna, kindles Agni, aids digestion); Oil/Ghee (Snigdha, unctuous, balances Vata and nourishes tissues); Turmeric (Ushna, anti-inflammatory, purifies blood); Red Chilli Powder (Ushna, heating, use sparingly for Pitta); Garam Masala (Ushna, kindles Agni, aids digestion); Salt (Ushna, enhances taste, balances electrolytes)"
Indian style egg bhujia (Anda bhujia (Indian style)),Pan-India / General Home Cooking,Curry/Gravy,Egg (Ovo-Veg),A egg-based curry/gravy typically made with egg.,Egg,,102.83,6.1,3.76,7.02,1.95,1.53,218.05,31.9,1.14,13.56,40.85,"Egg, Onion, Tomato, Ginger-Garlic Paste, Oil/Ghee, Turmeric, Red Chilli Powder, Garam Masala, Salt","Egg (Guru, Ushna, builds strength, use moderately for Pitta); Onion (Ushna, stimulates Agni, balances Kapha and Vata); Tomato (Amla, sour, stimulates digestion, use sparingly for Pitta); Ginger-Garlic Paste (Ushna, kindles Agni, aids digestion); Oil/Ghee (Snigdha, unctuous, balances Vata and nourishes tissues); Turmeric (Ushna, anti-inflammatory, purifies blood); Red Chilli Powder (Ushna, heating, use sparingly for Pitta); Garam Masala (Ushna, kindles Agni, aids digestion); Salt (Ushna, enhances taste, balances electrolytes)"
Instant coffee,Pan-India / General Home Cooking,Beverage (Tea/Coffee/Hot Drink),Veg,A vegetarian beverage typically made with coffee.,Coffee,,23.16,0.64,3.65,0.75,3.62,0.0,4.92,20.87,0.06,1.51,5.6,"Coffee, Water, Sugar, Ice, Milk","Coffee (Balances doshas when eaten fresh and in moderation); Water (Balances doshas when eaten fresh and in moderation); Sugar (Guru, Madhura, builds Ojas but heavy for Kapha); Ice (Balances doshas when eaten fresh and in moderation); Milk (Guru, Shita, cooling and building, balances Pitta)"
Instant idli (with semolina),Pan-India / General Home Cooking,Breakfast/Tiffin,Veg,"A vegetarian breakfast/tiffin typically made with semolina, beans.","Semolina, Beans",,247.29,9.16,43.4,3.61,3.35,7.13,1504.66,93.2,2.31,0.14,9.08,"Semolina, Beans, Salt, Oil, Mixed Spices","Semolina (Balances doshas when eaten fresh and in moderation); Beans (Balances doshas when eaten fresh and in moderation); Salt (Ushna, enhances taste, balances electrolytes); Oil (Snigdha, unctuous, balances Vata); Mixed Spices (Ushna, kindles Agni, aids digestion)"
Jackfruit fritters (Ponsa mulik/Kathal ka pakora),Pan-India / General Home Cooking,Snack (Fried),Veg,A vegetarian snack typically made with jackfruit.,Jackfruit,,597.79,2.34,24.0,54.41,11.48,1.5,46.39,24.62,1.15,0.32,2.47,"Jackfruit, Gram Flour (Besan)/Refined Flour, Oil (for frying), Spices, Salt","Jackfruit (Balances doshas when eaten fresh and in moderation); Gram Flour (Besan)/Refined Flour (Guru, heavier to digest, best in moderation); Oil (for frying) (Snigdha, unctuous, balances Vata); Spices (Balances doshas when eaten fresh and in moderation); Salt (Ushna, enhances taste, balances electrolytes)"
Jackfruit kofta curry (Kathal ka kofta curry),Pan-India / General Home Cooking,Curry/Gravy,Veg,A vegetarian curry/gravy typically made with jackfruit.,Jackfruit,,321.08,0.8,3.17,33.83,2.4,0.96,40.04,11.36,0.24,27.49,63.24,"Jackfruit, Onion, Tomato, Ginger-Garlic Paste, Oil/Ghee, Turmeric, Red Chilli Powder, Garam Masala, Salt","Jackfruit (Balances doshas when eaten fresh and in moderation); Onion (Ushna, stimulates Agni, balances Kapha and Vata); Tomato (Amla, sour, stimulates digestion, use sparingly for Pitta); Ginger-Garlic Paste (Ushna, kindles Agni, aids digestion); Oil/Ghee (Snigdha, unctuous, balances Vata and nourishes tissues); Turmeric (Ushna, anti-inflammatory, purifies blood); Red Chilli Powder (Ushna, heating, use sparingly for Pitta); Garam Masala (Ushna, kindles Agni, aids digestion); Salt (Ushna, enhances taste, balances electrolytes)"
Jackfruit sabzi (Kathal ki sabzi),Pan-India / General Home Cooking,Curry/Gravy,Veg,A vegetarian curry/gravy typically made with jackfruit.,Jackfruit,,625.4,0.69,3.4,67.6,2.59,1.02,58.95,9.85,0.27,14.11,32.14,"Jackfruit, Onion, Tomato, Ginger-Garlic Paste, Oil/Ghee, Turmeric, Red Chilli Powder, Garam Masala, Salt","Jackfruit (Balances doshas when eaten fresh and in moderation); Onion (Ushna, stimulates Agni, balances Kapha and Vata); Tomato (Amla, sour, stimulates digestion, use sparingly for Pitta); Ginger-Garlic Paste (Ushna, kindles Agni, aids digestion); Oil/Ghee (Snigdha, unctuous, balances Vata and nourishes tissues); Turmeric (Ushna, anti-inflammatory, purifies blood); Red Chilli Powder (Ushna, heating, use sparingly for Pitta); Garam Masala (Ushna, kindles Agni, aids digestion); Salt (Ushna, enhances taste, balances electrolytes)"
Jackfruit/Kathal (dry),Pan-India / General Home Cooking,Curry/Gravy,Veg,A vegetarian curry/gravy typically made with jackfruit.,Jackfruit,,488.97,0.93,4.56,51.78,3.55,1.33,33.68,12.79,0.33,21.72,55.34,"Jackfruit, Onion, Tomato, Ginger-Garlic Paste, Oil/Ghee, Turmeric, Red Chilli Powder, Garam Masala, Salt","Jackfruit (Balances doshas when eaten fresh and in moderation); Onion (Ushna, stimulates Agni, balances Kapha and Vata); Tomato (Amla, sour, stimulates digestion, use sparingly for Pitta); Ginger-Garlic Paste (Ushna, kindles Agni, aids digestion); Oil/Ghee (Snigdha, unctuous, balances Vata and nourishes tissues); Turmeric (Ushna, anti-inflammatory, purifies blood); Red Chilli Powder (Ushna, heating, use sparingly for Pitta); Garam Masala (Ushna, kindles Agni, aids digestion); Salt (Ushna, enhances taste, balances electrolytes)"
Jal jeera,Pan-India / General Home Cooking,Beverage (Tea/Coffee/Hot Drink),Veg,A vegetarian beverage typically made with cumin.,Cumin,,30.24,0.44,6.7,0.26,5.71,0.95,215.62,24.72,0.84,2.23,4.47,"Cumin, Water, Sugar, Ice, Milk","Cumin (Ushna, kindles Agni, eases digestion); Water (Balances doshas when eaten fresh and in moderation); Sugar (Guru, Madhura, builds Ojas but heavy for Kapha); Ice (Balances doshas when eaten fresh and in moderation); Milk (Guru, Shita, cooling and building, balances Pitta)"
Jam filling,Pan-India / General Home Cooking,Pickle/Preserve,Veg,A vegetarian pickle/preserve.,Jam,,184.62,0.0,46.15,0.0,41.54,0.0,0.0,0.0,0.0,0.0,0.0,"Jam, Oil, Mustard Seeds, Turmeric, Red Chilli Powder, Salt","Jam (Balances doshas when eaten fresh and in moderation); Oil (Snigdha, unctuous, balances Vata); Mustard Seeds (Ushna, stimulates digestion); Turmeric (Ushna, anti-inflammatory, purifies blood); Red Chilli Powder (Ushna, heating, use sparingly for Pitta); Salt (Ushna, enhances taste, balances electrolytes)"
Jhatpat achar with carrot (Jhatpat achaar gajar ke saath),Pan-India / General Home Cooking,Pickle/Preserve,Veg,A vegetarian pickle/preserve typically made with carrot.,Carrot,,91.21,1.98,6.32,6.55,3.04,5.08,2067.33,54.31,2.32,,,"Carrot, Oil, Mustard Seeds, Turmeric, Red Chilli Powder, Salt","Carrot (Laghu, sweet, balances Pitta); Oil (Snigdha, unctuous, balances Vata); Mustard Seeds (Ushna, stimulates digestion); Turmeric (Ushna, anti-inflammatory, purifies blood); Red Chilli Powder (Ushna, heating, use sparingly for Pitta); Salt (Ushna, enhances taste, balances electrolytes)"
Jowar dosa,Pan-India / General Home Cooking,Breakfast/Tiffin,Veg,A vegetarian breakfast/tiffin typically made with sorghum.,Sorghum,,294.35,8.5,40.53,10.28,0.59,5.56,97.25,19.46,2.03,0.0,9.63,"Sorghum, Salt, Oil, Mixed Spices","Sorghum (Balances doshas when eaten fresh and in moderation); Salt (Ushna, enhances taste, balances electrolytes); Oil (Snigdha, unctuous, balances Vata); Mixed Spices (Ushna, kindles Agni, aids digestion)"
Kabuli channa curry,Pan-India / General Home Cooking,Curry/Gravy,Veg,A vegetarian curry/gravy typically made with chickpeas.,Chickpeas,,68.57,2.92,7.63,3.06,1.24,1.12,122.05,32.03,0.95,16.22,93.09,"Chickpeas, Onion, Tomato, Ginger-Garlic Paste, Oil/Ghee, Turmeric, Red Chilli Powder, Garam Masala, Salt","Chickpeas (Laghu, grounding, aids digestion); Onion (Ushna, stimulates Agni, balances Kapha and Vata); Tomato (Amla, sour, stimulates digestion, use sparingly for Pitta); Ginger-Garlic Paste (Ushna, kindles Agni, aids digestion); Oil/Ghee (Snigdha, unctuous, balances Vata and nourishes tissues); Turmeric (Ushna, anti-inflammatory, purifies blood); Red Chilli Powder (Ushna, heating, use sparingly for Pitta); Garam Masala (Ushna, kindles Agni, aids digestion); Salt (Ushna, enhances taste, balances electrolytes)"
Kadhai Paneer,Pan-India / General Home Cooking,Curry/Gravy,Veg,A vegetarian curry/gravy typically made with paneer.,Paneer,,107.99,4.33,7.34,6.81,5.54,2.07,144.33,91.53,0.65,85.83,117.12,"Paneer, Onion, Tomato, Ginger-Garlic Paste, Oil/Ghee, Turmeric, Red Chilli Powder, Garam Masala, Salt","Paneer (Guru, Snigdha, cooling and nourishing); Onion (Ushna, stimulates Agni, balances Kapha and Vata); Tomato (Amla, sour, stimulates digestion, use sparingly for Pitta); Ginger-Garlic Paste (Ushna, kindles Agni, aids digestion); Oil/Ghee (Snigdha, unctuous, balances Vata and nourishes tissues); Turmeric (Ushna, anti-inflammatory, purifies blood); Red Chilli Powder (Ushna, heating, use sparingly for Pitta); Garam Masala (Ushna, kindles Agni, aids digestion); Salt (Ushna, enhances taste, balances electrolytes)"
Keema kofta curry,Pan-India / General Home Cooking,Curry/Gravy,Non-Veg,A non-vegetarian curry/gravy typically made with minced meat.,Minced Meat,,154.45,9.77,5.64,10.39,2.14,1.51,311.51,49.89,1.25,2.43,6.6,"Minced Meat, Onion, Tomato, Ginger-Garlic Paste, Oil/Ghee, Turmeric, Red Chilli Powder, Garam Masala, Salt","Minced Meat (Balances doshas when eaten fresh and in moderation); Onion (Ushna, stimulates Agni, balances Kapha and Vata); Tomato (Amla, sour, stimulates digestion, use sparingly for Pitta); Ginger-Garlic Paste (Ushna, kindles Agni, aids digestion); Oil/Ghee (Snigdha, unctuous, balances Vata and nourishes tissues); Turmeric (Ushna, anti-inflammatory, purifies blood); Red Chilli Powder (Ushna, heating, use sparingly for Pitta); Garam Masala (Ushna, kindles Agni, aids digestion); Salt (Ushna, enhances taste, balances electrolytes)"
Keema parantha/paratha,Pan-India / General Home Cooking,Breakfast/Tiffin,Non-Veg,A non-vegetarian breakfast/tiffin typically made with minced meat.,Minced Meat,,238.09,9.41,18.36,13.91,0.99,3.44,140.62,19.35,1.8,1.8,11.49,"Minced Meat, Salt, Oil, Mixed Spices","Minced Meat (Balances doshas when eaten fresh and in moderation); Salt (Ushna, enhances taste, balances electrolytes); Oil (Snigdha, unctuous, balances Vata); Mixed Spices (Ushna, kindles Agni, aids digestion)"
Kesari bath,Pan-India / General Home Cooking,Rice Dish,Veg,A vegetarian rice dish.,Semolina (Sooji/Rava),,244.57,2.4,31.38,12.59,20.16,1.65,1.7,7.7,0.69,0.0,8.55,"Semolina (Sooji/Rava), Rice, Oil/Ghee, Whole Spices, Salt","Semolina (Sooji/Rava) (Balances doshas when eaten fresh and in moderation); Rice (Laghu, easy to digest, balances Kapha); Oil/Ghee (Snigdha, unctuous, balances Vata and nourishes tissues); Whole Spices (Ushna, kindles Agni, aids digestion); Salt (Ushna, enhances taste, balances electrolytes)"
Khasta kachori,Pan-India / General Home Cooking,Snack (Fried),Veg,A vegetarian snack.,Refined Flour (Maida),,712.73,2.51,12.81,72.27,0.34,0.97,90.56,7.84,0.59,0.86,6.38,"Refined Flour (Maida), Gram Flour (Besan)/Refined Flour, Oil (for frying), Spices, Salt","Refined Flour (Maida) (Guru, heavier to digest, best in moderation); Gram Flour (Besan)/Refined Flour (Guru, heavier to digest, best in moderation); Oil (for frying) (Snigdha, unctuous, balances Vata); Spices (Balances doshas when eaten fresh and in moderation); Salt (Ushna, enhances taste, balances electrolytes)"
Khatta channa,Pan-India / General Home Cooking,Curry/Gravy,Veg,A vegetarian curry/gravy typically made with chickpeas.,Chickpeas,,202.57,6.3,21.14,10.56,4.75,5.26,513.32,40.77,1.94,20.89,244.23,"Chickpeas, Onion, Tomato, Ginger-Garlic Paste, Oil/Ghee, Turmeric, Red Chilli Powder, Garam Masala, Salt","Chickpeas (Laghu, grounding, aids digestion); Onion (Ushna, stimulates Agni, balances Kapha and Vata); Tomato (Amla, sour, stimulates digestion, use sparingly for Pitta); Ginger-Garlic Paste (Ushna, kindles Agni, aids digestion); Oil/Ghee (Snigdha, unctuous, balances Vata and nourishes tissues); Turmeric (Ushna, anti-inflammatory, purifies blood); Red Chilli Powder (Ushna, heating, use sparingly for Pitta); Garam Masala (Ushna, kindles Agni, aids digestion); Salt (Ushna, enhances taste, balances electrolytes)"
Khoa coconut burfi,Pan-India / General Home Cooking,Sweet,Veg,"A vegetarian sweet typically made with coconut, khoya (milk solids).","Coconut, Khoya (Milk Solids)",,411.45,9.98,36.55,26.01,35.6,4.07,31.14,309.84,2.1,0.0,26.6,"Coconut, Khoya (Milk Solids), Sugar, Ghee, Milk/Khoya, Cardamom","Coconut (Shita, cooling, pacifies Pitta); Khoya (Milk Solids) (Guru, Shita, cooling and building, balances Pitta); Sugar (Guru, Madhura, builds Ojas but heavy for Kapha); Ghee (Snigdha, unctuous, balances Vata and nourishes tissues); Milk/Khoya (Guru, Shita, cooling and building, balances Pitta); Cardamom (Ushna, aromatic, soothes digestion)"
Khoa ladoo,Pan-India / General Home Cooking,Sweet,Veg,A vegetarian sweet typically made with khoya (milk solids).,Khoya (Milk Solids),,396.02,12.21,34.43,24.09,33.37,3.08,31.71,358.61,2.25,0.02,27.31,"Khoya (Milk Solids), Sugar, Ghee, Milk/Khoya, Cardamom","Khoya (Milk Solids) (Guru, Shita, cooling and building, balances Pitta); Sugar (Guru, Madhura, builds Ojas but heavy for Kapha); Ghee (Snigdha, unctuous, balances Vata and nourishes tissues); Milk/Khoya (Guru, Shita, cooling and building, balances Pitta); Cardamom (Ushna, aromatic, soothes digestion)"
Kiwi granola pudding,Pan-India / General Home Cooking,Dessert (Souffle/Custard/Pudding),Veg,A vegetarian dessert.,Kiwi,,280.99,5.6,32.33,15.36,15.08,3.71,59.21,62.2,1.45,65.34,207.15,"Kiwi, Milk, Sugar, Egg, Cornflour","Kiwi (Balances doshas when eaten fresh and in moderation); Milk (Guru, Shita, cooling and building, balances Pitta); Sugar (Guru, Madhura, builds Ojas but heavy for Kapha); Egg (Guru, Ushna, builds strength, use moderately for Pitta); Cornflour (Balances doshas when eaten fresh and in moderation)"
Kulfi,Pan-India / General Home Cooking,Dessert (Ice Cream),Veg,A vegetarian dessert.,Milk,,98.43,3.21,11.3,4.7,10.39,0.12,23.97,111.86,0.2,5.04,18.69,"Milk, Fresh Cream, Sugar","Milk (Guru, Shita, cooling and building, balances Pitta); Fresh Cream (Guru, Snigdha, heavy and nourishing); Sugar (Guru, Madhura, builds Ojas but heavy for Kapha)"
Lasagne with vegetables,Pan-India / General Home Cooking,Continental/Fusion Main,Veg,A vegetarian continental/fusion main.,Mixed Vegetables,,49.23,1.71,5.9,2.16,1.37,0.66,40.78,32.89,0.57,179.9,286.76,"Mixed Vegetables, Onion, Garlic, Olive Oil, Salt, Pepper, Mixed Herbs","Mixed Vegetables (Balances doshas when eaten fresh and in moderation); Onion (Ushna, stimulates Agni, balances Kapha and Vata); Garlic (Ushna, heating, balances Vata and Kapha); Olive Oil (Snigdha, unctuous, balances Vata); Salt (Ushna, enhances taste, balances electrolytes); Pepper (Ushna, heating, clears Kapha); Mixed Herbs (Balances doshas when eaten fresh and in moderation)"
Lem-o-gin,Pan-India / General Home Cooking,Beverage (Tea/Coffee/Hot Drink),Veg,A vegetarian beverage.,Lemon,,21.52,0.08,5.55,0.03,5.38,0.13,28.13,2.2,0.09,5.68,2.92,"Lemon, Water, Sugar, Ice, Milk","Lemon (Amla, alkalising, stimulates Agni); Water (Balances doshas when eaten fresh and in moderation); Sugar (Guru, Madhura, builds Ojas but heavy for Kapha); Ice (Balances doshas when eaten fresh and in moderation); Milk (Guru, Shita, cooling and building, balances Pitta)"
Lemon and ginger squash (Nimbu aur adrak ka squash),Pan-India / General Home Cooking,Beverage (Juice/Cooler),Veg,"A vegetarian beverage typically made with lemon, ginger.","Lemon, Ginger",,170.34,0.54,44.06,0.21,42.53,1.07,16.19,11.18,0.52,,,"Lemon, Ginger, Water, Sugar, Ice","Lemon (Amla, alkalising, stimulates Agni); Ginger (Ushna, kindles Agni, aids digestion); Water (Balances doshas when eaten fresh and in moderation); Sugar (Guru, Madhura, builds Ojas but heavy for Kapha); Ice (Balances doshas when eaten fresh and in moderation)"
Lemon butter fish,Pan-India / General Home Cooking,Curry/Gravy,Non-Veg,"A non-vegetarian curry/gravy typically made with lemon, butter, fish.","Lemon, Butter, Fish",,160.25,16.38,0.75,10.26,0.23,0.36,187.72,18.66,0.4,8.7,19.1,"Lemon, Butter, Fish, Onion, Tomato, Ginger-Garlic Paste, Oil/Ghee, Turmeric, Red Chilli Powder, Garam Masala, Salt","Lemon (Amla, alkalising, stimulates Agni); Butter (Snigdha, unctuous, balances Vata); Fish (Guru, Ushna, nourishing, best fresh); Onion (Ushna, stimulates Agni, balances Kapha and Vata); Tomato (Amla, sour, stimulates digestion, use sparingly for Pitta); Ginger-Garlic Paste (Ushna, kindles Agni, aids digestion); Oil/Ghee (Snigdha, unctuous, balances Vata and nourishes tissues); Turmeric (Ushna, anti-inflammatory, purifies blood); Red Chilli Powder (Ushna, heating, use sparingly for Pitta); Garam Masala (Ushna, kindles Agni, aids digestion); Salt (Ushna, enhances taste, balances electrolytes)"
Lemon chicken,Pan-India / General Home Cooking,Curry/Gravy,Non-Veg,"A non-vegetarian curry/gravy typically made with lemon, chicken.","Lemon, Chicken",,169.79,20.2,0.55,9.66,0.16,0.16,79.93,17.4,0.95,8.94,31.21,"Lemon, Chicken, Onion, Tomato, Ginger-Garlic Paste, Oil/Ghee, Turmeric, Red Chilli Powder, Garam Masala, Salt","Lemon (Amla, alkalising, stimulates Agni); Chicken (Guru, Ushna, builds strength); Onion (Ushna, stimulates Agni, balances Kapha and Vata); Tomato (Amla, sour, stimulates digestion, use sparingly for Pitta); Ginger-Garlic Paste (Ushna, kindles Agni, aids digestion); Oil/Ghee (Snigdha, unctuous, balances Vata and nourishes tissues); Turmeric (Ushna, anti-inflammatory, purifies blood); Red Chilli Powder (Ushna, heating, use sparingly for Pitta); Garam Masala (Ushna, kindles Agni, aids digestion); Salt (Ushna, enhances taste, balances electrolytes)"
Lemon curd filling,Pan-India / General Home Cooking,Sauce/Condiment,Veg,"A vegetarian sauce/condiment typically made with lemon, curd/yogurt.","Lemon, Curd/Yogurt",,225.62,3.43,26.41,12.58,26.13,0.0,34.9,16.39,0.6,0.64,3.21,"Lemon, Curd/Yogurt, Butter, Refined Flour (Maida), Salt, Pepper, Oil/Butter","Lemon (Amla, alkalising, stimulates Agni); Curd/Yogurt (Amla, Guru, sour and cooling in moderation); Butter (Snigdha, unctuous, balances Vata); Refined Flour (Maida) (Guru, heavier to digest, best in moderation); Salt (Ushna, enhances taste, balances electrolytes); Pepper (Ushna, heating, clears Kapha); Oil/Butter (Snigdha, unctuous, balances Vata)"
Lemon green chilli pickle (Nimboo aur hari mirch ka achaar),Pan-India / General Home Cooking,Pickle/Preserve,Veg,"A vegetarian pickle/preserve typically made with lemon, chili.","Lemon, Chili",,14.07,0.85,2.14,0.24,1.0,1.07,7559.38,20.05,0.55,,,"Lemon, Chili, Oil, Mustard Seeds, Turmeric, Red Chilli Powder, Salt","Lemon (Amla, alkalising, stimulates Agni); Chili (Balances doshas when eaten fresh and in moderation); Oil (Snigdha, unctuous, balances Vata); Mustard Seeds (Ushna, stimulates digestion); Turmeric (Ushna, anti-inflammatory, purifies blood); Red Chilli Powder (Ushna, heating, use sparingly for Pitta); Salt (Ushna, enhances taste, balances electrolytes)"
"Lemon rice (Pulihora, Elumichai sadam, Chitranna)",Pan-India / General Home Cooking,Rice Dish,Veg,"A vegetarian rice dish typically made with rice, lemon, tea leaves.","Rice, Lemon, Tea Leaves",,176.3,4.26,21.62,7.88,0.78,2.52,187.11,12.7,0.77,10.2,38.01,"Rice, Lemon, Tea Leaves, Oil/Ghee, Whole Spices, Salt","Rice (Laghu, easy to digest, balances Kapha); Lemon (Amla, alkalising, stimulates Agni); Tea Leaves (Balances doshas when eaten fresh and in moderation); Oil/Ghee (Snigdha, unctuous, balances Vata and nourishes tissues); Whole Spices (Ushna, kindles Agni, aids digestion); Salt (Ushna, enhances taste, balances electrolytes)"
Lemon souffle,Pan-India / General Home Cooking,Dessert (Souffle/Custard/Pudding),Veg,A vegetarian dessert typically made with lemon.,Lemon,,168.51,6.95,13.43,10.02,11.67,0.0,50.73,59.81,0.56,12.9,32.11,"Lemon, Milk, Sugar, Egg, Cornflour","Lemon (Amla, alkalising, stimulates Agni); Milk (Guru, Shita, cooling and building, balances Pitta); Sugar (Guru, Madhura, builds Ojas but heavy for Kapha); Egg (Guru, Ushna, builds strength, use moderately for Pitta); Cornflour (Balances doshas when eaten fresh and in moderation)"
Lemon squash (Nimbu ka squash),Pan-India / General Home Cooking,Beverage (Juice/Cooler),Veg,A vegetarian beverage typically made with lemon.,Lemon,,184.56,0.15,48.88,0.06,48.88,0.0,15.01,9.85,0.18,,,"Lemon, Water, Sugar, Ice","Lemon (Amla, alkalising, stimulates Agni); Water (Balances doshas when eaten fresh and in moderation); Sugar (Guru, Madhura, builds Ojas but heavy for Kapha); Ice (Balances doshas when eaten fresh and in moderation)"
Lemonade,Pan-India / General Home Cooking,Beverage (Juice/Cooler),Veg,A vegetarian beverage typically made with lemon.,Lemon,,20.8,0.03,5.48,0.01,5.47,0.02,28.52,1.84,0.05,5.27,2.11,"Lemon, Water, Sugar, Ice","Lemon (Amla, alkalising, stimulates Agni); Water (Balances doshas when eaten fresh and in moderation); Sugar (Guru, Madhura, builds Ojas but heavy for Kapha); Ice (Balances doshas when eaten fresh and in moderation)"
Lentils and semolina porridge (Dal suji porridge/daliya),Pan-India / General Home Cooking,Breakfast (Porridge/Cereal),Veg,"A vegetarian breakfast typically made with semolina, beans.","Semolina, Beans",,117.29,3.26,23.19,1.06,13.84,1.44,9.64,44.74,1.22,0.8,21.48,"Semolina, Beans, Milk/Water, Sugar, Salt","Semolina (Balances doshas when eaten fresh and in moderation); Beans (Balances doshas when eaten fresh and in moderation); Milk/Water (Guru, Shita, cooling and building, balances Pitta); Sugar (Guru, Madhura, builds Ojas but heavy for Kapha); Salt (Ushna, enhances taste, balances electrolytes)"
Lentils and wheat porridge (Dal wheat porridge/daliya ),Pan-India / General Home Cooking,Breakfast (Porridge/Cereal),Veg,A vegetarian breakfast typically made with wheat flour.,Wheat Flour,,52.54,2.71,8.36,0.94,0.92,1.28,62.79,26.28,0.52,0.6,11.32,"Wheat Flour, Milk/Water, Sugar, Salt","Wheat Flour (Guru, nourishing, grounds Vata); Milk/Water (Guru, Shita, cooling and building, balances Pitta); Sugar (Guru, Madhura, builds Ojas but heavy for Kapha); Salt (Ushna, enhances taste, balances electrolytes)"
Lichi squash,Pan-India / General Home Cooking,Beverage (Juice/Cooler),Veg,A vegetarian beverage.,Lychee,,198.33,0.3,51.96,0.08,51.31,0.41,14.56,6.39,0.34,,,"Lychee, Water, Sugar, Ice","Lychee (Balances doshas when eaten fresh and in moderation); Water (Balances doshas when eaten fresh and in moderation); Sugar (Guru, Madhura, builds Ojas but heavy for Kapha); Ice (Balances doshas when eaten fresh and in moderation)"
Lobia curry,Pan-India / General Home Cooking,Curry/Gravy,Veg,A vegetarian curry/gravy typically made with black-eyed peas.,Black-eyed Peas,,148.99,6.06,17.88,5.62,2.51,4.57,355.41,36.8,2.21,15.13,86.78,"Black-eyed Peas, Onion, Tomato, Ginger-Garlic Paste, Oil/Ghee, Turmeric, Red Chilli Powder, Garam Masala, Salt","Black-eyed Peas (Balances doshas when eaten fresh and in moderation); Onion (Ushna, stimulates Agni, balances Kapha and Vata); Tomato (Amla, sour, stimulates digestion, use sparingly for Pitta); Ginger-Garlic Paste (Ushna, kindles Agni, aids digestion); Oil/Ghee (Snigdha, unctuous, balances Vata and nourishes tissues); Turmeric (Ushna, anti-inflammatory, purifies blood); Red Chilli Powder (Ushna, heating, use sparingly for Pitta); Garam Masala (Ushna, kindles Agni, aids digestion); Salt (Ushna, enhances taste, balances electrolytes)"
Lotus seed halwa (Kamal gattay ka halwa),Pan-India / General Home Cooking,Sweet,Veg,A vegetarian sweet.,Lotus Seeds (Makhana),,370.55,7.79,39.56,20.69,9.8,0.42,3.06,82.84,1.8,0.06,179.08,"Lotus Seeds (Makhana), Sugar, Ghee, Milk/Khoya, Cardamom","Lotus Seeds (Makhana) (Laghu, light, supports digestion); Sugar (Guru, Madhura, builds Ojas but heavy for Kapha); Ghee (Snigdha, unctuous, balances Vata and nourishes tissues); Milk/Khoya (Guru, Shita, cooling and building, balances Pitta); Cardamom (Ushna, aromatic, soothes digestion)"
Lotus stem curry (Kamal kakdi curry),Pan-India / General Home Cooking,Curry/Gravy,Veg,A vegetarian curry/gravy.,Lotus Stem,,110.34,1.53,9.24,7.25,2.09,3.14,217.05,26.59,1.71,40.01,45.45,"Lotus Stem, Onion, Tomato, Ginger-Garlic Paste, Oil/Ghee, Turmeric, Red Chilli Powder, Garam Masala, Salt","Lotus Stem (Laghu, light, supports digestion); Onion (Ushna, stimulates Agni, balances Kapha and Vata); Tomato (Amla, sour, stimulates digestion, use sparingly for Pitta); Ginger-Garlic Paste (Ushna, kindles Agni, aids digestion); Oil/Ghee (Snigdha, unctuous, balances Vata and nourishes tissues); Turmeric (Ushna, anti-inflammatory, purifies blood); Red Chilli Powder (Ushna, heating, use sparingly for Pitta); Garam Masala (Ushna, kindles Agni, aids digestion); Salt (Ushna, enhances taste, balances electrolytes)"
Lotus stem kofta curry (Kamal kakdi kofta curry),Pan-India / General Home Cooking,Curry/Gravy,Veg,A vegetarian curry/gravy.,Lotus Stem,,633.56,0.96,5.01,67.76,0.88,1.01,108.61,19.31,0.65,38.6,57.76,"Lotus Stem, Onion, Tomato, Ginger-Garlic Paste, Oil/Ghee, Turmeric, Red Chilli Powder, Garam Masala, Salt","Lotus Stem (Laghu, light, supports digestion); Onion (Ushna, stimulates Agni, balances Kapha and Vata); Tomato (Amla, sour, stimulates digestion, use sparingly for Pitta); Ginger-Garlic Paste (Ushna, kindles Agni, aids digestion); Oil/Ghee (Snigdha, unctuous, balances Vata and nourishes tissues); Turmeric (Ushna, anti-inflammatory, purifies blood); Red Chilli Powder (Ushna, heating, use sparingly for Pitta); Garam Masala (Ushna, kindles Agni, aids digestion); Salt (Ushna, enhances taste, balances electrolytes)"
Lotus stem pickle (Kamal kakdi ka achar),Pan-India / General Home Cooking,Pickle/Preserve,Veg,A vegetarian pickle/preserve.,Lotus Stem,,102.69,1.44,20.07,1.6,2.53,8.58,181.83,137.73,20.57,12.35,1.91,"Lotus Stem, Oil, Mustard Seeds, Turmeric, Red Chilli Powder, Salt","Lotus Stem (Laghu, light, supports digestion); Oil (Snigdha, unctuous, balances Vata); Mustard Seeds (Ushna, stimulates digestion); Turmeric (Ushna, anti-inflammatory, purifies blood); Red Chilli Powder (Ushna, heating, use sparingly for Pitta); Salt (Ushna, enhances taste, balances electrolytes)"
Maa chaane ki dal,Pan-India / General Home Cooking,Curry/Gravy,Veg,A vegetarian curry/gravy.,Black Gram (Urad Dal),,344.67,19.8,43.11,9.5,1.05,13.45,43.31,68.65,5.97,1.43,102.41,"Black Gram (Urad Dal), Onion, Tomato, Ginger-Garlic Paste, Oil/Ghee, Turmeric, Red Chilli Powder, Garam Masala, Salt","Black Gram (Urad Dal) (Laghu, protein-rich, balances Kapha); Onion (Ushna, stimulates Agni, balances Kapha and Vata); Tomato (Amla, sour, stimulates digestion, use sparingly for Pitta); Ginger-Garlic Paste (Ushna, kindles Agni, aids digestion); Oil/Ghee (Snigdha, unctuous, balances Vata and nourishes tissues); Turmeric (Ushna, anti-inflammatory, purifies blood); Red Chilli Powder (Ushna, heating, use sparingly for Pitta); Garam Masala (Ushna, kindles Agni, aids digestion); Salt (Ushna, enhances taste, balances electrolytes)"
Maize porridge,Pan-India / General Home Cooking,Breakfast (Porridge/Cereal),Veg,A vegetarian breakfast.,Maize,,89.57,2.14,15.64,1.89,7.69,1.68,5.59,17.02,1.11,3.03,23.98,"Maize, Milk/Water, Sugar, Salt","Maize (Balances doshas when eaten fresh and in moderation); Milk/Water (Guru, Shita, cooling and building, balances Pitta); Sugar (Guru, Madhura, builds Ojas but heavy for Kapha); Salt (Ushna, enhances taste, balances electrolytes)"
Makhana kheer,Pan-India / General Home Cooking,Sweet,Veg,A vegetarian sweet.,Makhana (Fox Nuts),,107.85,3.31,12.88,5.0,11.54,0.11,23.4,111.64,0.28,5.06,23.77,"Makhana (Fox Nuts), Sugar, Ghee, Milk/Khoya, Cardamom","Makhana (Fox Nuts) (Balances doshas when eaten fresh and in moderation); Sugar (Guru, Madhura, builds Ojas but heavy for Kapha); Ghee (Snigdha, unctuous, balances Vata and nourishes tissues); Milk/Khoya (Guru, Shita, cooling and building, balances Pitta); Cardamom (Ushna, aromatic, soothes digestion)"
Makki ki roti,Pan-India / General Home Cooking,Bread/Roti,Veg,A vegetarian bread/roti.,Maize Flour,,263.97,3.49,24.19,16.85,0.7,5.19,236.22,14.76,1.11,1.99,10.72,"Maize Flour, Wheat Flour, Salt, Water, Oil/Ghee","Maize Flour (Balances doshas when eaten fresh and in moderation); Wheat Flour (Guru, nourishing, grounds Vata); Salt (Ushna, enhances taste, balances electrolytes); Water (Balances doshas when eaten fresh and in moderation); Oil/Ghee (Snigdha, unctuous, balances Vata and nourishes tissues)"
Mal pua,Pan-India / General Home Cooking,Sweet,Veg,A vegetarian sweet.,Wheat Flour,,566.68,1.71,17.56,54.64,11.77,0.62,6.35,30.05,0.33,0.67,5.3,"Wheat Flour, Sugar, Ghee, Milk/Khoya, Cardamom","Wheat Flour (Guru, nourishing, grounds Vata); Sugar (Guru, Madhura, builds Ojas but heavy for Kapha); Ghee (Snigdha, unctuous, balances Vata and nourishes tissues); Milk/Khoya (Guru, Shita, cooling and building, balances Pitta); Cardamom (Ushna, aromatic, soothes digestion)"
Mango malpua,Pan-India / General Home Cooking,Sweet,Veg,A vegetarian sweet typically made with mango.,Mango,,334.64,1.65,12.84,30.67,4.96,2.08,1.89,10.64,0.7,38.05,110.67,"Mango, Sugar, Ghee, Milk/Khoya, Cardamom","Mango (Guru, Snigdha, nourishing in season); Sugar (Guru, Madhura, builds Ojas but heavy for Kapha); Ghee (Snigdha, unctuous, balances Vata and nourishes tissues); Milk/Khoya (Guru, Shita, cooling and building, balances Pitta); Cardamom (Ushna, aromatic, soothes digestion)"
Mango murabba candy,Pan-India / General Home Cooking,Pickle/Preserve,Veg,A vegetarian pickle/preserve typically made with mango.,Mango,,293.35,0.27,77.32,0.05,74.73,0.95,13.71,16.55,0.33,19.85,5.7,"Mango, Oil, Mustard Seeds, Turmeric, Red Chilli Powder, Salt","Mango (Guru, Snigdha, nourishing in season); Oil (Snigdha, unctuous, balances Vata); Mustard Seeds (Ushna, stimulates digestion); Turmeric (Ushna, anti-inflammatory, purifies blood); Red Chilli Powder (Ushna, heating, use sparingly for Pitta); Salt (Ushna, enhances taste, balances electrolytes)"
Mango pickle (Aam ka achaar),Pan-India / General Home Cooking,Pickle/Preserve,Veg,A vegetarian pickle/preserve typically made with mango.,Mango,,192.12,1.6,8.11,17.89,1.79,3.68,3429.94,48.97,1.44,,,"Mango, Oil, Mustard Seeds, Turmeric, Red Chilli Powder, Salt","Mango (Guru, Snigdha, nourishing in season); Oil (Snigdha, unctuous, balances Vata); Mustard Seeds (Ushna, stimulates digestion); Turmeric (Ushna, anti-inflammatory, purifies blood); Red Chilli Powder (Ushna, heating, use sparingly for Pitta); Salt (Ushna, enhances taste, balances electrolytes)"
Mango raita (Aam ka raita),Pan-India / General Home Cooking,Curry/Side (Raita),Veg,A vegetarian curry/side typically made with mango.,Mango,,67.37,3.9,8.23,2.14,7.87,0.89,135.46,136.06,0.34,18.19,59.64,"Mango, Onion, Tomato, Ginger-Garlic Paste, Oil/Ghee, Turmeric, Red Chilli Powder, Garam Masala, Salt, Yogurt, Roasted Cumin Powder, Coriander Leaves","Mango (Guru, Snigdha, nourishing in season); Onion (Ushna, stimulates Agni, balances Kapha and Vata); Tomato (Amla, sour, stimulates digestion, use sparingly for Pitta); Ginger-Garlic Paste (Ushna, kindles Agni, aids digestion); Oil/Ghee (Snigdha, unctuous, balances Vata and nourishes tissues); Turmeric (Ushna, anti-inflammatory, purifies blood); Red Chilli Powder (Ushna, heating, use sparingly for Pitta); Garam Masala (Ushna, kindles Agni, aids digestion); Salt (Ushna, enhances taste, balances electrolytes); Yogurt (Amla, Guru, sour and cooling in moderation); Roasted Cumin Powder (Ushna, kindles Agni, eases digestion); Coriander Leaves (Shita, cooling, soothes Pitta)"
Mango squash (Aam ka squash),Pan-India / General Home Cooking,Beverage (Juice/Cooler),Veg,A vegetarian beverage typically made with mango.,Mango,,194.66,0.17,50.96,0.17,50.84,0.58,14.81,9.47,0.25,,,"Mango, Water, Sugar, Ice","Mango (Guru, Snigdha, nourishing in season); Water (Balances doshas when eaten fresh and in moderation); Sugar (Guru, Madhura, builds Ojas but heavy for Kapha); Ice (Balances doshas when eaten fresh and in moderation)"
Marmalade (Murabba),Pan-India / General Home Cooking,Pickle/Preserve,Veg,A vegetarian pickle/preserve.,Fruit,,143.76,0.23,37.64,0.04,37.29,0.43,2.16,9.84,0.34,,,"Fruit, Oil, Mustard Seeds, Turmeric, Red Chilli Powder, Salt","Fruit (Balances doshas when eaten fresh and in moderation); Oil (Snigdha, unctuous, balances Vata); Mustard Seeds (Ushna, stimulates digestion); Turmeric (Ushna, anti-inflammatory, purifies blood); Red Chilli Powder (Ushna, heating, use sparingly for Pitta); Salt (Ushna, enhances taste, balances electrolytes)"
Masala arbi,Pan-India / General Home Cooking,Curry/Gravy,Veg,A vegetarian curry/gravy typically made with colocasia.,Colocasia,,185.38,3.01,16.16,11.9,0.81,3.1,261.31,32.08,0.99,1.9,20.12,"Colocasia, Onion, Tomato, Ginger-Garlic Paste, Oil/Ghee, Turmeric, Red Chilli Powder, Garam Masala, Salt","Colocasia (Balances doshas when eaten fresh and in moderation); Onion (Ushna, stimulates Agni, balances Kapha and Vata); Tomato (Amla, sour, stimulates digestion, use sparingly for Pitta); Ginger-Garlic Paste (Ushna, kindles Agni, aids digestion); Oil/Ghee (Snigdha, unctuous, balances Vata and nourishes tissues); Turmeric (Ushna, anti-inflammatory, purifies blood); Red Chilli Powder (Ushna, heating, use sparingly for Pitta); Garam Masala (Ushna, kindles Agni, aids digestion); Salt (Ushna, enhances taste, balances electrolytes)"
Masala dosa,Pan-India / General Home Cooking,Breakfast/Tiffin,Veg,A vegetarian breakfast/tiffin.,Rice & Urad Dal,,164.58,3.29,19.57,7.84,1.33,2.52,191.28,15.58,0.79,14.14,35.76,"Rice, Urad Dal, Salt, Oil, Mixed Spices","Rice (Laghu, easy to digest, balances Kapha); Urad Dal (Laghu, protein-rich, balances Kapha); Salt (Ushna, enhances taste, balances electrolytes); Oil (Snigdha, unctuous, balances Vata); Mixed Spices (Ushna, kindles Agni, aids digestion)"
Masala dosa mixed vegetable fillings,Pan-India / General Home Cooking,Breakfast/Tiffin,Veg,A vegetarian breakfast/tiffin.,Mixed Vegetables,,144.53,4.84,23.02,3.26,1.53,4.31,122.08,31.79,1.21,52.07,89.33,"Mixed Vegetables, Salt, Oil, Mixed Spices","Mixed Vegetables (Balances doshas when eaten fresh and in moderation); Salt (Ushna, enhances taste, balances electrolytes); Oil (Snigdha, unctuous, balances Vata); Mixed Spices (Ushna, kindles Agni, aids digestion)"
Masala dosa paneer fillings,Pan-India / General Home Cooking,Breakfast/Tiffin,Veg,A vegetarian breakfast/tiffin typically made with paneer.,Paneer,,243.12,10.31,29.76,8.84,4.81,3.11,160.4,171.23,1.27,11.5,94.26,"Paneer, Salt, Oil, Mixed Spices","Paneer (Guru, Snigdha, cooling and nourishing); Salt (Ushna, enhances taste, balances electrolytes); Oil (Snigdha, unctuous, balances Vata); Mixed Spices (Ushna, kindles Agni, aids digestion)"
Masala green chilli pakora/pakoda (Hari mirch kay pakode),Pan-India / General Home Cooking,Snack (Fried),Veg,A vegetarian snack typically made with chili.,Chili,,668.76,2.22,5.55,71.01,0.27,1.34,120.9,8.58,0.47,3.84,12.67,"Chili, Gram Flour (Besan)/Refined Flour, Oil (for frying), Spices, Salt","Chili (Balances doshas when eaten fresh and in moderation); Gram Flour (Besan)/Refined Flour (Guru, heavier to digest, best in moderation); Oil (for frying) (Snigdha, unctuous, balances Vata); Spices (Balances doshas when eaten fresh and in moderation); Salt (Ushna, enhances taste, balances electrolytes)"
Masala onion pakora/pakoda (Pyaaz ke pakode),Pan-India / General Home Cooking,Snack (Fried),Veg,A vegetarian snack typically made with onion.,Onion,,551.64,2.05,6.48,57.61,1.58,1.44,99.22,11.06,0.42,1.18,14.65,"Onion, Gram Flour (Besan)/Refined Flour, Oil (for frying), Spices, Salt","Onion (Ushna, stimulates Agni, balances Kapha and Vata); Gram Flour (Besan)/Refined Flour (Guru, heavier to digest, best in moderation); Oil (for frying) (Snigdha, unctuous, balances Vata); Spices (Balances doshas when eaten fresh and in moderation); Salt (Ushna, enhances taste, balances electrolytes)"
Masala souffle,Pan-India / General Home Cooking,Dessert (Souffle/Custard/Pudding),Veg,A vegetarian dessert.,Milk,,123.51,6.38,8.02,7.37,1.84,1.24,131.14,103.68,0.74,382.64,363.81,"Milk, Sugar, Egg, Cornflour","Milk (Guru, Shita, cooling and building, balances Pitta); Sugar (Guru, Madhura, builds Ojas but heavy for Kapha); Egg (Guru, Ushna, builds strength, use moderately for Pitta); Cornflour (Balances doshas when eaten fresh and in moderation)"
Masala urad dal vada,Pan-India / General Home Cooking,Snack (Fried),Veg,A vegetarian snack typically made with urad dal.,Urad Dal,,703.78,4.32,9.93,71.62,0.7,2.71,61.49,11.87,1.0,2.05,15.89,"Urad Dal, Gram Flour (Besan)/Refined Flour, Oil (for frying), Spices, Salt","Urad Dal (Laghu, protein-rich, balances Kapha); Gram Flour (Besan)/Refined Flour (Guru, heavier to digest, best in moderation); Oil (for frying) (Snigdha, unctuous, balances Vata); Spices (Balances doshas when eaten fresh and in moderation); Salt (Ushna, enhances taste, balances electrolytes)"
Masala vada,Pan-India / General Home Cooking,Snack (Fried),Veg,A vegetarian snack.,Chana Dal,,826.02,1.69,4.06,89.15,0.24,1.07,74.53,7.45,0.52,2.05,32.14,"Chana Dal, Gram Flour (Besan)/Refined Flour, Oil (for frying), Spices, Salt","Chana Dal (Laghu, protein-rich, balances Kapha); Gram Flour (Besan)/Refined Flour (Guru, heavier to digest, best in moderation); Oil (for frying) (Snigdha, unctuous, balances Vata); Spices (Balances doshas when eaten fresh and in moderation); Salt (Ushna, enhances taste, balances electrolytes)"
Mashed banana with milk,Pan-India / General Home Cooking,Dessert (Souffle/Custard/Pudding),Veg,"A vegetarian dessert typically made with banana, milk.","Banana, Milk",,95.43,2.51,14.62,2.99,11.35,0.71,16.99,78.64,0.23,,,"Banana, Milk, Sugar, Egg, Cornflour","Banana (Guru, Shita, grounding); Milk (Guru, Shita, cooling and building, balances Pitta); Sugar (Guru, Madhura, builds Ojas but heavy for Kapha); Egg (Guru, Ushna, builds strength, use moderately for Pitta); Cornflour (Balances doshas when eaten fresh and in moderation)"
Mathri,Pan-India / General Home Cooking,Snack (Dry/Namkeen),Veg,A vegetarian snack.,Refined Flour (Maida),,805.12,1.75,12.32,83.1,0.29,0.6,64.7,5.23,0.43,0.0,2.38,"Refined Flour (Maida), Gram Flour (Besan), Oil, Spices, Salt","Refined Flour (Maida) (Guru, heavier to digest, best in moderation); Gram Flour (Besan) (Laghu, light, balances Kapha); Oil (Snigdha, unctuous, balances Vata); Spices (Balances doshas when eaten fresh and in moderation); Salt (Ushna, enhances taste, balances electrolytes)"
Meat stock,Pan-India / General Home Cooking,Sauce/Condiment (Base Stock),Non-Veg,A vegetarian sauce/condiment.,Bones,,24.48,2.1,0.0,1.78,0.0,0.0,8.62,0.86,0.05,0.0,6.0,"Bones, Butter, Refined Flour (Maida), Salt, Pepper, Oil/Butter","Bones (Guru, Ushna, deeply nourishing); Butter (Snigdha, unctuous, balances Vata); Refined Flour (Maida) (Guru, heavier to digest, best in moderation); Salt (Ushna, enhances taste, balances electrolytes); Pepper (Ushna, heating, clears Kapha); Oil/Butter (Snigdha, unctuous, balances Vata)"
Melting moments,Pan-India / General Home Cooking,Bakery (Cookie/Biscuit),Veg,A vegetarian bakery.,Butter,,437.91,5.71,55.84,21.78,25.0,1.88,119.09,30.39,1.2,0.0,3.59,"Butter, Refined Flour (Maida), Sugar, Baking Powder, Egg","Butter (Snigdha, unctuous, balances Vata); Refined Flour (Maida) (Guru, heavier to digest, best in moderation); Sugar (Guru, Madhura, builds Ojas but heavy for Kapha); Baking Powder (Neutral, leavening agent); Egg (Guru, Ushna, builds strength, use moderately for Pitta)"
Meringue and rice pudding,Pan-India / General Home Cooking,Dessert (Souffle/Custard/Pudding),Veg,A vegetarian dessert typically made with rice.,Rice,,112.93,4.84,14.6,4.05,10.87,0.17,44.16,85.43,0.37,3.02,24.69,"Rice, Milk, Sugar, Egg, Cornflour","Rice (Laghu, easy to digest, balances Kapha); Milk (Guru, Shita, cooling and building, balances Pitta); Sugar (Guru, Madhura, builds Ojas but heavy for Kapha); Egg (Guru, Ushna, builds strength, use moderately for Pitta); Cornflour (Balances doshas when eaten fresh and in moderation)"
Methi chaman,Pan-India / General Home Cooking,Curry/Gravy,Non-Veg,A non-vegetarian curry/gravy typically made with fenugreek.,Fenugreek,,475.62,1.54,2.78,50.91,1.79,0.53,54.94,60.57,0.63,63.26,141.85,"Fenugreek, Onion, Tomato, Ginger-Garlic Paste, Oil/Ghee, Turmeric, Red Chilli Powder, Garam Masala, Salt","Fenugreek (Ushna, aids digestion, bitter); Onion (Ushna, stimulates Agni, balances Kapha and Vata); Tomato (Amla, sour, stimulates digestion, use sparingly for Pitta); Ginger-Garlic Paste (Ushna, kindles Agni, aids digestion); Oil/Ghee (Snigdha, unctuous, balances Vata and nourishes tissues); Turmeric (Ushna, anti-inflammatory, purifies blood); Red Chilli Powder (Ushna, heating, use sparingly for Pitta); Garam Masala (Ushna, kindles Agni, aids digestion); Salt (Ushna, enhances taste, balances electrolytes)"
Methi malai paneer,Pan-India / General Home Cooking,Curry/Gravy,Veg,"A vegetarian curry/gravy typically made with paneer, fenugreek.","Paneer, Fenugreek",,194.98,7.34,8.15,14.76,6.0,1.47,221.16,183.96,0.77,13.6,73.86,"Paneer, Fenugreek, Onion, Tomato, Ginger-Garlic Paste, Oil/Ghee, Turmeric, Red Chilli Powder, Garam Masala, Salt","Paneer (Guru, Snigdha, cooling and nourishing); Fenugreek (Ushna, aids digestion, bitter); Onion (Ushna, stimulates Agni, balances Kapha and Vata); Tomato (Amla, sour, stimulates digestion, use sparingly for Pitta); Ginger-Garlic Paste (Ushna, kindles Agni, aids digestion); Oil/Ghee (Snigdha, unctuous, balances Vata and nourishes tissues); Turmeric (Ushna, anti-inflammatory, purifies blood); Red Chilli Powder (Ushna, heating, use sparingly for Pitta); Garam Masala (Ushna, kindles Agni, aids digestion); Salt (Ushna, enhances taste, balances electrolytes)"
Methi pakora/pakoda (Methi ke pakode),Pan-India / General Home Cooking,Snack (Fried),Veg,A vegetarian snack typically made with fenugreek.,Fenugreek,,713.25,2.06,4.68,76.39,0.25,1.18,69.83,23.07,0.69,23.31,126.81,"Fenugreek, Gram Flour (Besan)/Refined Flour, Oil (for frying), Spices, Salt","Fenugreek (Ushna, aids digestion, bitter); Gram Flour (Besan)/Refined Flour (Guru, heavier to digest, best in moderation); Oil (for frying) (Snigdha, unctuous, balances Vata); Spices (Balances doshas when eaten fresh and in moderation); Salt (Ushna, enhances taste, balances electrolytes)"
Methi parantha/paratha,Pan-India / General Home Cooking,Breakfast/Tiffin,Veg,A vegetarian breakfast/tiffin typically made with fenugreek.,Fenugreek,,148.36,4.27,22.19,4.34,2.44,5.09,48.36,65.85,2.42,12.63,28.46,"Fenugreek, Salt, Oil, Mixed Spices","Fenugreek (Ushna, aids digestion, bitter); Salt (Ushna, enhances taste, balances electrolytes); Oil (Snigdha, unctuous, balances Vata); Mixed Spices (Ushna, kindles Agni, aids digestion)"
Methi poori,Pan-India / General Home Cooking,Bread/Roti,Veg,A vegetarian bread/roti typically made with fenugreek.,Fenugreek,,710.02,1.45,7.98,74.6,0.26,1.61,35.37,14.61,0.81,2.91,8.47,"Fenugreek, Wheat Flour, Salt, Water, Oil/Ghee","Fenugreek (Ushna, aids digestion, bitter); Wheat Flour (Guru, nourishing, grounds Vata); Salt (Ushna, enhances taste, balances electrolytes); Water (Balances doshas when eaten fresh and in moderation); Oil/Ghee (Snigdha, unctuous, balances Vata and nourishes tissues)"
Minced meat ball curry,Pan-India / General Home Cooking,Curry/Gravy,Non-Veg,A non-vegetarian curry/gravy.,Minced Meat,,109.79,6.82,2.86,7.85,1.27,1.49,170.06,23.84,1.01,20.62,33.86,"Minced Meat, Onion, Tomato, Ginger-Garlic Paste, Oil/Ghee, Turmeric, Red Chilli Powder, Garam Masala, Salt","Minced Meat (Balances doshas when eaten fresh and in moderation); Onion (Ushna, stimulates Agni, balances Kapha and Vata); Tomato (Amla, sour, stimulates digestion, use sparingly for Pitta); Ginger-Garlic Paste (Ushna, kindles Agni, aids digestion); Oil/Ghee (Snigdha, unctuous, balances Vata and nourishes tissues); Turmeric (Ushna, anti-inflammatory, purifies blood); Red Chilli Powder (Ushna, heating, use sparingly for Pitta); Garam Masala (Ushna, kindles Agni, aids digestion); Salt (Ushna, enhances taste, balances electrolytes)"
Minced meat patties,Pan-India / General Home Cooking,Snack (Fried),Non-Veg,A non-vegetarian snack.,Minced Meat,,265.72,6.88,15.25,19.57,0.88,0.77,252.18,19.23,0.93,1.58,16.37,"Minced Meat, Gram Flour (Besan)/Refined Flour, Oil (for frying), Spices, Salt","Minced Meat (Balances doshas when eaten fresh and in moderation); Gram Flour (Besan)/Refined Flour (Guru, heavier to digest, best in moderation); Oil (for frying) (Snigdha, unctuous, balances Vata); Spices (Balances doshas when eaten fresh and in moderation); Salt (Ushna, enhances taste, balances electrolytes)"
Minced meat samosa (Keema ka samosa),Pan-India / General Home Cooking,Snack (Fried),Non-Veg,A non-vegetarian snack typically made with minced meat.,Minced Meat,,620.99,4.43,6.14,64.26,0.5,0.39,88.64,6.7,0.55,0.82,4.62,"Minced Meat, Gram Flour (Besan)/Refined Flour, Oil (for frying), Spices, Salt","Minced Meat (Balances doshas when eaten fresh and in moderation); Gram Flour (Besan)/Refined Flour (Guru, heavier to digest, best in moderation); Oil (for frying) (Snigdha, unctuous, balances Vata); Spices (Balances doshas when eaten fresh and in moderation); Salt (Ushna, enhances taste, balances electrolytes)"
Mint and coriander chutney (Pudinay aur dhaniye ki chutney),Pan-India / General Home Cooking,Chutney/Condiment,Veg,A vegetarian chutney/condiment typically made with coriander.,Coriander,,102.6,2.81,21.18,0.51,15.88,4.33,391.66,107.45,4.76,3.62,10.89,"Coriander, Green Chilli, Salt, Spices, Oil (tempering), Pepper, Oil/Butter","Coriander (Shita, cooling, soothes Pitta); Green Chilli (Ushna, use sparingly for Pitta); Salt (Ushna, enhances taste, balances electrolytes); Spices (Balances doshas when eaten fresh and in moderation); Oil (tempering) (Snigdha, unctuous, balances Vata); Pepper (Ushna, heating, clears Kapha); Oil/Butter (Snigdha, unctuous, balances Vata)"
Mint and peanut raita (Pudinay aur moongfali ka raita),Pan-India / General Home Cooking,Curry/Side (Raita),Veg,A vegetarian curry/side typically made with peanut.,Peanut,,112.05,7.05,7.31,6.19,6.17,1.79,223.01,191.01,1.68,6.06,44.25,"Peanut, Onion, Tomato, Ginger-Garlic Paste, Oil/Ghee, Turmeric, Red Chilli Powder, Garam Masala, Salt, Yogurt, Roasted Cumin Powder, Coriander Leaves","Peanut (Guru, Ushna, energy dense); Onion (Ushna, stimulates Agni, balances Kapha and Vata); Tomato (Amla, sour, stimulates digestion, use sparingly for Pitta); Ginger-Garlic Paste (Ushna, kindles Agni, aids digestion); Oil/Ghee (Snigdha, unctuous, balances Vata and nourishes tissues); Turmeric (Ushna, anti-inflammatory, purifies blood); Red Chilli Powder (Ushna, heating, use sparingly for Pitta); Garam Masala (Ushna, kindles Agni, aids digestion); Salt (Ushna, enhances taste, balances electrolytes); Yogurt (Amla, Guru, sour and cooling in moderation); Roasted Cumin Powder (Ushna, kindles Agni, eases digestion); Coriander Leaves (Shita, cooling, soothes Pitta)"
Mint raita (Pudinay ka raita),Pan-India / General Home Cooking,Curry/Side (Raita),Veg,A vegetarian curry/side.,Mint,,77.59,5.64,7.65,2.96,7.48,0.34,274.38,198.22,0.37,2.94,20.62,"Mint, Onion, Tomato, Ginger-Garlic Paste, Oil/Ghee, Turmeric, Red Chilli Powder, Garam Masala, Salt, Yogurt, Roasted Cumin Powder, Coriander Leaves","Mint (Shita, cooling, aids digestion); Onion (Ushna, stimulates Agni, balances Kapha and Vata); Tomato (Amla, sour, stimulates digestion, use sparingly for Pitta); Ginger-Garlic Paste (Ushna, kindles Agni, aids digestion); Oil/Ghee (Snigdha, unctuous, balances Vata and nourishes tissues); Turmeric (Ushna, anti-inflammatory, purifies blood); Red Chilli Powder (Ushna, heating, use sparingly for Pitta); Garam Masala (Ushna, kindles Agni, aids digestion); Salt (Ushna, enhances taste, balances electrolytes); Yogurt (Amla, Guru, sour and cooling in moderation); Roasted Cumin Powder (Ushna, kindles Agni, eases digestion); Coriander Leaves (Shita, cooling, soothes Pitta)"
Mint tomato chutney (Pudinay aur tamatar ki chutney),Pan-India / General Home Cooking,Chutney/Condiment,Veg,"A vegetarian chutney/condiment typically made with tomato, green peas.","Tomato, Green Peas",,43.65,1.53,8.22,0.36,5.48,2.63,183.98,47.59,2.06,4.07,4.94,"Tomato, Green Peas, Green Chilli, Salt, Spices, Oil (tempering), Pepper, Oil/Butter","Tomato (Amla, sour, stimulates digestion, use sparingly for Pitta); Green Peas (Balances doshas when eaten fresh and in moderation); Green Chilli (Ushna, use sparingly for Pitta); Salt (Ushna, enhances taste, balances electrolytes); Spices (Balances doshas when eaten fresh and in moderation); Oil (tempering) (Snigdha, unctuous, balances Vata); Pepper (Ushna, heating, clears Kapha); Oil/Butter (Snigdha, unctuous, balances Vata)"
Mintade,Pan-India / General Home Cooking,Beverage (Tea/Coffee/Hot Drink),Veg,A vegetarian beverage.,Mint,,40.32,0.03,10.59,0.02,10.47,0.03,26.69,2.1,0.05,8.5,4.69,"Mint, Water, Sugar, Ice, Milk","Mint (Shita, cooling, aids digestion); Water (Balances doshas when eaten fresh and in moderation); Sugar (Guru, Madhura, builds Ojas but heavy for Kapha); Ice (Balances doshas when eaten fresh and in moderation); Milk (Guru, Shita, cooling and building, balances Pitta)"
Mixed dal,Pan-India / General Home Cooking,Curry/Gravy,Veg,A vegetarian curry/gravy.,Lentils,,61.93,2.51,5.79,3.1,0.34,1.62,141.36,11.0,0.78,1.1,40.35,"Lentils, Onion, Tomato, Ginger-Garlic Paste, Oil/Ghee, Turmeric, Red Chilli Powder, Garam Masala, Salt","Lentils (Laghu, protein-rich, balances Kapha); Onion (Ushna, stimulates Agni, balances Kapha and Vata); Tomato (Amla, sour, stimulates digestion, use sparingly for Pitta); Ginger-Garlic Paste (Ushna, kindles Agni, aids digestion); Oil/Ghee (Snigdha, unctuous, balances Vata and nourishes tissues); Turmeric (Ushna, anti-inflammatory, purifies blood); Red Chilli Powder (Ushna, heating, use sparingly for Pitta); Garam Masala (Ushna, kindles Agni, aids digestion); Salt (Ushna, enhances taste, balances electrolytes)"
Mixed stock,Pan-India / General Home Cooking,Sauce/Condiment (Base Stock),Veg,A vegetarian sauce/condiment.,Vegetables & Bones,,25.19,2.06,0.33,1.71,0.2,0.15,9.51,2.06,0.07,2.58,16.58,"Vegetables, Bones, Butter, Refined Flour (Maida), Salt, Pepper, Oil/Butter","Vegetables (Balances doshas when eaten fresh and in moderation); Bones (Guru, Ushna, deeply nourishing); Butter (Snigdha, unctuous, balances Vata); Refined Flour (Maida) (Guru, heavier to digest, best in moderation); Salt (Ushna, enhances taste, balances electrolytes); Pepper (Ushna, heating, clears Kapha); Oil/Butter (Snigdha, unctuous, balances Vata)"
Mixed vegetable pakora/pakoda,Pan-India / General Home Cooking,Snack (Fried),Veg,A vegetarian snack.,Mixed Vegetables,,673.81,1.94,5.12,71.86,0.38,1.13,65.35,9.55,0.46,21.46,143.18,"Mixed Vegetables, Gram Flour (Besan)/Refined Flour, Oil (for frying), Spices, Salt","Mixed Vegetables (Balances doshas when eaten fresh and in moderation); Gram Flour (Besan)/Refined Flour (Guru, heavier to digest, best in moderation); Oil (for frying) (Snigdha, unctuous, balances Vata); Spices (Balances doshas when eaten fresh and in moderation); Salt (Ushna, enhances taste, balances electrolytes)"
Mixed vegetable pickle (Sabziyoon ka achaar),Pan-India / General Home Cooking,Pickle/Preserve,Veg,A vegetarian pickle/preserve.,Mixed Vegetables,,211.2,1.9,7.48,19.68,2.77,2.76,2488.32,42.81,2.12,,,"Mixed Vegetables, Oil, Mustard Seeds, Turmeric, Red Chilli Powder, Salt","Mixed Vegetables (Balances doshas when eaten fresh and in moderation); Oil (Snigdha, unctuous, balances Vata); Mustard Seeds (Ushna, stimulates digestion); Turmeric (Ushna, anti-inflammatory, purifies blood); Red Chilli Powder (Ushna, heating, use sparingly for Pitta); Salt (Ushna, enhances taste, balances electrolytes)"
Mixed vegetable pulao,Pan-India / General Home Cooking,Rice Dish,Veg,A vegetarian rice dish.,Mixed Vegetables,,113.05,2.72,17.49,3.33,1.35,2.67,187.92,19.61,0.6,26.15,80.63,"Mixed Vegetables, Rice, Oil/Ghee, Whole Spices, Salt","Mixed Vegetables (Balances doshas when eaten fresh and in moderation); Rice (Laghu, easy to digest, balances Kapha); Oil/Ghee (Snigdha, unctuous, balances Vata and nourishes tissues); Whole Spices (Ushna, kindles Agni, aids digestion); Salt (Ushna, enhances taste, balances electrolytes)"
Mooli bhujia,Pan-India / General Home Cooking,Curry/Gravy,Veg,A vegetarian curry/gravy typically made with radish.,Radish,,91.2,1.69,4.74,7.25,1.07,2.36,89.73,131.88,2.37,80.77,75.87,"Radish, Onion, Tomato, Ginger-Garlic Paste, Oil/Ghee, Turmeric, Red Chilli Powder, Garam Masala, Salt","Radish (Balances doshas when eaten fresh and in moderation); Onion (Ushna, stimulates Agni, balances Kapha and Vata); Tomato (Amla, sour, stimulates digestion, use sparingly for Pitta); Ginger-Garlic Paste (Ushna, kindles Agni, aids digestion); Oil/Ghee (Snigdha, unctuous, balances Vata and nourishes tissues); Turmeric (Ushna, anti-inflammatory, purifies blood); Red Chilli Powder (Ushna, heating, use sparingly for Pitta); Garam Masala (Ushna, kindles Agni, aids digestion); Salt (Ushna, enhances taste, balances electrolytes)"
Moong bean dosa (Pesarattu),Pan-India / General Home Cooking,Breakfast/Tiffin,Veg,A vegetarian breakfast/tiffin typically made with moong dal.,Moong Dal,,285.96,12.32,31.91,11.67,2.9,6.04,61.36,36.44,3.38,1.48,14.32,"Moong Dal, Salt, Oil, Mixed Spices","Moong Dal (Laghu, protein-rich, balances Kapha); Salt (Ushna, enhances taste, balances electrolytes); Oil (Snigdha, unctuous, balances Vata); Mixed Spices (Ushna, kindles Agni, aids digestion)"
Moong dal halwa,Pan-India / General Home Cooking,Sweet,Veg,A vegetarian sweet typically made with moong dal.,Moong Dal,,349.8,8.35,40.23,17.68,25.59,2.65,11.19,110.4,1.51,0.03,34.53,"Moong Dal, Sugar, Ghee, Milk/Khoya, Cardamom","Moong Dal (Laghu, protein-rich, balances Kapha); Sugar (Guru, Madhura, builds Ojas but heavy for Kapha); Ghee (Snigdha, unctuous, balances Vata and nourishes tissues); Milk/Khoya (Guru, Shita, cooling and building, balances Pitta); Cardamom (Ushna, aromatic, soothes digestion)"
Moong dal kheer,Pan-India / General Home Cooking,Sweet,Veg,A vegetarian sweet typically made with moong dal.,Moong Dal,,77.16,2.95,9.89,2.97,7.92,0.4,16.34,75.66,0.28,5.06,32.3,"Moong Dal, Sugar, Ghee, Milk/Khoya, Cardamom","Moong Dal (Laghu, protein-rich, balances Kapha); Sugar (Guru, Madhura, builds Ojas but heavy for Kapha); Ghee (Snigdha, unctuous, balances Vata and nourishes tissues); Milk/Khoya (Guru, Shita, cooling and building, balances Pitta); Cardamom (Ushna, aromatic, soothes digestion)"
Moong dal mixture,Pan-India / General Home Cooking,Curry/Gravy,Veg,A vegetarian curry/gravy typically made with moong dal.,Moong Dal,,158.84,4.62,33.93,1.0,24.68,1.9,29.6,70.53,1.25,,,"Moong Dal, Onion, Tomato, Ginger-Garlic Paste, Oil/Ghee, Turmeric, Red Chilli Powder, Garam Masala, Salt","Moong Dal (Laghu, protein-rich, balances Kapha); Onion (Ushna, stimulates Agni, balances Kapha and Vata); Tomato (Amla, sour, stimulates digestion, use sparingly for Pitta); Ginger-Garlic Paste (Ushna, kindles Agni, aids digestion); Oil/Ghee (Snigdha, unctuous, balances Vata and nourishes tissues); Turmeric (Ushna, anti-inflammatory, purifies blood); Red Chilli Powder (Ushna, heating, use sparingly for Pitta); Garam Masala (Ushna, kindles Agni, aids digestion); Salt (Ushna, enhances taste, balances electrolytes)"
Moong dal stuffed cheela/chilla (Moong dal ka cheela/chilla),Pan-India / General Home Cooking,Breakfast/Tiffin (Pancake),Veg,A vegetarian breakfast/tiffin typically made with moong dal.,Moong Dal,,154.89,6.97,19.42,5.11,1.11,4.25,267.23,39.34,2.22,34.81,79.95,"Moong Dal, Refined Flour (Maida), Sugar, Butter, Egg, Baking Powder, Milk","Moong Dal (Laghu, protein-rich, balances Kapha); Refined Flour (Maida) (Guru, heavier to digest, best in moderation); Sugar (Guru, Madhura, builds Ojas but heavy for Kapha); Butter (Snigdha, unctuous, balances Vata); Egg (Guru, Ushna, builds strength, use moderately for Pitta); Baking Powder (Neutral, leavening agent); Milk (Guru, Shita, cooling and building, balances Pitta)"
Moong dal with vadi,Pan-India / General Home Cooking,Curry/Gravy,Veg,A vegetarian curry/gravy typically made with moong dal.,Moong Dal,,24.08,0.4,1.0,2.05,0.45,0.39,112.36,2.99,0.18,10.19,11.52,"Moong Dal, Onion, Tomato, Ginger-Garlic Paste, Oil/Ghee, Turmeric, Red Chilli Powder, Garam Masala, Salt","Moong Dal (Laghu, protein-rich, balances Kapha); Onion (Ushna, stimulates Agni, balances Kapha and Vata); Tomato (Amla, sour, stimulates digestion, use sparingly for Pitta); Ginger-Garlic Paste (Ushna, kindles Agni, aids digestion); Oil/Ghee (Snigdha, unctuous, balances Vata and nourishes tissues); Turmeric (Ushna, anti-inflammatory, purifies blood); Red Chilli Powder (Ushna, heating, use sparingly for Pitta); Garam Masala (Ushna, kindles Agni, aids digestion); Salt (Ushna, enhances taste, balances electrolytes)"
Murmura (Puffed rice),Pan-India / General Home Cooking,Snack (Dry/Namkeen),Veg,A vegetarian snack typically made with rice.,Rice,,113.32,3.62,15.67,4.04,7.31,0.28,22.52,103.79,0.63,4.82,16.87,"Rice, Gram Flour (Besan), Oil, Spices, Salt","Rice (Laghu, easy to digest, balances Kapha); Gram Flour (Besan) (Laghu, light, balances Kapha); Oil (Snigdha, unctuous, balances Vata); Spices (Balances doshas when eaten fresh and in moderation); Salt (Ushna, enhances taste, balances electrolytes)"
Murmura chikki,Pan-India / General Home Cooking,Sweet,Veg,A vegetarian sweet.,Puffed Rice,,253.82,2.12,59.59,0.32,48.27,0.37,15.03,63.3,3.3,0.0,2.16,"Puffed Rice, Sugar, Ghee, Milk/Khoya, Cardamom","Puffed Rice (Laghu, easy to digest, balances Kapha); Sugar (Guru, Madhura, builds Ojas but heavy for Kapha); Ghee (Snigdha, unctuous, balances Vata and nourishes tissues); Milk/Khoya (Guru, Shita, cooling and building, balances Pitta); Cardamom (Ushna, aromatic, soothes digestion)"
Mushroom matar,Pan-India / General Home Cooking,Curry/Gravy,Veg,"A vegetarian curry/gravy typically made with green peas, mushroom.","Green Peas, Mushroom",,70.77,2.79,5.33,4.11,1.39,3.13,61.63,21.42,0.81,39.15,54.07,"Green Peas, Mushroom, Onion, Tomato, Ginger-Garlic Paste, Oil/Ghee, Turmeric, Red Chilli Powder, Garam Masala, Salt","Green Peas (Balances doshas when eaten fresh and in moderation); Mushroom (Balances doshas when eaten fresh and in moderation); Onion (Ushna, stimulates Agni, balances Kapha and Vata); Tomato (Amla, sour, stimulates digestion, use sparingly for Pitta); Ginger-Garlic Paste (Ushna, kindles Agni, aids digestion); Oil/Ghee (Snigdha, unctuous, balances Vata and nourishes tissues); Turmeric (Ushna, anti-inflammatory, purifies blood); Red Chilli Powder (Ushna, heating, use sparingly for Pitta); Garam Masala (Ushna, kindles Agni, aids digestion); Salt (Ushna, enhances taste, balances electrolytes)"
Mushroom pulao,Pan-India / General Home Cooking,Rice Dish,Veg,A vegetarian rice dish typically made with mushroom.,Mushroom,,124.29,2.52,19.02,4.03,1.0,1.88,222.36,13.54,0.39,3.42,26.77,"Mushroom, Rice, Oil/Ghee, Whole Spices, Salt","Mushroom (Balances doshas when eaten fresh and in moderation); Rice (Laghu, easy to digest, balances Kapha); Oil/Ghee (Snigdha, unctuous, balances Vata and nourishes tissues); Whole Spices (Ushna, kindles Agni, aids digestion); Salt (Ushna, enhances taste, balances electrolytes)"
Mustard seeds baghar (Mustard seed tadka),Pan-India / General Home Cooking,Side/Condiment (Tempering/Spice Mix),Veg,A vegetarian side/condiment typically made with mustard.,Mustard,,552.59,4.73,10.45,54.3,1.14,9.74,8.9,182.93,4.14,,,"Mustard, Salt, Pepper, Oil/Butter, Mustard Seeds, Cumin Seeds, Dry Red Chilli, Oil","Mustard (Balances doshas when eaten fresh and in moderation); Salt (Ushna, enhances taste, balances electrolytes); Pepper (Ushna, heating, clears Kapha); Oil/Butter (Snigdha, unctuous, balances Vata); Mustard Seeds (Ushna, stimulates digestion); Cumin Seeds (Ushna, kindles Agni, eases digestion); Dry Red Chilli (Ushna, heating, use sparingly for Pitta); Oil (Snigdha, unctuous, balances Vata)"
Mutton chops,Pan-India / General Home Cooking,Snack/Starter (Grilled),Non-Veg,A non-vegetarian snack/starter typically made with mutton.,Mutton,,663.64,4.03,1.48,71.31,0.42,0.17,51.03,36.18,0.64,3.75,16.68,"Mutton, Yogurt, Ginger-Garlic Paste, Spices, Oil","Mutton (Guru, Ushna, heavy and warming); Yogurt (Amla, Guru, sour and cooling in moderation); Ginger-Garlic Paste (Ushna, kindles Agni, aids digestion); Spices (Balances doshas when eaten fresh and in moderation); Oil (Snigdha, unctuous, balances Vata)"
Mutton do piaza,Pan-India / General Home Cooking,Curry/Gravy,Non-Veg,A non-vegetarian curry/gravy typically made with mutton.,Mutton,,183.3,9.39,4.14,14.41,2.9,1.93,118.62,118.61,1.63,7.42,67.3,"Mutton, Onion, Tomato, Ginger-Garlic Paste, Oil/Ghee, Turmeric, Red Chilli Powder, Garam Masala, Salt","Mutton (Guru, Ushna, heavy and warming); Onion (Ushna, stimulates Agni, balances Kapha and Vata); Tomato (Amla, sour, stimulates digestion, use sparingly for Pitta); Ginger-Garlic Paste (Ushna, kindles Agni, aids digestion); Oil/Ghee (Snigdha, unctuous, balances Vata and nourishes tissues); Turmeric (Ushna, anti-inflammatory, purifies blood); Red Chilli Powder (Ushna, heating, use sparingly for Pitta); Garam Masala (Ushna, kindles Agni, aids digestion); Salt (Ushna, enhances taste, balances electrolytes)"
Mutton pulao,Pan-India / General Home Cooking,Rice Dish,Non-Veg,A non-vegetarian rice dish typically made with mutton.,Mutton,,130.77,6.52,11.26,10.78,1.0,1.65,3115.59,49.87,1.25,4.47,39.34,"Mutton, Rice, Oil/Ghee, Whole Spices, Salt","Mutton (Guru, Ushna, heavy and warming); Rice (Laghu, easy to digest, balances Kapha); Oil/Ghee (Snigdha, unctuous, balances Vata and nourishes tissues); Whole Spices (Ushna, kindles Agni, aids digestion); Salt (Ushna, enhances taste, balances electrolytes)"
Naan,Pan-India / General Home Cooking,Bread/Roti,Veg,A vegetarian bread/roti.,Refined Flour (Maida),,286.45,8.05,51.75,4.99,5.59,1.91,326.11,88.01,1.29,0.23,7.56,"Refined Flour (Maida), Wheat Flour, Salt, Water, Oil/Ghee","Refined Flour (Maida) (Guru, heavier to digest, best in moderation); Wheat Flour (Guru, nourishing, grounds Vata); Salt (Ushna, enhances taste, balances electrolytes); Water (Balances doshas when eaten fresh and in moderation); Oil/Ghee (Snigdha, unctuous, balances Vata and nourishes tissues)"
Namkeen daliya,Pan-India / General Home Cooking,Breakfast (Porridge/Cereal),Veg,A vegetarian breakfast.,Broken Wheat (Daliya),,295.11,8.29,49.32,7.99,0.82,8.57,149.63,35.98,2.99,6.88,6.32,"Broken Wheat (Daliya), Milk/Water, Sugar, Salt","Broken Wheat (Daliya) (Balances doshas when eaten fresh and in moderation); Milk/Water (Guru, Shita, cooling and building, balances Pitta); Sugar (Guru, Madhura, builds Ojas but heavy for Kapha); Salt (Ushna, enhances taste, balances electrolytes)"
Nannari sharbat,Pan-India / General Home Cooking,Beverage (Juice/Cooler),Veg,A vegetarian beverage.,Sarsaparilla (Nannari),,88.79,0.01,23.62,0.01,23.58,0.0,1.16,2.67,0.05,9.92,2.29,"Sarsaparilla (Nannari), Water, Sugar, Ice","Sarsaparilla (Nannari) (Balances doshas when eaten fresh and in moderation); Water (Balances doshas when eaten fresh and in moderation); Sugar (Guru, Madhura, builds Ojas but heavy for Kapha); Ice (Balances doshas when eaten fresh and in moderation)"
Navratan pulao,Pan-India / General Home Cooking,Rice Dish,Veg,A vegetarian rice dish.,Mixed Vegetables,,261.71,6.2,36.98,9.45,2.52,3.82,334.26,59.61,1.1,12.89,46.97,"Mixed Vegetables, Rice, Oil/Ghee, Whole Spices, Salt","Mixed Vegetables (Balances doshas when eaten fresh and in moderation); Rice (Laghu, easy to digest, balances Kapha); Oil/Ghee (Snigdha, unctuous, balances Vata and nourishes tissues); Whole Spices (Ushna, kindles Agni, aids digestion); Salt (Ushna, enhances taste, balances electrolytes)"
Oatmeal Porridge,Pan-India / General Home Cooking,Breakfast (Porridge/Cereal),Veg,A vegetarian breakfast.,Oats,,72.85,2.6,8.77,3.22,5.2,0.39,16.14,76.83,0.28,5.03,23.98,"Oats, Milk/Water, Sugar, Salt","Oats (Balances doshas when eaten fresh and in moderation); Milk/Water (Guru, Shita, cooling and building, balances Pitta); Sugar (Guru, Madhura, builds Ojas but heavy for Kapha); Salt (Ushna, enhances taste, balances electrolytes)"
Oats burfi,Pan-India / General Home Cooking,Sweet,Veg,A vegetarian sweet typically made with oats.,Oats,,425.19,8.89,62.47,17.27,32.93,4.96,8.15,128.58,2.46,0.06,17.81,"Oats, Sugar, Ghee, Milk/Khoya, Cardamom","Oats (Balances doshas when eaten fresh and in moderation); Sugar (Guru, Madhura, builds Ojas but heavy for Kapha); Ghee (Snigdha, unctuous, balances Vata and nourishes tissues); Milk/Khoya (Guru, Shita, cooling and building, balances Pitta); Cardamom (Ushna, aromatic, soothes digestion)"
Okra/Lady's fingers fry (Bhindi sabzi/sabji/subji),Pan-India / General Home Cooking,Curry/Gravy,Veg,A vegetarian curry/gravy typically made with okra.,Okra,,110.81,1.83,4.5,9.27,1.42,3.57,92.78,67.88,0.88,29.07,85.27,"Okra, Onion, Tomato, Ginger-Garlic Paste, Oil/Ghee, Turmeric, Red Chilli Powder, Garam Masala, Salt","Okra (Laghu, light, supports digestion); Onion (Ushna, stimulates Agni, balances Kapha and Vata); Tomato (Amla, sour, stimulates digestion, use sparingly for Pitta); Ginger-Garlic Paste (Ushna, kindles Agni, aids digestion); Oil/Ghee (Snigdha, unctuous, balances Vata and nourishes tissues); Turmeric (Ushna, anti-inflammatory, purifies blood); Red Chilli Powder (Ushna, heating, use sparingly for Pitta); Garam Masala (Ushna, kindles Agni, aids digestion); Salt (Ushna, enhances taste, balances electrolytes)"
Onion chutney (Pyaaz ki chutney/Vengaya chutney),Pan-India / General Home Cooking,Chutney/Condiment,Veg,A vegetarian chutney/condiment typically made with onion.,Onion,,143.94,2.97,13.52,8.38,6.8,4.6,256.89,28.5,1.19,2.83,17.03,"Onion, Green Chilli, Salt, Spices, Oil (tempering), Pepper, Oil/Butter","Onion (Ushna, stimulates Agni, balances Kapha and Vata); Green Chilli (Ushna, use sparingly for Pitta); Salt (Ushna, enhances taste, balances electrolytes); Spices (Balances doshas when eaten fresh and in moderation); Oil (tempering) (Snigdha, unctuous, balances Vata); Pepper (Ushna, heating, clears Kapha); Oil/Butter (Snigdha, unctuous, balances Vata)"
Onion pakora/pakoda (Pyaaz ke pakode),Pan-India / General Home Cooking,Snack (Fried),Veg,A vegetarian snack typically made with onion.,Onion,,674.61,1.9,5.41,71.84,0.88,1.11,63.55,7.95,0.36,5.36,119.81,"Onion, Gram Flour (Besan)/Refined Flour, Oil (for frying), Spices, Salt","Onion (Ushna, stimulates Agni, balances Kapha and Vata); Gram Flour (Besan)/Refined Flour (Guru, heavier to digest, best in moderation); Oil (for frying) (Snigdha, unctuous, balances Vata); Spices (Balances doshas when eaten fresh and in moderation); Salt (Ushna, enhances taste, balances electrolytes)"
Onion raita (Pyaaz ka raita),Pan-India / General Home Cooking,Curry/Side (Raita),Veg,A vegetarian curry/side typically made with onion.,Onion,,71.56,4.86,7.86,2.43,7.07,0.65,189.96,163.8,0.3,8.44,32.13,"Onion, Tomato, Ginger-Garlic Paste, Oil/Ghee, Turmeric, Red Chilli Powder, Garam Masala, Salt, Yogurt, Roasted Cumin Powder, Coriander Leaves","Onion (Ushna, stimulates Agni, balances Kapha and Vata); Tomato (Amla, sour, stimulates digestion, use sparingly for Pitta); Ginger-Garlic Paste (Ushna, kindles Agni, aids digestion); Oil/Ghee (Snigdha, unctuous, balances Vata and nourishes tissues); Turmeric (Ushna, anti-inflammatory, purifies blood); Red Chilli Powder (Ushna, heating, use sparingly for Pitta); Garam Masala (Ushna, kindles Agni, aids digestion); Salt (Ushna, enhances taste, balances electrolytes); Yogurt (Amla, Guru, sour and cooling in moderation); Roasted Cumin Powder (Ushna, kindles Agni, eases digestion); Coriander Leaves (Shita, cooling, soothes Pitta)"
Onion tomato baghar (Pyaaz tamatar ka tadka),Pan-India / General Home Cooking,Side/Condiment (Tempering/Spice Mix),Veg,"A vegetarian side/condiment typically made with tomato, onion, green peas.","Tomato, Onion, Green Peas",,137.52,1.26,6.17,11.98,3.51,2.12,31.33,20.45,0.63,,,"Tomato, Onion, Green Peas, Salt, Pepper, Oil/Butter, Mustard Seeds, Cumin Seeds, Dry Red Chilli, Oil","Tomato (Amla, sour, stimulates digestion, use sparingly for Pitta); Onion (Ushna, stimulates Agni, balances Kapha and Vata); Green Peas (Balances doshas when eaten fresh and in moderation); Salt (Ushna, enhances taste, balances electrolytes); Pepper (Ushna, heating, clears Kapha); Oil/Butter (Snigdha, unctuous, balances Vata); Mustard Seeds (Ushna, stimulates digestion); Cumin Seeds (Ushna, kindles Agni, eases digestion); Dry Red Chilli (Ushna, heating, use sparingly for Pitta); Oil (Snigdha, unctuous, balances Vata)"
Onion tomato uttapam,Pan-India / General Home Cooking,Breakfast/Tiffin,Veg,"A vegetarian breakfast/tiffin typically made with tomato, onion.","Tomato, Onion",,462.02,1.91,11.32,45.3,0.8,1.26,143.53,5.82,0.36,4.78,11.68,"Tomato, Onion, Salt, Oil, Mixed Spices","Tomato (Amla, sour, stimulates digestion, use sparingly for Pitta); Onion (Ushna, stimulates Agni, balances Kapha and Vata); Salt (Ushna, enhances taste, balances electrolytes); Oil (Snigdha, unctuous, balances Vata); Mixed Spices (Ushna, kindles Agni, aids digestion)"
Onion-green chilli parantha/paratha (Pyaaz aur hari mirch ka parantha/paratha),Pan-India / General Home Cooking,Breakfast/Tiffin,Veg,"A vegetarian breakfast/tiffin typically made with onion, chili.","Onion, Chili",,191.27,4.37,26.37,7.27,2.71,5.16,241.19,24.91,1.81,3.05,16.17,"Onion, Chili, Salt, Oil, Mixed Spices","Onion (Ushna, stimulates Agni, balances Kapha and Vata); Chili (Balances doshas when eaten fresh and in moderation); Salt (Ushna, enhances taste, balances electrolytes); Oil (Snigdha, unctuous, balances Vata); Mixed Spices (Ushna, kindles Agni, aids digestion)"
Orange and pineapple cream,Pan-India / General Home Cooking,Dessert (Souffle/Custard/Pudding),Veg,"A vegetarian dessert typically made with orange, pineapple, cream.","Orange, Pineapple, Cream",,101.18,1.44,11.96,5.43,11.37,1.03,10.17,35.0,0.41,19.89,10.56,"Orange, Pineapple, Cream, Milk, Sugar, Egg, Cornflour","Orange (Balances doshas when eaten fresh and in moderation); Pineapple (Laghu, Shita, cooling and light); Cream (Guru, Snigdha, heavy and nourishing); Milk (Guru, Shita, cooling and building, balances Pitta); Sugar (Guru, Madhura, builds Ojas but heavy for Kapha); Egg (Guru, Ushna, builds strength, use moderately for Pitta); Cornflour (Balances doshas when eaten fresh and in moderation)"
Orange cream flan,Pan-India / General Home Cooking,Bakery (Cake/Pastry),Veg,"A vegetarian bakery typically made with orange, cream.","Orange, Cream",,280.28,4.73,36.16,13.59,25.27,0.63,82.41,27.9,0.93,43.79,76.78,"Orange, Cream, Refined Flour (Maida), Sugar, Butter, Egg, Baking Powder, Milk","Orange (Balances doshas when eaten fresh and in moderation); Cream (Guru, Snigdha, heavy and nourishing); Refined Flour (Maida) (Guru, heavier to digest, best in moderation); Sugar (Guru, Madhura, builds Ojas but heavy for Kapha); Butter (Snigdha, unctuous, balances Vata); Egg (Guru, Ushna, builds strength, use moderately for Pitta); Baking Powder (Neutral, leavening agent); Milk (Guru, Shita, cooling and building, balances Pitta)"
Orange gateau,Pan-India / General Home Cooking,Bakery (Cake/Pastry),Veg,A vegetarian bakery typically made with orange.,Orange,,178.05,4.78,27.01,6.02,18.33,0.68,80.41,41.69,0.89,10.49,15.12,"Orange, Refined Flour (Maida), Sugar, Butter, Egg, Baking Powder, Milk","Orange (Balances doshas when eaten fresh and in moderation); Refined Flour (Maida) (Guru, heavier to digest, best in moderation); Sugar (Guru, Madhura, builds Ojas but heavy for Kapha); Butter (Snigdha, unctuous, balances Vata); Egg (Guru, Ushna, builds strength, use moderately for Pitta); Baking Powder (Neutral, leavening agent); Milk (Guru, Shita, cooling and building, balances Pitta)"
Orange marmalade (Santray ka murabba),Pan-India / General Home Cooking,Pickle/Preserve,Veg,A vegetarian pickle/preserve typically made with orange.,Orange,,104.17,0.66,25.94,0.13,25.09,1.97,2.31,17.59,0.63,,,"Orange, Oil, Mustard Seeds, Turmeric, Red Chilli Powder, Salt","Orange (Balances doshas when eaten fresh and in moderation); Oil (Snigdha, unctuous, balances Vata); Mustard Seeds (Ushna, stimulates digestion); Turmeric (Ushna, anti-inflammatory, purifies blood); Red Chilli Powder (Ushna, heating, use sparingly for Pitta); Salt (Ushna, enhances taste, balances electrolytes)"
Orange souffle,Pan-India / General Home Cooking,Dessert (Souffle/Custard/Pudding),Veg,A vegetarian dessert typically made with orange.,Orange,,168.28,6.8,14.2,9.73,12.31,0.22,49.22,59.04,0.65,19.16,37.93,"Orange, Milk, Sugar, Egg, Cornflour","Orange (Balances doshas when eaten fresh and in moderation); Milk (Guru, Shita, cooling and building, balances Pitta); Sugar (Guru, Madhura, builds Ojas but heavy for Kapha); Egg (Guru, Ushna, builds strength, use moderately for Pitta); Cornflour (Balances doshas when eaten fresh and in moderation)"
Orange squash (Santre ka squash),Pan-India / General Home Cooking,Beverage (Juice/Cooler),Veg,A vegetarian beverage typically made with orange.,Orange,,193.26,0.22,50.88,0.04,50.56,0.4,14.85,10.62,0.34,,,"Orange, Water, Sugar, Ice","Orange (Balances doshas when eaten fresh and in moderation); Water (Balances doshas when eaten fresh and in moderation); Sugar (Guru, Madhura, builds Ojas but heavy for Kapha); Ice (Balances doshas when eaten fresh and in moderation)"
Paaner do pyaza,Pan-India / General Home Cooking,Curry/Gravy,Veg,A vegetarian curry/gravy.,Paneer,,127.7,4.22,3.41,10.87,2.2,0.84,160.66,57.22,0.45,16.81,35.64,"Paneer, Onion, Tomato, Ginger-Garlic Paste, Oil/Ghee, Turmeric, Red Chilli Powder, Garam Masala, Salt","Paneer (Guru, Snigdha, cooling and nourishing); Onion (Ushna, stimulates Agni, balances Kapha and Vata); Tomato (Amla, sour, stimulates digestion, use sparingly for Pitta); Ginger-Garlic Paste (Ushna, kindles Agni, aids digestion); Oil/Ghee (Snigdha, unctuous, balances Vata and nourishes tissues); Turmeric (Ushna, anti-inflammatory, purifies blood); Red Chilli Powder (Ushna, heating, use sparingly for Pitta); Garam Masala (Ushna, kindles Agni, aids digestion); Salt (Ushna, enhances taste, balances electrolytes)"
Paneer and pea samosa (Paneer matar ka samosa),Pan-India / General Home Cooking,Snack (Fried),Veg,"A vegetarian snack typically made with green peas, paneer.","Green Peas, Paneer",,623.81,4.02,8.55,63.65,1.69,1.02,78.18,64.56,0.53,6.67,26.39,"Green Peas, Paneer, Gram Flour (Besan)/Refined Flour, Oil (for frying), Spices, Salt","Green Peas (Balances doshas when eaten fresh and in moderation); Paneer (Guru, Snigdha, cooling and nourishing); Gram Flour (Besan)/Refined Flour (Guru, heavier to digest, best in moderation); Oil (for frying) (Snigdha, unctuous, balances Vata); Spices (Balances doshas when eaten fresh and in moderation); Salt (Ushna, enhances taste, balances electrolytes)"
Paneer curry,Pan-India / General Home Cooking,Curry/Gravy,Veg,A vegetarian curry/gravy typically made with paneer.,Paneer,,176.52,7.8,8.4,12.38,6.29,1.4,216.09,189.06,0.81,20.04,95.56,"Paneer, Onion, Tomato, Ginger-Garlic Paste, Oil/Ghee, Turmeric, Red Chilli Powder, Garam Masala, Salt","Paneer (Guru, Snigdha, cooling and nourishing); Onion (Ushna, stimulates Agni, balances Kapha and Vata); Tomato (Amla, sour, stimulates digestion, use sparingly for Pitta); Ginger-Garlic Paste (Ushna, kindles Agni, aids digestion); Oil/Ghee (Snigdha, unctuous, balances Vata and nourishes tissues); Turmeric (Ushna, anti-inflammatory, purifies blood); Red Chilli Powder (Ushna, heating, use sparingly for Pitta); Garam Masala (Ushna, kindles Agni, aids digestion); Salt (Ushna, enhances taste, balances electrolytes)"
Paneer kaathi roll,Pan-India / General Home Cooking,Snack (Fried),Veg,A vegetarian snack typically made with paneer.,Paneer,,285.94,6.92,20.1,19.55,3.29,2.4,221.03,101.66,1.42,18.67,54.04,"Paneer, Gram Flour (Besan)/Refined Flour, Oil (for frying), Spices, Salt","Paneer (Guru, Snigdha, cooling and nourishing); Gram Flour (Besan)/Refined Flour (Guru, heavier to digest, best in moderation); Oil (for frying) (Snigdha, unctuous, balances Vata); Spices (Balances doshas when eaten fresh and in moderation); Salt (Ushna, enhances taste, balances electrolytes)"
Paneer kheer,Pan-India / General Home Cooking,Sweet,Veg,A vegetarian sweet typically made with paneer.,Paneer,,105.31,4.53,10.03,5.37,9.87,0.07,23.81,144.66,0.26,5.06,41.81,"Paneer, Sugar, Ghee, Milk/Khoya, Cardamom","Paneer (Guru, Snigdha, cooling and nourishing); Sugar (Guru, Madhura, builds Ojas but heavy for Kapha); Ghee (Snigdha, unctuous, balances Vata and nourishes tissues); Milk/Khoya (Guru, Shita, cooling and building, balances Pitta); Cardamom (Ushna, aromatic, soothes digestion)"
Paneer kofta curry,Pan-India / General Home Cooking,Curry/Gravy,Veg,A vegetarian curry/gravy typically made with paneer.,Paneer,,670.91,2.39,3.27,72.06,1.98,0.4,121.72,59.49,0.34,17.06,97.75,"Paneer, Onion, Tomato, Ginger-Garlic Paste, Oil/Ghee, Turmeric, Red Chilli Powder, Garam Masala, Salt","Paneer (Guru, Snigdha, cooling and nourishing); Onion (Ushna, stimulates Agni, balances Kapha and Vata); Tomato (Amla, sour, stimulates digestion, use sparingly for Pitta); Ginger-Garlic Paste (Ushna, kindles Agni, aids digestion); Oil/Ghee (Snigdha, unctuous, balances Vata and nourishes tissues); Turmeric (Ushna, anti-inflammatory, purifies blood); Red Chilli Powder (Ushna, heating, use sparingly for Pitta); Garam Masala (Ushna, kindles Agni, aids digestion); Salt (Ushna, enhances taste, balances electrolytes)"
Paneer lababdar,Pan-India / General Home Cooking,Curry/Gravy,Veg,A vegetarian curry/gravy typically made with paneer.,Paneer,,105.48,3.98,3.37,8.46,1.96,1.16,142.45,55.56,0.56,27.48,56.6,"Paneer, Onion, Tomato, Ginger-Garlic Paste, Oil/Ghee, Turmeric, Red Chilli Powder, Garam Masala, Salt","Paneer (Guru, Snigdha, cooling and nourishing); Onion (Ushna, stimulates Agni, balances Kapha and Vata); Tomato (Amla, sour, stimulates digestion, use sparingly for Pitta); Ginger-Garlic Paste (Ushna, kindles Agni, aids digestion); Oil/Ghee (Snigdha, unctuous, balances Vata and nourishes tissues); Turmeric (Ushna, anti-inflammatory, purifies blood); Red Chilli Powder (Ushna, heating, use sparingly for Pitta); Garam Masala (Ushna, kindles Agni, aids digestion); Salt (Ushna, enhances taste, balances electrolytes)"
Paneer pakora/pakoda,Pan-India / General Home Cooking,Snack (Fried),Veg,A vegetarian snack typically made with paneer.,Paneer,,718.12,3.27,5.52,76.05,1.08,0.89,131.7,43.38,0.43,0.07,143.43,"Paneer, Gram Flour (Besan)/Refined Flour, Oil (for frying), Spices, Salt","Paneer (Guru, Snigdha, cooling and nourishing); Gram Flour (Besan)/Refined Flour (Guru, heavier to digest, best in moderation); Oil (for frying) (Snigdha, unctuous, balances Vata); Spices (Balances doshas when eaten fresh and in moderation); Salt (Ushna, enhances taste, balances electrolytes)"
Paneer parantha/paratha,Pan-India / General Home Cooking,Breakfast/Tiffin,Veg,A vegetarian breakfast/tiffin typically made with paneer.,Paneer,,262.97,7.98,24.33,14.62,3.77,4.0,142.52,127.65,1.7,1.69,29.0,"Paneer, Salt, Oil, Mixed Spices","Paneer (Guru, Snigdha, cooling and nourishing); Salt (Ushna, enhances taste, balances electrolytes); Oil (Snigdha, unctuous, balances Vata); Mixed Spices (Ushna, kindles Agni, aids digestion)"
Paneer patties,Pan-India / General Home Cooking,Snack (Fried),Veg,A vegetarian snack typically made with paneer.,Paneer,,338.58,7.6,22.79,23.96,4.04,1.18,158.44,129.9,0.79,3.3,31.26,"Paneer, Gram Flour (Besan)/Refined Flour, Oil (for frying), Spices, Salt","Paneer (Guru, Snigdha, cooling and nourishing); Gram Flour (Besan)/Refined Flour (Guru, heavier to digest, best in moderation); Oil (for frying) (Snigdha, unctuous, balances Vata); Spices (Balances doshas when eaten fresh and in moderation); Salt (Ushna, enhances taste, balances electrolytes)"
Paneer pulao,Pan-India / General Home Cooking,Rice Dish,Veg,A vegetarian rice dish typically made with paneer.,Paneer,,581.91,1.98,8.76,59.81,1.11,0.62,72.28,33.09,0.26,3.42,69.28,"Paneer, Rice, Oil/Ghee, Whole Spices, Salt","Paneer (Guru, Snigdha, cooling and nourishing); Rice (Laghu, easy to digest, balances Kapha); Oil/Ghee (Snigdha, unctuous, balances Vata and nourishes tissues); Whole Spices (Ushna, kindles Agni, aids digestion); Salt (Ushna, enhances taste, balances electrolytes)"
Paneer shaslik/tikka,Pan-India / General Home Cooking,Snack/Starter (Grilled),Veg,A vegetarian snack/starter typically made with paneer.,Paneer,,93.85,5.11,7.98,4.49,4.61,1.23,103.39,123.86,0.68,107.71,174.74,"Paneer, Yogurt, Ginger-Garlic Paste, Spices, Oil","Paneer (Guru, Snigdha, cooling and nourishing); Yogurt (Amla, Guru, sour and cooling in moderation); Ginger-Garlic Paste (Ushna, kindles Agni, aids digestion); Spices (Balances doshas when eaten fresh and in moderation); Oil (Snigdha, unctuous, balances Vata)"
Paneer stuffed cheela/chilla,Pan-India / General Home Cooking,Breakfast/Tiffin (Pancake),Veg,A vegetarian breakfast/tiffin typically made with paneer.,Paneer,,205.19,11.44,19.16,8.89,3.81,4.03,289.1,151.3,2.41,19.76,116.52,"Paneer, Refined Flour (Maida), Sugar, Butter, Egg, Baking Powder, Milk","Paneer (Guru, Snigdha, cooling and nourishing); Refined Flour (Maida) (Guru, heavier to digest, best in moderation); Sugar (Guru, Madhura, builds Ojas but heavy for Kapha); Butter (Snigdha, unctuous, balances Vata); Egg (Guru, Ushna, builds strength, use moderately for Pitta); Baking Powder (Neutral, leavening agent); Milk (Guru, Shita, cooling and building, balances Pitta)"
Papdi,Pan-India / General Home Cooking,Snack (Dry/Namkeen),Veg,A vegetarian snack.,Refined Flour (Maida),,708.96,1.83,12.89,72.11,0.31,0.56,28.91,6.06,0.44,0.04,5.01,"Refined Flour (Maida), Gram Flour (Besan), Oil, Spices, Salt","Refined Flour (Maida) (Guru, heavier to digest, best in moderation); Gram Flour (Besan) (Laghu, light, balances Kapha); Oil (Snigdha, unctuous, balances Vata); Spices (Balances doshas when eaten fresh and in moderation); Salt (Ushna, enhances taste, balances electrolytes)"
Parsley potato,Pan-India / General Home Cooking,Curry/Gravy,Veg,A vegetarian curry/gravy typically made with potato.,Potato,,119.51,1.49,13.81,6.28,0.34,1.59,4.62,11.43,0.55,23.82,16.5,"Potato, Onion, Tomato, Ginger-Garlic Paste, Oil/Ghee, Turmeric, Red Chilli Powder, Garam Masala, Salt","Potato (Guru, Vata aggravating in excess); Onion (Ushna, stimulates Agni, balances Kapha and Vata); Tomato (Amla, sour, stimulates digestion, use sparingly for Pitta); Ginger-Garlic Paste (Ushna, kindles Agni, aids digestion); Oil/Ghee (Snigdha, unctuous, balances Vata and nourishes tissues); Turmeric (Ushna, anti-inflammatory, purifies blood); Red Chilli Powder (Ushna, heating, use sparingly for Pitta); Garam Masala (Ushna, kindles Agni, aids digestion); Salt (Ushna, enhances taste, balances electrolytes)"
Paushtik ladoo,Pan-India / General Home Cooking,Sweet,Veg,A vegetarian sweet.,Mixed Dry Fruits,,485.87,7.65,60.34,24.98,38.12,4.57,6.09,20.67,1.63,0.0,16.16,"Mixed Dry Fruits, Sugar, Ghee, Milk/Khoya, Cardamom","Mixed Dry Fruits (Balances doshas when eaten fresh and in moderation); Sugar (Guru, Madhura, builds Ojas but heavy for Kapha); Ghee (Snigdha, unctuous, balances Vata and nourishes tissues); Milk/Khoya (Guru, Shita, cooling and building, balances Pitta); Cardamom (Ushna, aromatic, soothes digestion)"
Paushtik roti,Pan-India / General Home Cooking,Bread/Roti,Veg,A vegetarian bread/roti.,Mixed Flours,,149.26,7.17,26.59,1.51,2.03,5.74,170.96,52.74,2.62,6.65,42.1,"Mixed Flours, Wheat Flour, Salt, Water, Oil/Ghee","Mixed Flours (Balances doshas when eaten fresh and in moderation); Wheat Flour (Guru, nourishing, grounds Vata); Salt (Ushna, enhances taste, balances electrolytes); Water (Balances doshas when eaten fresh and in moderation); Oil/Ghee (Snigdha, unctuous, balances Vata and nourishes tissues)"
Pav bhaji,Pan-India / General Home Cooking,Curry/Gravy,Veg,A vegetarian curry/gravy.,Mixed Vegetables,,96.53,2.66,11.99,4.32,2.06,1.98,163.89,24.86,0.97,76.48,170.49,"Mixed Vegetables, Onion, Tomato, Ginger-Garlic Paste, Oil/Ghee, Turmeric, Red Chilli Powder, Garam Masala, Salt","Mixed Vegetables (Balances doshas when eaten fresh and in moderation); Onion (Ushna, stimulates Agni, balances Kapha and Vata); Tomato (Amla, sour, stimulates digestion, use sparingly for Pitta); Ginger-Garlic Paste (Ushna, kindles Agni, aids digestion); Oil/Ghee (Snigdha, unctuous, balances Vata and nourishes tissues); Turmeric (Ushna, anti-inflammatory, purifies blood); Red Chilli Powder (Ushna, heating, use sparingly for Pitta); Garam Masala (Ushna, kindles Agni, aids digestion); Salt (Ushna, enhances taste, balances electrolytes)"
Pav bhaji masala,Pan-India / General Home Cooking,Curry/Gravy,Veg,A vegetarian curry/gravy.,Coriander Seeds,,230.47,9.13,29.15,10.96,1.48,24.3,1814.66,588.91,12.84,0.06,0.21,"Coriander Seeds, Onion, Tomato, Ginger-Garlic Paste, Oil/Ghee, Turmeric, Red Chilli Powder, Garam Masala, Salt","Coriander Seeds (Shita, cooling, soothes Pitta); Onion (Ushna, stimulates Agni, balances Kapha and Vata); Tomato (Amla, sour, stimulates digestion, use sparingly for Pitta); Ginger-Garlic Paste (Ushna, kindles Agni, aids digestion); Oil/Ghee (Snigdha, unctuous, balances Vata and nourishes tissues); Turmeric (Ushna, anti-inflammatory, purifies blood); Red Chilli Powder (Ushna, heating, use sparingly for Pitta); Garam Masala (Ushna, kindles Agni, aids digestion); Salt (Ushna, enhances taste, balances electrolytes)"
Pavlova,Pan-India / General Home Cooking,Dessert (Souffle/Custard/Pudding),Egg (Ovo-Veg),A vegetarian dessert.,Egg White,,200.6,1.84,21.84,12.29,20.37,0.06,26.34,23.0,0.25,23.78,19.18,"Egg White, Milk, Sugar, Egg, Cornflour","Egg White (Guru, Ushna, builds strength, use moderately for Pitta); Milk (Guru, Shita, cooling and building, balances Pitta); Sugar (Guru, Madhura, builds Ojas but heavy for Kapha); Egg (Guru, Ushna, builds strength, use moderately for Pitta); Cornflour (Balances doshas when eaten fresh and in moderation)"
Pea curry (Matar ki sabzi),Pan-India / General Home Cooking,Curry/Gravy,Veg,A vegetarian curry/gravy typically made with green peas.,Green Peas,,102.99,4.51,9.2,5.11,1.98,4.44,154.75,24.48,1.2,77.64,107.74,"Green Peas, Onion, Tomato, Ginger-Garlic Paste, Oil/Ghee, Turmeric, Red Chilli Powder, Garam Masala, Salt","Green Peas (Balances doshas when eaten fresh and in moderation); Onion (Ushna, stimulates Agni, balances Kapha and Vata); Tomato (Amla, sour, stimulates digestion, use sparingly for Pitta); Ginger-Garlic Paste (Ushna, kindles Agni, aids digestion); Oil/Ghee (Snigdha, unctuous, balances Vata and nourishes tissues); Turmeric (Ushna, anti-inflammatory, purifies blood); Red Chilli Powder (Ushna, heating, use sparingly for Pitta); Garam Masala (Ushna, kindles Agni, aids digestion); Salt (Ushna, enhances taste, balances electrolytes)"
Pea keema curry (Matar keema ki sabzi),Pan-India / General Home Cooking,Curry/Gravy,Non-Veg,"A non-vegetarian curry/gravy typically made with green peas, minced meat.","Green Peas, Minced Meat",,133.0,8.43,6.24,8.14,1.82,2.96,148.38,35.6,1.35,55.62,85.14,"Green Peas, Minced Meat, Onion, Tomato, Ginger-Garlic Paste, Oil/Ghee, Turmeric, Red Chilli Powder, Garam Masala, Salt","Green Peas (Balances doshas when eaten fresh and in moderation); Minced Meat (Balances doshas when eaten fresh and in moderation); Onion (Ushna, stimulates Agni, balances Kapha and Vata); Tomato (Amla, sour, stimulates digestion, use sparingly for Pitta); Ginger-Garlic Paste (Ushna, kindles Agni, aids digestion); Oil/Ghee (Snigdha, unctuous, balances Vata and nourishes tissues); Turmeric (Ushna, anti-inflammatory, purifies blood); Red Chilli Powder (Ushna, heating, use sparingly for Pitta); Garam Masala (Ushna, kindles Agni, aids digestion); Salt (Ushna, enhances taste, balances electrolytes)"
Pea kofta curry (Matar kofta curry),Pan-India / General Home Cooking,Curry/Gravy,Veg,A vegetarian curry/gravy typically made with green peas.,Green Peas,,595.66,2.01,4.17,63.39,0.88,1.7,83.07,13.84,0.56,74.66,129.13,"Green Peas, Onion, Tomato, Ginger-Garlic Paste, Oil/Ghee, Turmeric, Red Chilli Powder, Garam Masala, Salt","Green Peas (Balances doshas when eaten fresh and in moderation); Onion (Ushna, stimulates Agni, balances Kapha and Vata); Tomato (Amla, sour, stimulates digestion, use sparingly for Pitta); Ginger-Garlic Paste (Ushna, kindles Agni, aids digestion); Oil/Ghee (Snigdha, unctuous, balances Vata and nourishes tissues); Turmeric (Ushna, anti-inflammatory, purifies blood); Red Chilli Powder (Ushna, heating, use sparingly for Pitta); Garam Masala (Ushna, kindles Agni, aids digestion); Salt (Ushna, enhances taste, balances electrolytes)"
Pea mushroom curry (Matar mushroom),Pan-India / General Home Cooking,Curry/Gravy,Veg,"A vegetarian curry/gravy typically made with green peas, mushroom.","Green Peas, Mushroom",,93.3,3.87,7.41,5.16,1.82,3.86,155.48,22.7,0.97,58.44,84.49,"Green Peas, Mushroom, Onion, Tomato, Ginger-Garlic Paste, Oil/Ghee, Turmeric, Red Chilli Powder, Garam Masala, Salt","Green Peas (Balances doshas when eaten fresh and in moderation); Mushroom (Balances doshas when eaten fresh and in moderation); Onion (Ushna, stimulates Agni, balances Kapha and Vata); Tomato (Amla, sour, stimulates digestion, use sparingly for Pitta); Ginger-Garlic Paste (Ushna, kindles Agni, aids digestion); Oil/Ghee (Snigdha, unctuous, balances Vata and nourishes tissues); Turmeric (Ushna, anti-inflammatory, purifies blood); Red Chilli Powder (Ushna, heating, use sparingly for Pitta); Garam Masala (Ushna, kindles Agni, aids digestion); Salt (Ushna, enhances taste, balances electrolytes)"
Pea paneer curry (Matar paneer),Pan-India / General Home Cooking,Curry/Gravy,Veg,"A vegetarian curry/gravy typically made with green peas, paneer.","Green Peas, Paneer",,134.83,6.61,9.29,7.75,3.89,3.3,157.34,105.2,1.08,58.44,127.01,"Green Peas, Paneer, Onion, Tomato, Ginger-Garlic Paste, Oil/Ghee, Turmeric, Red Chilli Powder, Garam Masala, Salt","Green Peas (Balances doshas when eaten fresh and in moderation); Paneer (Guru, Snigdha, cooling and nourishing); Onion (Ushna, stimulates Agni, balances Kapha and Vata); Tomato (Amla, sour, stimulates digestion, use sparingly for Pitta); Ginger-Garlic Paste (Ushna, kindles Agni, aids digestion); Oil/Ghee (Snigdha, unctuous, balances Vata and nourishes tissues); Turmeric (Ushna, anti-inflammatory, purifies blood); Red Chilli Powder (Ushna, heating, use sparingly for Pitta); Garam Masala (Ushna, kindles Agni, aids digestion); Salt (Ushna, enhances taste, balances electrolytes)"
Pea parantha/paratha (Matar ka parantha/paratha),Pan-India / General Home Cooking,Breakfast/Tiffin,Veg,A vegetarian breakfast/tiffin typically made with green peas.,Green Peas,,190.73,5.59,21.51,8.8,1.29,5.61,109.99,23.49,1.78,17.8,33.64,"Green Peas, Salt, Oil, Mixed Spices","Green Peas (Balances doshas when eaten fresh and in moderation); Salt (Ushna, enhances taste, balances electrolytes); Oil (Snigdha, unctuous, balances Vata); Mixed Spices (Ushna, kindles Agni, aids digestion)"
Pea potato curry (Aloo matar),Pan-India / General Home Cooking,Curry/Gravy,Veg,"A vegetarian curry/gravy typically made with potato, green peas.","Potato, Green Peas",,100.92,3.48,9.74,5.13,1.86,3.61,154.83,21.1,1.02,70.01,88.11,"Potato, Green Peas, Onion, Tomato, Ginger-Garlic Paste, Oil/Ghee, Turmeric, Red Chilli Powder, Garam Masala, Salt","Potato (Guru, Vata aggravating in excess); Green Peas (Balances doshas when eaten fresh and in moderation); Onion (Ushna, stimulates Agni, balances Kapha and Vata); Tomato (Amla, sour, stimulates digestion, use sparingly for Pitta); Ginger-Garlic Paste (Ushna, kindles Agni, aids digestion); Oil/Ghee (Snigdha, unctuous, balances Vata and nourishes tissues); Turmeric (Ushna, anti-inflammatory, purifies blood); Red Chilli Powder (Ushna, heating, use sparingly for Pitta); Garam Masala (Ushna, kindles Agni, aids digestion); Salt (Ushna, enhances taste, balances electrolytes)"
Pea vadi curry,Pan-India / General Home Cooking,Curry/Gravy,Veg,A vegetarian curry/gravy.,Green Peas,,101.95,4.64,8.9,5.08,1.92,4.28,149.51,23.62,1.2,77.64,109.24,"Green Peas, Onion, Tomato, Ginger-Garlic Paste, Oil/Ghee, Turmeric, Red Chilli Powder, Garam Masala, Salt","Green Peas (Balances doshas when eaten fresh and in moderation); Onion (Ushna, stimulates Agni, balances Kapha and Vata); Tomato (Amla, sour, stimulates digestion, use sparingly for Pitta); Ginger-Garlic Paste (Ushna, kindles Agni, aids digestion); Oil/Ghee (Snigdha, unctuous, balances Vata and nourishes tissues); Turmeric (Ushna, anti-inflammatory, purifies blood); Red Chilli Powder (Ushna, heating, use sparingly for Pitta); Garam Masala (Ushna, kindles Agni, aids digestion); Salt (Ushna, enhances taste, balances electrolytes)"
Peach blueberry preserves,Pan-India / General Home Cooking,Pickle/Preserve,Veg,A vegetarian pickle/preserve.,Peach,,177.38,0.53,45.76,0.2,45.33,1.14,2.81,9.03,0.33,16.56,16.68,"Peach, Oil, Mustard Seeds, Turmeric, Red Chilli Powder, Salt","Peach (Balances doshas when eaten fresh and in moderation); Oil (Snigdha, unctuous, balances Vata); Mustard Seeds (Ushna, stimulates digestion); Turmeric (Ushna, anti-inflammatory, purifies blood); Red Chilli Powder (Ushna, heating, use sparingly for Pitta); Salt (Ushna, enhances taste, balances electrolytes)"
Peanut brittle (Moongfali ki chikki),Pan-India / General Home Cooking,Sweet,Veg,A vegetarian sweet typically made with peanut.,Peanut,,320.46,6.94,47.46,11.13,43.92,2.63,15.99,68.03,3.22,0.0,7.48,"Peanut, Sugar, Ghee, Milk/Khoya, Cardamom","Peanut (Guru, Ushna, energy dense); Sugar (Guru, Madhura, builds Ojas but heavy for Kapha); Ghee (Snigdha, unctuous, balances Vata and nourishes tissues); Milk/Khoya (Guru, Shita, cooling and building, balances Pitta); Cardamom (Ushna, aromatic, soothes digestion)"
Peanut burfi (Moongfali ki burfi),Pan-India / General Home Cooking,Sweet,Veg,A vegetarian sweet typically made with peanut.,Peanut,,550.99,9.31,48.14,36.84,43.08,4.09,6.78,25.2,1.45,0.0,7.57,"Peanut, Sugar, Ghee, Milk/Khoya, Cardamom","Peanut (Guru, Ushna, energy dense); Sugar (Guru, Madhura, builds Ojas but heavy for Kapha); Ghee (Snigdha, unctuous, balances Vata and nourishes tissues); Milk/Khoya (Guru, Shita, cooling and building, balances Pitta); Cardamom (Ushna, aromatic, soothes digestion)"
Peanut chutney (Mungfali ki chutney),Pan-India / General Home Cooking,Chutney/Condiment,Veg,A vegetarian chutney/condiment typically made with peanut.,Peanut,,258.37,11.8,9.87,19.06,2.76,5.73,475.34,34.79,1.99,4.2,10.14,"Peanut, Green Chilli, Salt, Spices, Oil (tempering), Pepper, Oil/Butter","Peanut (Guru, Ushna, energy dense); Green Chilli (Ushna, use sparingly for Pitta); Salt (Ushna, enhances taste, balances electrolytes); Spices (Balances doshas when eaten fresh and in moderation); Oil (tempering) (Snigdha, unctuous, balances Vata); Pepper (Ushna, heating, clears Kapha); Oil/Butter (Snigdha, unctuous, balances Vata)"
Peanut pulao,Pan-India / General Home Cooking,Rice Dish,Veg,A vegetarian rice dish typically made with peanut.,Peanut,,193.28,5.32,21.18,9.51,1.6,2.9,168.4,18.52,0.83,3.42,68.06,"Peanut, Rice, Oil/Ghee, Whole Spices, Salt","Peanut (Guru, Ushna, energy dense); Rice (Laghu, easy to digest, balances Kapha); Oil/Ghee (Snigdha, unctuous, balances Vata and nourishes tissues); Whole Spices (Ushna, kindles Agni, aids digestion); Salt (Ushna, enhances taste, balances electrolytes)"
Peanut raita (Mungfali ka raita),Pan-India / General Home Cooking,Curry/Side (Raita),Veg,A vegetarian curry/side typically made with peanut.,Peanut,,150.39,8.59,9.3,8.98,7.11,1.89,235.83,174.6,0.74,2.59,36.67,"Peanut, Onion, Tomato, Ginger-Garlic Paste, Oil/Ghee, Turmeric, Red Chilli Powder, Garam Masala, Salt, Yogurt, Roasted Cumin Powder, Coriander Leaves","Peanut (Guru, Ushna, energy dense); Onion (Ushna, stimulates Agni, balances Kapha and Vata); Tomato (Amla, sour, stimulates digestion, use sparingly for Pitta); Ginger-Garlic Paste (Ushna, kindles Agni, aids digestion); Oil/Ghee (Snigdha, unctuous, balances Vata and nourishes tissues); Turmeric (Ushna, anti-inflammatory, purifies blood); Red Chilli Powder (Ushna, heating, use sparingly for Pitta); Garam Masala (Ushna, kindles Agni, aids digestion); Salt (Ushna, enhances taste, balances electrolytes); Yogurt (Amla, Guru, sour and cooling in moderation); Roasted Cumin Powder (Ushna, kindles Agni, eases digestion); Coriander Leaves (Shita, cooling, soothes Pitta)"
Pear chocholate sunday,Pan-India / General Home Cooking,Dessert (Ice Cream),Veg,A vegetarian dessert.,Pear,,183.49,2.08,15.02,13.11,14.41,0.07,16.26,56.67,0.24,3.34,12.72,"Pear, Milk, Fresh Cream, Sugar","Pear (Balances doshas when eaten fresh and in moderation); Milk (Guru, Shita, cooling and building, balances Pitta); Fresh Cream (Guru, Snigdha, heavy and nourishing); Sugar (Guru, Madhura, builds Ojas but heavy for Kapha)"
Pear preserves (Naashpati ka murabba),Pan-India / General Home Cooking,Pickle/Preserve,Veg,A vegetarian pickle/preserve.,Pear,,101.24,0.25,25.67,0.19,25.19,3.06,2.1,6.57,0.23,15.65,21.93,"Pear, Oil, Mustard Seeds, Turmeric, Red Chilli Powder, Salt","Pear (Balances doshas when eaten fresh and in moderation); Oil (Snigdha, unctuous, balances Vata); Mustard Seeds (Ushna, stimulates digestion); Turmeric (Ushna, anti-inflammatory, purifies blood); Red Chilli Powder (Ushna, heating, use sparingly for Pitta); Salt (Ushna, enhances taste, balances electrolytes)"
Pearl millet infant food (Bajra shishu aahaar),Pan-India / General Home Cooking,Curry/Gravy,Veg,A vegetarian curry/gravy typically made with pearl millet.,Pearl Millet,,362.44,11.98,62.1,6.62,26.06,7.84,12.67,118.52,5.67,0.0,24.14,"Pearl Millet, Onion, Tomato, Ginger-Garlic Paste, Oil/Ghee, Turmeric, Red Chilli Powder, Garam Masala, Salt","Pearl Millet (Balances doshas when eaten fresh and in moderation); Onion (Ushna, stimulates Agni, balances Kapha and Vata); Tomato (Amla, sour, stimulates digestion, use sparingly for Pitta); Ginger-Garlic Paste (Ushna, kindles Agni, aids digestion); Oil/Ghee (Snigdha, unctuous, balances Vata and nourishes tissues); Turmeric (Ushna, anti-inflammatory, purifies blood); Red Chilli Powder (Ushna, heating, use sparingly for Pitta); Garam Masala (Ushna, kindles Agni, aids digestion); Salt (Ushna, enhances taste, balances electrolytes)"
Pearl millet ladoo (Bajra ladoo),Pan-India / General Home Cooking,Sweet,Veg,A vegetarian sweet typically made with pearl millet.,Pearl Millet,,319.66,9.61,50.98,8.06,27.44,6.0,12.26,118.74,4.72,0.0,19.1,"Pearl Millet, Sugar, Ghee, Milk/Khoya, Cardamom","Pearl Millet (Balances doshas when eaten fresh and in moderation); Sugar (Guru, Madhura, builds Ojas but heavy for Kapha); Ghee (Snigdha, unctuous, balances Vata and nourishes tissues); Milk/Khoya (Guru, Shita, cooling and building, balances Pitta); Cardamom (Ushna, aromatic, soothes digestion)"
Pearl millet mathri (Bajra mathri),Pan-India / General Home Cooking,Snack (Dry/Namkeen),Veg,A vegetarian snack typically made with pearl millet.,Pearl Millet,,785.08,1.82,7.42,83.12,0.16,1.36,33.17,4.63,0.72,0.0,16.09,"Pearl Millet, Gram Flour (Besan), Oil, Spices, Salt","Pearl Millet (Balances doshas when eaten fresh and in moderation); Gram Flour (Besan) (Laghu, light, balances Kapha); Oil (Snigdha, unctuous, balances Vata); Spices (Balances doshas when eaten fresh and in moderation); Salt (Ushna, enhances taste, balances electrolytes)"
Peas brinjal bhartha (Matar baingan bhartha),Pan-India / General Home Cooking,Curry/Gravy,Veg,"A vegetarian curry/gravy typically made with brinjal, green peas.","Brinjal, Green Peas",,84.55,2.05,5.02,6.05,1.57,3.63,63.65,19.63,0.63,27.86,82.49,"Brinjal, Green Peas, Onion, Tomato, Ginger-Garlic Paste, Oil/Ghee, Turmeric, Red Chilli Powder, Garam Masala, Salt","Brinjal (Laghu, light, supports digestion); Green Peas (Balances doshas when eaten fresh and in moderation); Onion (Ushna, stimulates Agni, balances Kapha and Vata); Tomato (Amla, sour, stimulates digestion, use sparingly for Pitta); Ginger-Garlic Paste (Ushna, kindles Agni, aids digestion); Oil/Ghee (Snigdha, unctuous, balances Vata and nourishes tissues); Turmeric (Ushna, anti-inflammatory, purifies blood); Red Chilli Powder (Ushna, heating, use sparingly for Pitta); Garam Masala (Ushna, kindles Agni, aids digestion); Salt (Ushna, enhances taste, balances electrolytes)"
Peas kachori (Matar kachori),Pan-India / General Home Cooking,Snack (Fried),Veg,A vegetarian snack typically made with green peas.,Green Peas,,584.68,3.21,13.25,57.51,0.5,2.03,55.45,14.25,0.77,10.11,16.43,"Green Peas, Gram Flour (Besan)/Refined Flour, Oil (for frying), Spices, Salt","Green Peas (Balances doshas when eaten fresh and in moderation); Gram Flour (Besan)/Refined Flour (Guru, heavier to digest, best in moderation); Oil (for frying) (Snigdha, unctuous, balances Vata); Spices (Balances doshas when eaten fresh and in moderation); Salt (Ushna, enhances taste, balances electrolytes)"
Peas poori (Matar ki poori),Pan-India / General Home Cooking,Bread/Roti,Veg,A vegetarian bread/roti typically made with green peas.,Green Peas,,592.83,3.04,14.92,57.69,0.48,2.25,47.77,8.96,0.84,4.61,10.21,"Green Peas, Wheat Flour, Salt, Water, Oil/Ghee","Green Peas (Balances doshas when eaten fresh and in moderation); Wheat Flour (Guru, nourishing, grounds Vata); Salt (Ushna, enhances taste, balances electrolytes); Water (Balances doshas when eaten fresh and in moderation); Oil/Ghee (Snigdha, unctuous, balances Vata and nourishes tissues)"
Peas pulao (Matar pulao),Pan-India / General Home Cooking,Rice Dish,Veg,A vegetarian rice dish typically made with green peas.,Green Peas,,108.87,3.89,18.42,1.9,1.3,3.21,86.18,18.18,0.78,62.36,110.56,"Green Peas, Rice, Oil/Ghee, Whole Spices, Salt","Green Peas (Balances doshas when eaten fresh and in moderation); Rice (Laghu, easy to digest, balances Kapha); Oil/Ghee (Snigdha, unctuous, balances Vata and nourishes tissues); Whole Spices (Ushna, kindles Agni, aids digestion); Salt (Ushna, enhances taste, balances electrolytes)"
Penne platter,Pan-India / General Home Cooking,Continental/Fusion Main,Veg,A vegetarian continental/fusion main.,Pasta,,177.4,5.04,20.87,8.71,4.5,1.09,283.37,67.67,0.9,16.35,60.2,"Pasta, Onion, Garlic, Olive Oil, Salt, Pepper, Mixed Herbs","Pasta (Balances doshas when eaten fresh and in moderation); Onion (Ushna, stimulates Agni, balances Kapha and Vata); Garlic (Ushna, heating, balances Vata and Kapha); Olive Oil (Snigdha, unctuous, balances Vata); Salt (Ushna, enhances taste, balances electrolytes); Pepper (Ushna, heating, clears Kapha); Mixed Herbs (Balances doshas when eaten fresh and in moderation)"
Phirni,Pan-India / General Home Cooking,Sweet,Veg,A vegetarian sweet.,Rice,,116.12,3.49,16.11,4.34,10.79,0.36,22.47,104.57,0.23,5.04,20.33,"Rice, Sugar, Ghee, Milk/Khoya, Cardamom","Rice (Laghu, easy to digest, balances Kapha); Sugar (Guru, Madhura, builds Ojas but heavy for Kapha); Ghee (Snigdha, unctuous, balances Vata and nourishes tissues); Milk/Khoya (Guru, Shita, cooling and building, balances Pitta); Cardamom (Ushna, aromatic, soothes digestion)"
Pickled cabbage,Pan-India / General Home Cooking,Pickle/Preserve,Veg,A vegetarian pickle/preserve typically made with cabbage.,Cabbage,,13.69,0.39,2.56,0.14,2.08,0.61,121.39,15.96,0.19,16.63,23.56,"Cabbage, Oil, Mustard Seeds, Turmeric, Red Chilli Powder, Salt","Cabbage (Laghu, Shita, light but can increase Vata); Oil (Snigdha, unctuous, balances Vata); Mustard Seeds (Ushna, stimulates digestion); Turmeric (Ushna, anti-inflammatory, purifies blood); Red Chilli Powder (Ushna, heating, use sparingly for Pitta); Salt (Ushna, enhances taste, balances electrolytes)"
Pickled mustard greens,Pan-India / General Home Cooking,Pickle/Preserve,Veg,A vegetarian pickle/preserve typically made with mustard.,Mustard,,13.12,1.51,1.05,0.22,0.02,1.7,242.36,81.44,1.22,301.6,550.52,"Mustard, Oil, Mustard Seeds, Turmeric, Red Chilli Powder, Salt","Mustard (Balances doshas when eaten fresh and in moderation); Oil (Snigdha, unctuous, balances Vata); Mustard Seeds (Ushna, stimulates digestion); Turmeric (Ushna, anti-inflammatory, purifies blood); Red Chilli Powder (Ushna, heating, use sparingly for Pitta); Salt (Ushna, enhances taste, balances electrolytes)"
Pineapple jam,Pan-India / General Home Cooking,Pickle/Preserve,Veg,A vegetarian pickle/preserve typically made with pineapple.,Pineapple,,149.18,0.32,38.27,0.15,37.44,2.2,2.45,10.47,0.24,,,"Pineapple, Oil, Mustard Seeds, Turmeric, Red Chilli Powder, Salt","Pineapple (Laghu, Shita, cooling and light); Oil (Snigdha, unctuous, balances Vata); Mustard Seeds (Ushna, stimulates digestion); Turmeric (Ushna, anti-inflammatory, purifies blood); Red Chilli Powder (Ushna, heating, use sparingly for Pitta); Salt (Ushna, enhances taste, balances electrolytes)"
Pineapple pastry,Pan-India / General Home Cooking,Bakery (Cake/Pastry),Veg,A vegetarian bakery typically made with pineapple.,Pineapple,,208.21,6.06,29.04,7.87,18.83,0.72,44.3,42.97,0.86,3.64,17.42,"Pineapple, Refined Flour (Maida), Sugar, Butter, Egg, Baking Powder, Milk","Pineapple (Laghu, Shita, cooling and light); Refined Flour (Maida) (Guru, heavier to digest, best in moderation); Sugar (Guru, Madhura, builds Ojas but heavy for Kapha); Butter (Snigdha, unctuous, balances Vata); Egg (Guru, Ushna, builds strength, use moderately for Pitta); Baking Powder (Neutral, leavening agent); Milk (Guru, Shita, cooling and building, balances Pitta)"
Pineapple raita (Ananas ka raita),Pan-India / General Home Cooking,Curry/Side (Raita),Veg,A vegetarian curry/side typically made with pineapple.,Pineapple,,67.74,3.9,8.62,2.02,8.12,1.39,135.48,134.53,0.27,19.89,27.72,"Pineapple, Onion, Tomato, Ginger-Garlic Paste, Oil/Ghee, Turmeric, Red Chilli Powder, Garam Masala, Salt, Yogurt, Roasted Cumin Powder, Coriander Leaves","Pineapple (Laghu, Shita, cooling and light); Onion (Ushna, stimulates Agni, balances Kapha and Vata); Tomato (Amla, sour, stimulates digestion, use sparingly for Pitta); Ginger-Garlic Paste (Ushna, kindles Agni, aids digestion); Oil/Ghee (Snigdha, unctuous, balances Vata and nourishes tissues); Turmeric (Ushna, anti-inflammatory, purifies blood); Red Chilli Powder (Ushna, heating, use sparingly for Pitta); Garam Masala (Ushna, kindles Agni, aids digestion); Salt (Ushna, enhances taste, balances electrolytes); Yogurt (Amla, Guru, sour and cooling in moderation); Roasted Cumin Powder (Ushna, kindles Agni, eases digestion); Coriander Leaves (Shita, cooling, soothes Pitta)"
Pineapple souffle,Pan-India / General Home Cooking,Dessert (Souffle/Custard/Pudding),Veg,A vegetarian dessert typically made with pineapple.,Pineapple,,196.14,8.06,15.52,11.72,13.45,0.0,59.17,67.23,0.61,1.0,29.66,"Pineapple, Milk, Sugar, Egg, Cornflour","Pineapple (Laghu, Shita, cooling and light); Milk (Guru, Shita, cooling and building, balances Pitta); Sugar (Guru, Madhura, builds Ojas but heavy for Kapha); Egg (Guru, Ushna, builds strength, use moderately for Pitta); Cornflour (Balances doshas when eaten fresh and in moderation)"
Pineapple squash (Ananas ka squash),Pan-India / General Home Cooking,Beverage (Juice/Cooler),Veg,A vegetarian beverage typically made with pineapple.,Pineapple,,195.02,0.16,51.34,0.05,51.08,1.06,14.84,7.96,0.18,,,"Pineapple, Water, Sugar, Ice","Pineapple (Laghu, Shita, cooling and light); Water (Balances doshas when eaten fresh and in moderation); Sugar (Guru, Madhura, builds Ojas but heavy for Kapha); Ice (Balances doshas when eaten fresh and in moderation)"
Pineapple upside down pudding,Pan-India / General Home Cooking,Dessert (Souffle/Custard/Pudding),Veg,A vegetarian dessert typically made with pineapple.,Pineapple,,257.73,3.15,35.73,11.91,22.16,0.8,74.52,26.05,0.68,9.66,15.44,"Pineapple, Milk, Sugar, Egg, Cornflour","Pineapple (Laghu, Shita, cooling and light); Milk (Guru, Shita, cooling and building, balances Pitta); Sugar (Guru, Madhura, builds Ojas but heavy for Kapha); Egg (Guru, Ushna, builds strength, use moderately for Pitta); Cornflour (Balances doshas when eaten fresh and in moderation)"
Plain burfi (Burfi),Pan-India / General Home Cooking,Sweet,Veg,A vegetarian sweet.,Milk,,408.32,9.82,30.88,27.96,30.43,0.17,31.65,355.78,1.5,0.05,23.94,"Milk, Sugar, Ghee, Milk/Khoya, Cardamom","Milk (Guru, Shita, cooling and building, balances Pitta); Sugar (Guru, Madhura, builds Ojas but heavy for Kapha); Ghee (Snigdha, unctuous, balances Vata and nourishes tissues); Milk/Khoya (Guru, Shita, cooling and building, balances Pitta); Cardamom (Ushna, aromatic, soothes digestion)"
Plain dosa,Pan-India / General Home Cooking,Breakfast/Tiffin,Veg,A vegetarian breakfast/tiffin.,Rice & Urad Dal,,380.91,10.34,64.08,8.43,0.7,5.23,142.98,19.35,1.5,0.0,9.16,"Rice, Urad Dal, Salt, Oil, Mixed Spices","Rice (Laghu, easy to digest, balances Kapha); Urad Dal (Laghu, protein-rich, balances Kapha); Salt (Ushna, enhances taste, balances electrolytes); Oil (Snigdha, unctuous, balances Vata); Mixed Spices (Ushna, kindles Agni, aids digestion)"
Plain khitchdi (Plain khichri/khichdi),Pan-India / General Home Cooking,Rice Dish,Veg,A vegetarian rice dish.,Rice & Lentils,,57.03,1.72,10.04,1.01,0.12,0.85,37.14,5.05,0.31,0.83,26.18,"Rice, Lentils, Oil/Ghee, Whole Spices, Salt","Rice (Laghu, easy to digest, balances Kapha); Lentils (Laghu, protein-rich, balances Kapha); Oil/Ghee (Snigdha, unctuous, balances Vata and nourishes tissues); Whole Spices (Ushna, kindles Agni, aids digestion); Salt (Ushna, enhances taste, balances electrolytes)"
Plain parantha/paratha,Pan-India / General Home Cooking,Breakfast/Tiffin,Veg,A vegetarian breakfast/tiffin.,Wheat Flour,,298.3,5.06,30.69,16.86,0.86,5.43,62.07,14.81,1.98,0.0,7.79,"Wheat Flour, Salt, Oil, Mixed Spices","Wheat Flour (Guru, nourishing, grounds Vata); Salt (Ushna, enhances taste, balances electrolytes); Oil (Snigdha, unctuous, balances Vata); Mixed Spices (Ushna, kindles Agni, aids digestion)"
Plain pulao,Pan-India / General Home Cooking,Rice Dish,Veg,A vegetarian rice dish.,Rice,,140.21,2.34,21.82,4.62,1.15,1.69,193.76,12.76,0.41,3.42,22.63,"Rice, Oil/Ghee, Whole Spices, Salt","Rice (Laghu, easy to digest, balances Kapha); Oil/Ghee (Snigdha, unctuous, balances Vata and nourishes tissues); Whole Spices (Ushna, kindles Agni, aids digestion); Salt (Ushna, enhances taste, balances electrolytes)"
Plain urad dal vada (Uzunne vada/Minapa garelu/Ulundu vadai/Medu vada),Pan-India / General Home Cooking,Snack (Fried),Veg,A vegetarian snack typically made with urad dal.,Urad Dal,,745.5,4.39,9.7,76.32,0.16,2.27,65.87,10.6,0.96,0.0,13.31,"Urad Dal, Gram Flour (Besan)/Refined Flour, Oil (for frying), Spices, Salt","Urad Dal (Laghu, protein-rich, balances Kapha); Gram Flour (Besan)/Refined Flour (Guru, heavier to digest, best in moderation); Oil (for frying) (Snigdha, unctuous, balances Vata); Spices (Balances doshas when eaten fresh and in moderation); Salt (Ushna, enhances taste, balances electrolytes)"
Plum chutney (Aloo bukhara ki chutney),Pan-India / General Home Cooking,Chutney/Condiment,Veg,A vegetarian chutney/condiment typically made with potato.,Potato,,177.11,0.47,44.95,0.29,43.9,1.37,216.81,12.38,0.34,,,"Potato, Green Chilli, Salt, Spices, Oil (tempering), Pepper, Oil/Butter","Potato (Guru, Vata aggravating in excess); Green Chilli (Ushna, use sparingly for Pitta); Salt (Ushna, enhances taste, balances electrolytes); Spices (Balances doshas when eaten fresh and in moderation); Oil (tempering) (Snigdha, unctuous, balances Vata); Pepper (Ushna, heating, clears Kapha); Oil/Butter (Snigdha, unctuous, balances Vata)"
Plum jam (Aloo bukhara jam),Pan-India / General Home Cooking,Pickle/Preserve,Veg,A vegetarian pickle/preserve typically made with potato.,Potato,,178.89,0.31,46.2,0.19,45.25,1.0,2.67,7.5,0.2,,,"Potato, Oil, Mustard Seeds, Turmeric, Red Chilli Powder, Salt","Potato (Guru, Vata aggravating in excess); Oil (Snigdha, unctuous, balances Vata); Mustard Seeds (Ushna, stimulates digestion); Turmeric (Ushna, anti-inflammatory, purifies blood); Red Chilli Powder (Ushna, heating, use sparingly for Pitta); Salt (Ushna, enhances taste, balances electrolytes)"
Plum squash (Aloo bukhara squash),Pan-India / General Home Cooking,Beverage (Juice/Cooler),Veg,A vegetarian beverage typically made with potato.,Potato,,211.17,0.16,55.51,0.1,55.02,0.52,12.71,6.9,0.16,,,"Potato, Water, Sugar, Ice","Potato (Guru, Vata aggravating in excess); Water (Balances doshas when eaten fresh and in moderation); Sugar (Guru, Madhura, builds Ojas but heavy for Kapha); Ice (Balances doshas when eaten fresh and in moderation)"
Poached egg,Pan-India / General Home Cooking,Breakfast (Omelette/Egg),Egg (Ovo-Veg),A egg-based breakfast typically made with egg.,Egg,,123.87,11.98,0.37,8.19,0.05,0.3,1163.07,48.24,1.75,0.0,24.77,"Egg, Onion, Green Chilli, Salt, Oil","Egg (Guru, Ushna, builds strength, use moderately for Pitta); Onion (Ushna, stimulates Agni, balances Kapha and Vata); Green Chilli (Ushna, use sparingly for Pitta); Salt (Ushna, enhances taste, balances electrolytes); Oil (Snigdha, unctuous, balances Vata)"
Poha,Pan-India / General Home Cooking,Breakfast/Tiffin,Veg,A vegetarian breakfast/tiffin typically made with flattened rice.,Flattened Rice,,294.53,6.09,35.05,14.14,0.87,3.72,377.1,37.67,3.01,6.62,11.96,"Flattened Rice, Salt, Oil, Mixed Spices","Flattened Rice (Laghu, light and easy to digest, balances Kapha); Salt (Ushna, enhances taste, balances electrolytes); Oil (Snigdha, unctuous, balances Vata); Mixed Spices (Ushna, kindles Agni, aids digestion)"
Poha with curd (Poha aur dahi),Pan-India / General Home Cooking,Breakfast/Tiffin,Veg,"A vegetarian breakfast/tiffin typically made with flattened rice, curd/yogurt.","Flattened Rice, Curd/Yogurt",,173.32,6.01,26.72,4.65,5.46,1.09,325.07,140.9,1.61,,,"Flattened Rice, Curd/Yogurt, Salt, Oil, Mixed Spices","Flattened Rice (Laghu, light and easy to digest, balances Kapha); Curd/Yogurt (Amla, Guru, sour and cooling in moderation); Salt (Ushna, enhances taste, balances electrolytes); Oil (Snigdha, unctuous, balances Vata); Mixed Spices (Ushna, kindles Agni, aids digestion)"
Pomegranate raita (Anaar ka raita),Pan-India / General Home Cooking,Curry/Side (Raita),Veg,A vegetarian curry/side.,Pomegranate,,72.64,4.05,7.15,3.24,7.01,0.6,195.18,138.31,0.25,4.6,23.86,"Pomegranate, Onion, Tomato, Ginger-Garlic Paste, Oil/Ghee, Turmeric, Red Chilli Powder, Garam Masala, Salt, Yogurt, Roasted Cumin Powder, Coriander Leaves","Pomegranate (Balances doshas when eaten fresh and in moderation); Onion (Ushna, stimulates Agni, balances Kapha and Vata); Tomato (Amla, sour, stimulates digestion, use sparingly for Pitta); Ginger-Garlic Paste (Ushna, kindles Agni, aids digestion); Oil/Ghee (Snigdha, unctuous, balances Vata and nourishes tissues); Turmeric (Ushna, anti-inflammatory, purifies blood); Red Chilli Powder (Ushna, heating, use sparingly for Pitta); Garam Masala (Ushna, kindles Agni, aids digestion); Salt (Ushna, enhances taste, balances electrolytes); Yogurt (Amla, Guru, sour and cooling in moderation); Roasted Cumin Powder (Ushna, kindles Agni, eases digestion); Coriander Leaves (Shita, cooling, soothes Pitta)"
Poori,Pan-India / General Home Cooking,Bread/Roti,Veg,A vegetarian bread/roti.,Wheat Flour,,737.63,1.35,8.22,77.61,0.23,1.46,31.73,3.98,0.6,0.0,4.68,"Wheat Flour, Salt, Water, Oil/Ghee","Wheat Flour (Guru, nourishing, grounds Vata); Salt (Ushna, enhances taste, balances electrolytes); Water (Balances doshas when eaten fresh and in moderation); Oil/Ghee (Snigdha, unctuous, balances Vata and nourishes tissues)"
Poshtik chilla/cheela,Pan-India / General Home Cooking,Breakfast/Tiffin (Pancake),Veg,A vegetarian breakfast/tiffin.,Gram Flour (Besan),,159.53,4.85,27.47,3.04,1.22,4.91,97.18,18.18,2.1,0.58,11.79,"Gram Flour (Besan), Refined Flour (Maida), Sugar, Butter, Egg, Baking Powder, Milk","Gram Flour (Besan) (Laghu, light, balances Kapha); Refined Flour (Maida) (Guru, heavier to digest, best in moderation); Sugar (Guru, Madhura, builds Ojas but heavy for Kapha); Butter (Snigdha, unctuous, balances Vata); Egg (Guru, Ushna, builds strength, use moderately for Pitta); Baking Powder (Neutral, leavening agent); Milk (Guru, Shita, cooling and building, balances Pitta)"
Poshtik khichdi/khichri,Pan-India / General Home Cooking,Rice Dish,Veg,A vegetarian rice dish.,Rice & Lentils,,93.37,3.04,15.64,1.88,0.26,2.0,41.67,30.41,1.0,25.77,65.43,"Rice, Lentils, Oil/Ghee, Whole Spices, Salt","Rice (Laghu, easy to digest, balances Kapha); Lentils (Laghu, protein-rich, balances Kapha); Oil/Ghee (Snigdha, unctuous, balances Vata and nourishes tissues); Whole Spices (Ushna, kindles Agni, aids digestion); Salt (Ushna, enhances taste, balances electrolytes)"
Poshtik namak paras,Pan-India / General Home Cooking,Snack (Dry/Namkeen),Veg,A vegetarian snack.,Wheat Flour,,613.39,6.49,19.52,56.58,0.87,4.55,44.01,60.74,2.03,0.38,6.09,"Wheat Flour, Gram Flour (Besan), Oil, Spices, Salt","Wheat Flour (Guru, nourishing, grounds Vata); Gram Flour (Besan) (Laghu, light, balances Kapha); Oil (Snigdha, unctuous, balances Vata); Spices (Balances doshas when eaten fresh and in moderation); Salt (Ushna, enhances taste, balances electrolytes)"
Potato aigrettes,Pan-India / General Home Cooking,Snack (Fried),Veg,A vegetarian snack typically made with potato.,Potato,,530.03,2.35,8.01,54.24,0.73,0.45,112.45,9.2,0.45,1.16,3.35,"Potato, Gram Flour (Besan)/Refined Flour, Oil (for frying), Spices, Salt","Potato (Guru, Vata aggravating in excess); Gram Flour (Besan)/Refined Flour (Guru, heavier to digest, best in moderation); Oil (for frying) (Snigdha, unctuous, balances Vata); Spices (Balances doshas when eaten fresh and in moderation); Salt (Ushna, enhances taste, balances electrolytes)"
Potato bonda (Aloo bonda),Pan-India / General Home Cooking,Snack (Fried),Veg,A vegetarian snack typically made with potato.,Potato,,632.84,1.09,4.53,67.8,0.27,0.83,132.53,6.79,0.37,8.96,16.02,"Potato, Gram Flour (Besan)/Refined Flour, Oil (for frying), Spices, Salt","Potato (Guru, Vata aggravating in excess); Gram Flour (Besan)/Refined Flour (Guru, heavier to digest, best in moderation); Oil (for frying) (Snigdha, unctuous, balances Vata); Spices (Balances doshas when eaten fresh and in moderation); Salt (Ushna, enhances taste, balances electrolytes)"
Potato canjee (Aloo canjee),Pan-India / General Home Cooking,Curry/Gravy,Veg,A vegetarian curry/gravy typically made with potato.,Potato,,16.26,0.44,2.69,0.39,0.1,0.43,35.99,5.21,0.22,7.72,6.77,"Potato, Onion, Tomato, Ginger-Garlic Paste, Oil/Ghee, Turmeric, Red Chilli Powder, Garam Masala, Salt","Potato (Guru, Vata aggravating in excess); Onion (Ushna, stimulates Agni, balances Kapha and Vata); Tomato (Amla, sour, stimulates digestion, use sparingly for Pitta); Ginger-Garlic Paste (Ushna, kindles Agni, aids digestion); Oil/Ghee (Snigdha, unctuous, balances Vata and nourishes tissues); Turmeric (Ushna, anti-inflammatory, purifies blood); Red Chilli Powder (Ushna, heating, use sparingly for Pitta); Garam Masala (Ushna, kindles Agni, aids digestion); Salt (Ushna, enhances taste, balances electrolytes)"
Potato capsicum (Shimla mirch aloo),Pan-India / General Home Cooking,Curry/Gravy,Veg,"A vegetarian curry/gravy typically made with potato, capsicum, chili.","Potato, Capsicum, Chili",,125.53,1.41,8.72,9.33,0.54,2.02,277.92,16.45,0.86,81.26,39.8,"Potato, Capsicum, Chili, Onion, Tomato, Ginger-Garlic Paste, Oil/Ghee, Turmeric, Red Chilli Powder, Garam Masala, Salt","Potato (Guru, Vata aggravating in excess); Capsicum (Balances doshas when eaten fresh and in moderation); Chili (Balances doshas when eaten fresh and in moderation); Onion (Ushna, stimulates Agni, balances Kapha and Vata); Tomato (Amla, sour, stimulates digestion, use sparingly for Pitta); Ginger-Garlic Paste (Ushna, kindles Agni, aids digestion); Oil/Ghee (Snigdha, unctuous, balances Vata and nourishes tissues); Turmeric (Ushna, anti-inflammatory, purifies blood); Red Chilli Powder (Ushna, heating, use sparingly for Pitta); Garam Masala (Ushna, kindles Agni, aids digestion); Salt (Ushna, enhances taste, balances electrolytes)"
Potato cauliflower (Aloo gobhi),Pan-India / General Home Cooking,Curry/Gravy,Veg,"A vegetarian curry/gravy typically made with potato, cauliflower.","Potato, Cauliflower",,106.18,1.9,5.99,8.13,0.44,3.02,254.76,22.87,1.07,61.11,55.94,"Potato, Cauliflower, Onion, Tomato, Ginger-Garlic Paste, Oil/Ghee, Turmeric, Red Chilli Powder, Garam Masala, Salt","Potato (Guru, Vata aggravating in excess); Cauliflower (Balances doshas when eaten fresh and in moderation); Onion (Ushna, stimulates Agni, balances Kapha and Vata); Tomato (Amla, sour, stimulates digestion, use sparingly for Pitta); Ginger-Garlic Paste (Ushna, kindles Agni, aids digestion); Oil/Ghee (Snigdha, unctuous, balances Vata and nourishes tissues); Turmeric (Ushna, anti-inflammatory, purifies blood); Red Chilli Powder (Ushna, heating, use sparingly for Pitta); Garam Masala (Ushna, kindles Agni, aids digestion); Salt (Ushna, enhances taste, balances electrolytes)"
Potato curry (Aloo ki sabzi),Pan-India / General Home Cooking,Curry/Gravy,Veg,A vegetarian curry/gravy typically made with potato.,Potato,,89.56,1.52,10.42,4.47,1.58,2.42,78.4,23.74,0.97,42.18,35.58,"Potato, Onion, Tomato, Ginger-Garlic Paste, Oil/Ghee, Turmeric, Red Chilli Powder, Garam Masala, Salt","Potato (Guru, Vata aggravating in excess); Onion (Ushna, stimulates Agni, balances Kapha and Vata); Tomato (Amla, sour, stimulates digestion, use sparingly for Pitta); Ginger-Garlic Paste (Ushna, kindles Agni, aids digestion); Oil/Ghee (Snigdha, unctuous, balances Vata and nourishes tissues); Turmeric (Ushna, anti-inflammatory, purifies blood); Red Chilli Powder (Ushna, heating, use sparingly for Pitta); Garam Masala (Ushna, kindles Agni, aids digestion); Salt (Ushna, enhances taste, balances electrolytes)"
Potato fenugreek (Aloo methi),Pan-India / General Home Cooking,Curry/Gravy,Veg,"A vegetarian curry/gravy typically made with potato, fenugreek.","Potato, Fenugreek",,135.15,2.25,8.47,10.04,0.54,2.93,221.93,107.8,2.53,68.76,73.14,"Potato, Fenugreek, Onion, Tomato, Ginger-Garlic Paste, Oil/Ghee, Turmeric, Red Chilli Powder, Garam Masala, Salt","Potato (Guru, Vata aggravating in excess); Fenugreek (Ushna, aids digestion, bitter); Onion (Ushna, stimulates Agni, balances Kapha and Vata); Tomato (Amla, sour, stimulates digestion, use sparingly for Pitta); Ginger-Garlic Paste (Ushna, kindles Agni, aids digestion); Oil/Ghee (Snigdha, unctuous, balances Vata and nourishes tissues); Turmeric (Ushna, anti-inflammatory, purifies blood); Red Chilli Powder (Ushna, heating, use sparingly for Pitta); Garam Masala (Ushna, kindles Agni, aids digestion); Salt (Ushna, enhances taste, balances electrolytes)"
Potato halwa (Aloo ka halwa),Pan-India / General Home Cooking,Sweet,Veg,A vegetarian sweet typically made with potato.,Potato,,151.66,1.53,29.18,3.48,17.42,1.64,4.23,14.15,0.63,28.98,20.72,"Potato, Sugar, Ghee, Milk/Khoya, Cardamom","Potato (Guru, Vata aggravating in excess); Sugar (Guru, Madhura, builds Ojas but heavy for Kapha); Ghee (Snigdha, unctuous, balances Vata and nourishes tissues); Milk/Khoya (Guru, Shita, cooling and building, balances Pitta); Cardamom (Ushna, aromatic, soothes digestion)"
Potato kofta curry (Aloo kofta curry),Pan-India / General Home Cooking,Curry/Gravy,Veg,A vegetarian curry/gravy typically made with potato.,Potato,,455.4,0.56,2.78,49.08,0.63,0.56,30.12,7.77,0.26,46.64,48.57,"Potato, Onion, Tomato, Ginger-Garlic Paste, Oil/Ghee, Turmeric, Red Chilli Powder, Garam Masala, Salt","Potato (Guru, Vata aggravating in excess); Onion (Ushna, stimulates Agni, balances Kapha and Vata); Tomato (Amla, sour, stimulates digestion, use sparingly for Pitta); Ginger-Garlic Paste (Ushna, kindles Agni, aids digestion); Oil/Ghee (Snigdha, unctuous, balances Vata and nourishes tissues); Turmeric (Ushna, anti-inflammatory, purifies blood); Red Chilli Powder (Ushna, heating, use sparingly for Pitta); Garam Masala (Ushna, kindles Agni, aids digestion); Salt (Ushna, enhances taste, balances electrolytes)"
Potato nests,Pan-India / General Home Cooking,Snack (Dry/Namkeen),Veg,A vegetarian snack typically made with potato.,Potato,,111.62,5.71,11.05,4.77,1.41,2.49,182.12,55.25,0.87,37.47,49.55,"Potato, Gram Flour (Besan), Oil, Spices, Salt","Potato (Guru, Vata aggravating in excess); Gram Flour (Besan) (Laghu, light, balances Kapha); Oil (Snigdha, unctuous, balances Vata); Spices (Balances doshas when eaten fresh and in moderation); Salt (Ushna, enhances taste, balances electrolytes)"
Potato pakora/pakoda (Aloo pakoda),Pan-India / General Home Cooking,Snack (Fried),Veg,A vegetarian snack typically made with potato.,Potato,,677.19,1.9,6.04,71.84,0.22,1.03,63.38,6.59,0.38,18.53,109.12,"Potato, Gram Flour (Besan)/Refined Flour, Oil (for frying), Spices, Salt","Potato (Guru, Vata aggravating in excess); Gram Flour (Besan)/Refined Flour (Guru, heavier to digest, best in moderation); Oil (for frying) (Snigdha, unctuous, balances Vata); Spices (Balances doshas when eaten fresh and in moderation); Salt (Ushna, enhances taste, balances electrolytes)"
Potato parantha/paratha (Aloo ka parantha/paratha),Pan-India / General Home Cooking,Breakfast/Tiffin,Veg,A vegetarian breakfast/tiffin typically made with potato.,Potato,,205.04,3.7,23.92,10.22,1.15,4.18,127.2,17.38,1.52,7.98,14.96,"Potato, Salt, Oil, Mixed Spices","Potato (Guru, Vata aggravating in excess); Salt (Ushna, enhances taste, balances electrolytes); Oil (Snigdha, unctuous, balances Vata); Mixed Spices (Ushna, kindles Agni, aids digestion)"
Potato pickle (Aloo ka achaar),Pan-India / General Home Cooking,Pickle/Preserve,Veg,A vegetarian pickle/preserve typically made with potato.,Potato,,369.14,2.07,7.87,36.46,0.82,2.21,213.73,48.46,1.12,10.14,8.16,"Potato, Oil, Mustard Seeds, Turmeric, Red Chilli Powder, Salt","Potato (Guru, Vata aggravating in excess); Oil (Snigdha, unctuous, balances Vata); Mustard Seeds (Ushna, stimulates digestion); Turmeric (Ushna, anti-inflammatory, purifies blood); Red Chilli Powder (Ushna, heating, use sparingly for Pitta); Salt (Ushna, enhances taste, balances electrolytes)"
Potato raita (Aloo ka raita),Pan-India / General Home Cooking,Curry/Side (Raita),Veg,A vegetarian curry/side typically made with potato.,Potato,,75.38,4.22,10.24,2.04,5.08,0.75,183.37,132.31,0.34,15.33,27.03,"Potato, Onion, Tomato, Ginger-Garlic Paste, Oil/Ghee, Turmeric, Red Chilli Powder, Garam Masala, Salt, Yogurt, Roasted Cumin Powder, Coriander Leaves","Potato (Guru, Vata aggravating in excess); Onion (Ushna, stimulates Agni, balances Kapha and Vata); Tomato (Amla, sour, stimulates digestion, use sparingly for Pitta); Ginger-Garlic Paste (Ushna, kindles Agni, aids digestion); Oil/Ghee (Snigdha, unctuous, balances Vata and nourishes tissues); Turmeric (Ushna, anti-inflammatory, purifies blood); Red Chilli Powder (Ushna, heating, use sparingly for Pitta); Garam Masala (Ushna, kindles Agni, aids digestion); Salt (Ushna, enhances taste, balances electrolytes); Yogurt (Amla, Guru, sour and cooling in moderation); Roasted Cumin Powder (Ushna, kindles Agni, eases digestion); Coriander Leaves (Shita, cooling, soothes Pitta)"
Potato samosa (Aloo ka samosa),Pan-India / General Home Cooking,Snack (Fried),Veg,A vegetarian snack typically made with potato.,Potato,,577.39,1.71,9.21,59.19,0.29,1.19,77.1,7.63,0.5,11.27,12.8,"Potato, Gram Flour (Besan)/Refined Flour, Oil (for frying), Spices, Salt","Potato (Guru, Vata aggravating in excess); Gram Flour (Besan)/Refined Flour (Guru, heavier to digest, best in moderation); Oil (for frying) (Snigdha, unctuous, balances Vata); Spices (Balances doshas when eaten fresh and in moderation); Salt (Ushna, enhances taste, balances electrolytes)"
Potato stuffed poori (Aloo ki poori),Pan-India / General Home Cooking,Bread/Roti,Veg,A vegetarian bread/roti typically made with potato.,Potato,,776.74,1.52,9.4,81.35,0.26,1.64,69.86,5.57,0.7,1.39,5.63,"Potato, Wheat Flour, Salt, Water, Oil/Ghee","Potato (Guru, Vata aggravating in excess); Wheat Flour (Guru, nourishing, grounds Vata); Salt (Ushna, enhances taste, balances electrolytes); Water (Balances doshas when eaten fresh and in moderation); Oil/Ghee (Snigdha, unctuous, balances Vata and nourishes tissues)"
Potato with curd,Pan-India / General Home Cooking,Curry/Gravy,Veg,"A vegetarian curry/gravy typically made with potato, curd/yogurt.","Potato, Curd/Yogurt",,73.18,3.19,12.01,1.33,3.3,1.02,190.9,85.41,0.38,,,"Potato, Curd/Yogurt, Onion, Tomato, Ginger-Garlic Paste, Oil/Ghee, Turmeric, Red Chilli Powder, Garam Masala, Salt","Potato (Guru, Vata aggravating in excess); Curd/Yogurt (Amla, Guru, sour and cooling in moderation); Onion (Ushna, stimulates Agni, balances Kapha and Vata); Tomato (Amla, sour, stimulates digestion, use sparingly for Pitta); Ginger-Garlic Paste (Ushna, kindles Agni, aids digestion); Oil/Ghee (Snigdha, unctuous, balances Vata and nourishes tissues); Turmeric (Ushna, anti-inflammatory, purifies blood); Red Chilli Powder (Ushna, heating, use sparingly for Pitta); Garam Masala (Ushna, kindles Agni, aids digestion); Salt (Ushna, enhances taste, balances electrolytes)"
Prawn curry (with coconut) (Jhinga curry),Pan-India / General Home Cooking,Curry/Gravy,Non-Veg,"A non-vegetarian curry/gravy typically made with coconut, prawn.","Coconut, Prawn",,109.55,8.54,3.1,6.93,2.03,1.56,375.86,37.25,0.96,3.72,43.62,"Coconut, Prawn, Onion, Tomato, Ginger-Garlic Paste, Oil/Ghee, Turmeric, Red Chilli Powder, Garam Masala, Salt","Coconut (Shita, cooling, pacifies Pitta); Prawn (Balances doshas when eaten fresh and in moderation); Onion (Ushna, stimulates Agni, balances Kapha and Vata); Tomato (Amla, sour, stimulates digestion, use sparingly for Pitta); Ginger-Garlic Paste (Ushna, kindles Agni, aids digestion); Oil/Ghee (Snigdha, unctuous, balances Vata and nourishes tissues); Turmeric (Ushna, anti-inflammatory, purifies blood); Red Chilli Powder (Ushna, heating, use sparingly for Pitta); Garam Masala (Ushna, kindles Agni, aids digestion); Salt (Ushna, enhances taste, balances electrolytes)"
Puffed wheat (Murmure/Moori),Pan-India / General Home Cooking,Breakfast (Porridge/Cereal),Veg,A vegetarian breakfast typically made with wheat flour.,Wheat Flour,,113.32,3.62,15.67,4.04,7.31,0.28,22.52,103.79,0.63,4.82,16.87,"Wheat Flour, Milk/Water, Sugar, Salt","Wheat Flour (Guru, nourishing, grounds Vata); Milk/Water (Guru, Shita, cooling and building, balances Pitta); Sugar (Guru, Madhura, builds Ojas but heavy for Kapha); Salt (Ushna, enhances taste, balances electrolytes)"
Pulse mix,Pan-India / General Home Cooking,Curry/Gravy,Veg,A vegetarian curry/gravy.,Mixed Lentils,,83.29,3.16,16.0,0.54,6.59,2.25,3.88,14.93,1.29,0.0,24.23,"Mixed Lentils, Onion, Tomato, Ginger-Garlic Paste, Oil/Ghee, Turmeric, Red Chilli Powder, Garam Masala, Salt","Mixed Lentils (Laghu, protein-rich, balances Kapha); Onion (Ushna, stimulates Agni, balances Kapha and Vata); Tomato (Amla, sour, stimulates digestion, use sparingly for Pitta); Ginger-Garlic Paste (Ushna, kindles Agni, aids digestion); Oil/Ghee (Snigdha, unctuous, balances Vata and nourishes tissues); Turmeric (Ushna, anti-inflammatory, purifies blood); Red Chilli Powder (Ushna, heating, use sparingly for Pitta); Garam Masala (Ushna, kindles Agni, aids digestion); Salt (Ushna, enhances taste, balances electrolytes)"
Pumpkin coconut burfi (Kaddu aur nariyal ki burfi),Pan-India / General Home Cooking,Sweet,Veg,"A vegetarian sweet typically made with pumpkin, coconut.","Pumpkin, Coconut",,186.18,1.75,17.02,12.66,16.11,4.29,8.95,21.76,0.79,3.02,11.48,"Pumpkin, Coconut, Sugar, Ghee, Milk/Khoya, Cardamom","Pumpkin (Balances doshas when eaten fresh and in moderation); Coconut (Shita, cooling, pacifies Pitta); Sugar (Guru, Madhura, builds Ojas but heavy for Kapha); Ghee (Snigdha, unctuous, balances Vata and nourishes tissues); Milk/Khoya (Guru, Shita, cooling and building, balances Pitta); Cardamom (Ushna, aromatic, soothes digestion)"
Pumpkin halwa (Kaddu ka halwa),Pan-India / General Home Cooking,Sweet,Veg,A vegetarian sweet typically made with pumpkin.,Pumpkin,,190.27,1.33,27.6,8.81,26.64,2.97,8.09,24.34,0.63,8.08,27.9,"Pumpkin, Sugar, Ghee, Milk/Khoya, Cardamom","Pumpkin (Balances doshas when eaten fresh and in moderation); Sugar (Guru, Madhura, builds Ojas but heavy for Kapha); Ghee (Snigdha, unctuous, balances Vata and nourishes tissues); Milk/Khoya (Guru, Shita, cooling and building, balances Pitta); Cardamom (Ushna, aromatic, soothes digestion)"
Pumpkin kheer (Kaddu ki kheer),Pan-India / General Home Cooking,Sweet,Veg,A vegetarian sweet typically made with pumpkin.,Pumpkin,,86.35,2.76,10.44,3.86,10.12,0.63,20.99,95.61,0.24,8.06,26.95,"Pumpkin, Sugar, Ghee, Milk/Khoya, Cardamom","Pumpkin (Balances doshas when eaten fresh and in moderation); Sugar (Guru, Madhura, builds Ojas but heavy for Kapha); Ghee (Snigdha, unctuous, balances Vata and nourishes tissues); Milk/Khoya (Guru, Shita, cooling and building, balances Pitta); Cardamom (Ushna, aromatic, soothes digestion)"
Pumpkin raita (Kaddu ka raita),Pan-India / General Home Cooking,Curry/Side (Raita),Veg,A vegetarian curry/side typically made with pumpkin.,Pumpkin,,55.6,3.74,6.02,1.88,5.48,1.04,129.14,130.11,0.33,7.11,31.7,"Pumpkin, Onion, Tomato, Ginger-Garlic Paste, Oil/Ghee, Turmeric, Red Chilli Powder, Garam Masala, Salt, Yogurt, Roasted Cumin Powder, Coriander Leaves","Pumpkin (Balances doshas when eaten fresh and in moderation); Onion (Ushna, stimulates Agni, balances Kapha and Vata); Tomato (Amla, sour, stimulates digestion, use sparingly for Pitta); Ginger-Garlic Paste (Ushna, kindles Agni, aids digestion); Oil/Ghee (Snigdha, unctuous, balances Vata and nourishes tissues); Turmeric (Ushna, anti-inflammatory, purifies blood); Red Chilli Powder (Ushna, heating, use sparingly for Pitta); Garam Masala (Ushna, kindles Agni, aids digestion); Salt (Ushna, enhances taste, balances electrolytes); Yogurt (Amla, Guru, sour and cooling in moderation); Roasted Cumin Powder (Ushna, kindles Agni, eases digestion); Coriander Leaves (Shita, cooling, soothes Pitta)"
Putharekulu,Pan-India / General Home Cooking,Sweet,Veg,A vegetarian sweet.,Rice,,318.3,3.66,59.61,7.55,23.86,1.75,2.67,6.11,0.38,0.0,2.44,"Rice, Sugar, Ghee, Milk/Khoya, Cardamom","Rice (Laghu, easy to digest, balances Kapha); Sugar (Guru, Madhura, builds Ojas but heavy for Kapha); Ghee (Snigdha, unctuous, balances Vata and nourishes tissues); Milk/Khoya (Guru, Shita, cooling and building, balances Pitta); Cardamom (Ushna, aromatic, soothes digestion)"
Queen of pudding,Pan-India / General Home Cooking,Dessert (Souffle/Custard/Pudding),Veg,A vegetarian dessert.,Milk,,132.92,5.51,16.35,5.38,11.77,0.27,85.59,78.26,0.53,8.11,46.64,"Milk, Sugar, Egg, Cornflour","Milk (Guru, Shita, cooling and building, balances Pitta); Sugar (Guru, Madhura, builds Ojas but heavy for Kapha); Egg (Guru, Ushna, builds strength, use moderately for Pitta); Cornflour (Balances doshas when eaten fresh and in moderation)"
Quinoa khichdi/khichri,Pan-India / General Home Cooking,Rice Dish,Veg,A vegetarian rice dish.,Quinoa,,64.01,3.18,8.83,1.59,0.69,2.58,69.64,24.59,1.12,9.13,82.57,"Quinoa, Rice, Oil/Ghee, Whole Spices, Salt","Quinoa (Balances doshas when eaten fresh and in moderation); Rice (Laghu, easy to digest, balances Kapha); Oil/Ghee (Snigdha, unctuous, balances Vata and nourishes tissues); Whole Spices (Ushna, kindles Agni, aids digestion); Salt (Ushna, enhances taste, balances electrolytes)"
Radish parantha/paratha (Mooli ka parantha/paratha),Pan-India / General Home Cooking,Breakfast/Tiffin,Veg,A vegetarian breakfast/tiffin typically made with radish.,Radish,,183.52,3.3,20.54,9.53,1.31,4.32,127.03,23.75,1.39,8.44,20.74,"Radish, Salt, Oil, Mixed Spices","Radish (Balances doshas when eaten fresh and in moderation); Salt (Ushna, enhances taste, balances electrolytes); Oil (Snigdha, unctuous, balances Vata); Mixed Spices (Ushna, kindles Agni, aids digestion)"
Rajbogh,Pan-India / General Home Cooking,Sweet,Veg,A vegetarian sweet.,Khoya,,133.7,1.71,28.16,2.28,27.66,0.11,16.57,63.23,0.17,2.69,12.02,"Khoya, Sugar, Ghee, Milk/Khoya, Cardamom","Khoya (Guru, Snigdha, richly nourishing); Sugar (Guru, Madhura, builds Ojas but heavy for Kapha); Ghee (Snigdha, unctuous, balances Vata and nourishes tissues); Milk/Khoya (Guru, Shita, cooling and building, balances Pitta); Cardamom (Ushna, aromatic, soothes digestion)"
Rasam powder (Rasam masala),Pan-India / General Home Cooking,Soup,Veg,A vegetarian soup.,Coriander Seeds,,267.96,12.04,25.19,11.8,1.91,35.71,38.78,562.15,14.72,,,"Coriander Seeds, Stock/Water, Onion, Salt, Pepper, Butter/Oil","Coriander Seeds (Shita, cooling, soothes Pitta); Stock/Water (Guru, Ushna, deeply nourishing); Onion (Ushna, stimulates Agni, balances Kapha and Vata); Salt (Ushna, enhances taste, balances electrolytes); Pepper (Ushna, heating, clears Kapha); Butter/Oil (Snigdha, unctuous, balances Vata)"
Rasam with lemon (Nimmakaya rasam/Nimmakaya charu/Elumichai rasam/Nimbe hannina saaru),Pan-India / General Home Cooking,Soup,Veg,"A vegetarian soup typically made with lemon, tea leaves.","Lemon, Tea Leaves",,24.41,1.11,2.85,0.87,0.44,1.54,102.77,15.56,0.52,19.71,28.91,"Lemon, Tea Leaves, Stock/Water, Onion, Salt, Pepper, Butter/Oil","Lemon (Amla, alkalising, stimulates Agni); Tea Leaves (Balances doshas when eaten fresh and in moderation); Stock/Water (Guru, Ushna, deeply nourishing); Onion (Ushna, stimulates Agni, balances Kapha and Vata); Salt (Ushna, enhances taste, balances electrolytes); Pepper (Ushna, heating, clears Kapha); Butter/Oil (Snigdha, unctuous, balances Vata)"
Rasam with tamarind (Puli rasam/ Chintapandu rasam/ Charu/Saaru),Pan-India / General Home Cooking,Soup,Veg,A vegetarian soup typically made with tamarind.,Tamarind,,26.74,1.13,3.37,0.88,0.83,1.6,104.11,16.56,0.59,17.27,28.68,"Tamarind, Stock/Water, Onion, Salt, Pepper, Butter/Oil","Tamarind (Amla, stimulates Agni); Stock/Water (Guru, Ushna, deeply nourishing); Onion (Ushna, stimulates Agni, balances Kapha and Vata); Salt (Ushna, enhances taste, balances electrolytes); Pepper (Ushna, heating, clears Kapha); Butter/Oil (Snigdha, unctuous, balances Vata)"
Rasbhari,Pan-India / General Home Cooking,Sweet,Veg,A vegetarian sweet.,Chenna (Cottage Cheese),,130.05,1.52,28.27,1.92,27.84,0.02,16.65,62.58,0.13,2.69,10.2,"Chenna (Cottage Cheese), Sugar, Ghee, Milk/Khoya, Cardamom","Chenna (Cottage Cheese) (Guru, Snigdha, cooling and nourishing); Sugar (Guru, Madhura, builds Ojas but heavy for Kapha); Ghee (Snigdha, unctuous, balances Vata and nourishes tissues); Milk/Khoya (Guru, Shita, cooling and building, balances Pitta); Cardamom (Ushna, aromatic, soothes digestion)"
Rasmalai,Pan-India / General Home Cooking,Sweet,Veg,A vegetarian sweet.,Chenna (Cottage Cheese),,135.55,1.61,29.17,2.11,28.71,0.07,16.46,62.31,0.15,2.69,11.29,"Chenna (Cottage Cheese), Sugar, Ghee, Milk/Khoya, Cardamom","Chenna (Cottage Cheese) (Guru, Snigdha, cooling and nourishing); Sugar (Guru, Madhura, builds Ojas but heavy for Kapha); Ghee (Snigdha, unctuous, balances Vata and nourishes tissues); Milk/Khoya (Guru, Shita, cooling and building, balances Pitta); Cardamom (Ushna, aromatic, soothes digestion)"
Raspberry bavarian cream,Pan-India / General Home Cooking,Dessert (Souffle/Custard/Pudding),Veg,A vegetarian dessert typically made with cream.,Cream,,150.1,3.34,17.82,7.88,15.3,2.19,24.59,26.4,0.31,21.41,20.79,"Cream, Milk, Sugar, Egg, Cornflour","Cream (Guru, Snigdha, heavy and nourishing); Milk (Guru, Shita, cooling and building, balances Pitta); Sugar (Guru, Madhura, builds Ojas but heavy for Kapha); Egg (Guru, Ushna, builds strength, use moderately for Pitta); Cornflour (Balances doshas when eaten fresh and in moderation)"
Raw banana kofta curry (Kela kofta curry),Pan-India / General Home Cooking,Curry/Gravy,Veg,A vegetarian curry/gravy typically made with banana.,Banana,,627.27,0.62,3.4,67.98,2.3,0.59,88.4,9.23,0.28,23.63,46.68,"Banana, Onion, Tomato, Ginger-Garlic Paste, Oil/Ghee, Turmeric, Red Chilli Powder, Garam Masala, Salt","Banana (Guru, Shita, grounding); Onion (Ushna, stimulates Agni, balances Kapha and Vata); Tomato (Amla, sour, stimulates digestion, use sparingly for Pitta); Ginger-Garlic Paste (Ushna, kindles Agni, aids digestion); Oil/Ghee (Snigdha, unctuous, balances Vata and nourishes tissues); Turmeric (Ushna, anti-inflammatory, purifies blood); Red Chilli Powder (Ushna, heating, use sparingly for Pitta); Garam Masala (Ushna, kindles Agni, aids digestion); Salt (Ushna, enhances taste, balances electrolytes)"
Raw mango chutney (Kachhe aam/Kairi ki chutney),Pan-India / General Home Cooking,Chutney/Condiment,Veg,A vegetarian chutney/condiment typically made with mango.,Mango,,193.13,0.51,49.94,0.16,45.22,2.17,480.68,25.92,0.48,,,"Mango, Green Chilli, Salt, Spices, Oil (tempering), Pepper, Oil/Butter","Mango (Guru, Snigdha, nourishing in season); Green Chilli (Ushna, use sparingly for Pitta); Salt (Ushna, enhances taste, balances electrolytes); Spices (Balances doshas when eaten fresh and in moderation); Oil (tempering) (Snigdha, unctuous, balances Vata); Pepper (Ushna, heating, clears Kapha); Oil/Butter (Snigdha, unctuous, balances Vata)"
Raw mango drink (Aam panna),Pan-India / General Home Cooking,Beverage (Juice/Cooler),Veg,A vegetarian beverage typically made with mango.,Mango,,35.92,0.16,9.05,0.03,7.49,0.61,79.82,7.08,0.14,45.3,14.05,"Mango, Water, Sugar, Ice","Mango (Guru, Snigdha, nourishing in season); Water (Balances doshas when eaten fresh and in moderation); Sugar (Guru, Madhura, builds Ojas but heavy for Kapha); Ice (Balances doshas when eaten fresh and in moderation)"
Raw turnip with coconut,Pan-India / General Home Cooking,Curry/Gravy,Veg,"A vegetarian curry/gravy typically made with turnip, coconut.","Turnip, Coconut",,132.15,1.8,5.78,11.47,4.4,2.79,275.55,50.65,0.82,21.65,27.89,"Turnip, Coconut, Onion, Tomato, Ginger-Garlic Paste, Oil/Ghee, Turmeric, Red Chilli Powder, Garam Masala, Salt","Turnip (Balances doshas when eaten fresh and in moderation); Coconut (Shita, cooling, pacifies Pitta); Onion (Ushna, stimulates Agni, balances Kapha and Vata); Tomato (Amla, sour, stimulates digestion, use sparingly for Pitta); Ginger-Garlic Paste (Ushna, kindles Agni, aids digestion); Oil/Ghee (Snigdha, unctuous, balances Vata and nourishes tissues); Turmeric (Ushna, anti-inflammatory, purifies blood); Red Chilli Powder (Ushna, heating, use sparingly for Pitta); Garam Masala (Ushna, kindles Agni, aids digestion); Salt (Ushna, enhances taste, balances electrolytes)"
Rice dal porridge (Chawal dal ki khichdi/khichri),Pan-India / General Home Cooking,Breakfast (Porridge/Cereal),Veg,A vegetarian breakfast typically made with rice.,Rice,,383.33,10.8,65.04,8.33,26.54,4.51,12.33,50.46,2.76,0.0,11.87,"Rice, Milk/Water, Sugar, Salt","Rice (Laghu, easy to digest, balances Kapha); Milk/Water (Guru, Shita, cooling and building, balances Pitta); Sugar (Guru, Madhura, builds Ojas but heavy for Kapha); Salt (Ushna, enhances taste, balances electrolytes)"
Rice flakes (Chiwda/Aval),Pan-India / General Home Cooking,Rice Dish,Veg,A vegetarian rice dish typically made with rice.,Rice,,112.44,3.62,15.57,3.99,7.28,0.37,22.4,103.15,0.62,4.82,19.41,"Rice, Oil/Ghee, Whole Spices, Salt","Rice (Laghu, easy to digest, balances Kapha); Oil/Ghee (Snigdha, unctuous, balances Vata and nourishes tissues); Whole Spices (Ushna, kindles Agni, aids digestion); Salt (Ushna, enhances taste, balances electrolytes)"
Rice flakes and roasted channa,Pan-India / General Home Cooking,Rice Dish,Veg,"A vegetarian rice dish typically made with rice, chickpeas.","Rice, Chickpeas",,333.4,10.57,71.94,2.94,1.31,8.84,205.51,17.23,4.51,,,"Rice, Chickpeas, Oil/Ghee, Whole Spices, Salt","Rice (Laghu, easy to digest, balances Kapha); Chickpeas (Laghu, grounding, aids digestion); Oil/Ghee (Snigdha, unctuous, balances Vata and nourishes tissues); Whole Spices (Ushna, kindles Agni, aids digestion); Salt (Ushna, enhances taste, balances electrolytes)"
Rice kheer (Chawal ki kheer),Pan-India / General Home Cooking,Sweet,Veg,A vegetarian sweet typically made with rice.,Rice,,75.03,2.3,10.05,2.97,8.02,0.17,16.24,75.57,0.17,5.06,19.54,"Rice, Sugar, Ghee, Milk/Khoya, Cardamom","Rice (Laghu, easy to digest, balances Kapha); Sugar (Guru, Madhura, builds Ojas but heavy for Kapha); Ghee (Snigdha, unctuous, balances Vata and nourishes tissues); Milk/Khoya (Guru, Shita, cooling and building, balances Pitta); Cardamom (Ushna, aromatic, soothes digestion)"
Rice moong dal cheela (Chawal aur moong dal ka cheela),Pan-India / General Home Cooking,Breakfast/Tiffin (Pancake),Veg,"A vegetarian breakfast/tiffin typically made with rice, moong dal.","Rice, Moong Dal",,798.26,2.74,11.13,82.44,0.15,1.18,142.82,4.99,0.51,0.0,12.8,"Rice, Moong Dal, Refined Flour (Maida), Sugar, Butter, Egg, Baking Powder, Milk","Rice (Laghu, easy to digest, balances Kapha); Moong Dal (Laghu, protein-rich, balances Kapha); Refined Flour (Maida) (Guru, heavier to digest, best in moderation); Sugar (Guru, Madhura, builds Ojas but heavy for Kapha); Butter (Snigdha, unctuous, balances Vata); Egg (Guru, Ushna, builds strength, use moderately for Pitta); Baking Powder (Neutral, leavening agent); Milk (Guru, Shita, cooling and building, balances Pitta)"
Rice murukku,Pan-India / General Home Cooking,Rice Dish,Veg,A vegetarian rice dish typically made with rice.,Rice,,593.99,5.41,33.29,48.22,0.17,2.18,63.31,24.63,1.7,0.0,8.2,"Rice, Oil/Ghee, Whole Spices, Salt","Rice (Laghu, easy to digest, balances Kapha); Oil/Ghee (Snigdha, unctuous, balances Vata and nourishes tissues); Whole Spices (Ushna, kindles Agni, aids digestion); Salt (Ushna, enhances taste, balances electrolytes)"
Rice upma,Pan-India / General Home Cooking,Breakfast/Tiffin,Veg,A vegetarian breakfast/tiffin typically made with rice.,Rice,,151.27,2.63,17.96,7.46,1.13,2.12,101.75,17.57,0.67,4.64,11.94,"Rice, Salt, Oil, Mixed Spices","Rice (Laghu, easy to digest, balances Kapha); Salt (Ushna, enhances taste, balances electrolytes); Oil (Snigdha, unctuous, balances Vata); Mixed Spices (Ushna, kindles Agni, aids digestion)"
Roast chicken,Pan-India / General Home Cooking,Snack/Starter (Grilled),Non-Veg,A non-vegetarian snack/starter typically made with chicken.,Chicken,,199.9,20.49,0.1,13.06,0.05,0.03,71.71,13.61,0.79,0.3,13.16,"Chicken, Yogurt, Ginger-Garlic Paste, Spices, Oil","Chicken (Guru, Ushna, builds strength); Yogurt (Amla, Guru, sour and cooling in moderation); Ginger-Garlic Paste (Ushna, kindles Agni, aids digestion); Spices (Balances doshas when eaten fresh and in moderation); Oil (Snigdha, unctuous, balances Vata)"
Roast potatoes,Pan-India / General Home Cooking,Snack/Starter (Grilled),Veg,A vegetarian snack/starter.,Potato,,87.32,1.53,14.52,2.35,0.33,1.71,90.67,10.38,0.57,17.36,11.66,"Potato, Yogurt, Ginger-Garlic Paste, Spices, Oil","Potato (Guru, Vata aggravating in excess); Yogurt (Amla, Guru, sour and cooling in moderation); Ginger-Garlic Paste (Ushna, kindles Agni, aids digestion); Spices (Balances doshas when eaten fresh and in moderation); Oil (Snigdha, unctuous, balances Vata)"
Roasted cauliflower steak,Pan-India / General Home Cooking,Curry/Gravy,Veg,A vegetarian curry/gravy typically made with cauliflower.,Cauliflower,,78.68,2.05,2.02,6.7,0.44,3.53,120.19,24.47,0.95,47.14,46.0,"Cauliflower, Onion, Tomato, Ginger-Garlic Paste, Oil/Ghee, Turmeric, Red Chilli Powder, Garam Masala, Salt","Cauliflower (Balances doshas when eaten fresh and in moderation); Onion (Ushna, stimulates Agni, balances Kapha and Vata); Tomato (Amla, sour, stimulates digestion, use sparingly for Pitta); Ginger-Garlic Paste (Ushna, kindles Agni, aids digestion); Oil/Ghee (Snigdha, unctuous, balances Vata and nourishes tissues); Turmeric (Ushna, anti-inflammatory, purifies blood); Red Chilli Powder (Ushna, heating, use sparingly for Pitta); Garam Masala (Ushna, kindles Agni, aids digestion); Salt (Ushna, enhances taste, balances electrolytes)"
Roghan josh,Pan-India / General Home Cooking,Curry/Gravy,Non-Veg,A vegetarian curry/gravy.,Mutton,,139.59,9.56,4.93,9.02,2.66,2.08,204.31,112.33,1.77,12.41,36.34,"Mutton, Onion, Tomato, Ginger-Garlic Paste, Oil/Ghee, Turmeric, Red Chilli Powder, Garam Masala, Salt","Mutton (Guru, Ushna, heavy and warming); Onion (Ushna, stimulates Agni, balances Kapha and Vata); Tomato (Amla, sour, stimulates digestion, use sparingly for Pitta); Ginger-Garlic Paste (Ushna, kindles Agni, aids digestion); Oil/Ghee (Snigdha, unctuous, balances Vata and nourishes tissues); Turmeric (Ushna, anti-inflammatory, purifies blood); Red Chilli Powder (Ushna, heating, use sparingly for Pitta); Garam Masala (Ushna, kindles Agni, aids digestion); Salt (Ushna, enhances taste, balances electrolytes)"
Royal icing,Pan-India / General Home Cooking,Bakery (Icing/Topping),Veg,A vegetarian bakery.,Icing Sugar,,332.58,1.74,86.53,0.02,85.57,0.0,36.5,2.87,0.42,,,"Icing Sugar, Butter, Water","Icing Sugar (Guru, Madhura, builds Ojas but heavy for Kapha); Butter (Snigdha, unctuous, balances Vata); Water (Balances doshas when eaten fresh and in moderation)"
Saffron milk (Kesariya doodh),Pan-India / General Home Cooking,Beverage (Tea/Coffee/Hot Drink),Veg,A vegetarian beverage typically made with milk.,Milk,,102.18,3.17,12.64,4.57,12.5,0.14,23.69,110.88,0.21,4.84,17.96,"Milk, Water, Sugar, Ice","Milk (Guru, Shita, cooling and building, balances Pitta); Water (Balances doshas when eaten fresh and in moderation); Sugar (Guru, Madhura, builds Ojas but heavy for Kapha); Ice (Balances doshas when eaten fresh and in moderation)"
Sajina,Pan-India / General Home Cooking,Curry/Gravy,Veg,A vegetarian curry/gravy.,Drumstick,,345.26,10.81,66.87,3.03,25.89,7.62,11.7,54.4,5.39,0.0,20.4,"Drumstick, Onion, Tomato, Ginger-Garlic Paste, Oil/Ghee, Turmeric, Red Chilli Powder, Garam Masala, Salt","Drumstick (Laghu, light, supports digestion); Onion (Ushna, stimulates Agni, balances Kapha and Vata); Tomato (Amla, sour, stimulates digestion, use sparingly for Pitta); Ginger-Garlic Paste (Ushna, kindles Agni, aids digestion); Oil/Ghee (Snigdha, unctuous, balances Vata and nourishes tissues); Turmeric (Ushna, anti-inflammatory, purifies blood); Red Chilli Powder (Ushna, heating, use sparingly for Pitta); Garam Masala (Ushna, kindles Agni, aids digestion); Salt (Ushna, enhances taste, balances electrolytes)"
Sambar,Pan-India / General Home Cooking,Curry/Gravy,Veg,A vegetarian curry/gravy.,Lentils (Toor Dal),,96.92,3.35,10.57,4.38,3.31,3.52,159.54,30.24,1.24,20.35,68.19,"Lentils (Toor Dal), Onion, Tomato, Ginger-Garlic Paste, Oil/Ghee, Turmeric, Red Chilli Powder, Garam Masala, Salt","Lentils (Laghu, protein-rich, balances Kapha); Mixed Vegetables (Balances doshas when eaten fresh and in moderation); Onion (Ushna, stimulates Agni, balances Kapha and Vata); Tomato (Amla, sour, stimulates digestion, use sparingly for Pitta); Ginger-Garlic Paste (Ushna, kindles Agni, aids digestion); Oil/Ghee (Snigdha, unctuous, balances Vata and nourishes tissues); Turmeric (Ushna, anti-inflammatory, purifies blood); Red Chilli Powder (Ushna, heating, use sparingly for Pitta); Garam Masala (Ushna, kindles Agni, aids digestion); Salt (Ushna, enhances taste, balances electrolytes)"
Sambar powder (Sambar masala),Pan-India / General Home Cooking,Curry/Gravy,Veg,A vegetarian curry/gravy.,Coriander Seeds,,297.46,12.5,23.38,15.58,1.87,34.56,27.66,439.95,12.63,,,"Coriander Seeds, Onion, Tomato, Ginger-Garlic Paste, Oil/Ghee, Turmeric, Red Chilli Powder, Garam Masala, Salt","Coriander Seeds (Shita, cooling, soothes Pitta); Onion (Ushna, stimulates Agni, balances Kapha and Vata); Tomato (Amla, sour, stimulates digestion, use sparingly for Pitta); Ginger-Garlic Paste (Ushna, kindles Agni, aids digestion); Oil/Ghee (Snigdha, unctuous, balances Vata and nourishes tissues); Turmeric (Ushna, anti-inflammatory, purifies blood); Red Chilli Powder (Ushna, heating, use sparingly for Pitta); Garam Masala (Ushna, kindles Agni, aids digestion); Salt (Ushna, enhances taste, balances electrolytes)"
Saunth/Sonth chutney with ginger,Pan-India / General Home Cooking,Chutney/Condiment,Veg,A vegetarian chutney/condiment typically made with ginger.,Ginger,,84.22,0.28,20.62,0.11,19.04,0.31,222.53,15.17,0.7,0.0,0.51,"Ginger, Green Chilli, Salt, Spices, Oil (tempering), Pepper, Oil/Butter","Ginger (Ushna, kindles Agni, aids digestion); Green Chilli (Ushna, use sparingly for Pitta); Salt (Ushna, enhances taste, balances electrolytes); Spices (Balances doshas when eaten fresh and in moderation); Oil (tempering) (Snigdha, unctuous, balances Vata); Pepper (Ushna, heating, clears Kapha); Oil/Butter (Snigdha, unctuous, balances Vata)"
Saunth/Sonth chutney with tamarind/imli,Pan-India / General Home Cooking,Chutney/Condiment,Veg,A vegetarian chutney/condiment typically made with tamarind.,Tamarind,,141.53,1.01,33.55,0.15,31.31,0.93,244.38,54.74,2.71,0.09,0.99,"Tamarind, Green Chilli, Salt, Spices, Oil (tempering), Pepper, Oil/Butter","Tamarind (Amla, stimulates Agni); Green Chilli (Ushna, use sparingly for Pitta); Salt (Ushna, enhances taste, balances electrolytes); Spices (Balances doshas when eaten fresh and in moderation); Oil (tempering) (Snigdha, unctuous, balances Vata); Pepper (Ushna, heating, clears Kapha); Oil/Butter (Snigdha, unctuous, balances Vata)"
Sauteed radishes with green beans,Pan-India / General Home Cooking,Curry/Gravy,Veg,"A vegetarian curry/gravy typically made with beans, radish.","Beans, Radish",,94.32,2.41,6.04,6.61,1.78,3.52,65.1,40.2,1.01,6.55,45.89,"Beans, Radish, Onion, Tomato, Ginger-Garlic Paste, Oil/Ghee, Turmeric, Red Chilli Powder, Garam Masala, Salt","Beans (Balances doshas when eaten fresh and in moderation); Radish (Balances doshas when eaten fresh and in moderation); Onion (Ushna, stimulates Agni, balances Kapha and Vata); Tomato (Amla, sour, stimulates digestion, use sparingly for Pitta); Ginger-Garlic Paste (Ushna, kindles Agni, aids digestion); Oil/Ghee (Snigdha, unctuous, balances Vata and nourishes tissues); Turmeric (Ushna, anti-inflammatory, purifies blood); Red Chilli Powder (Ushna, heating, use sparingly for Pitta); Garam Masala (Ushna, kindles Agni, aids digestion); Salt (Ushna, enhances taste, balances electrolytes)"
Savoury cheese horns,Pan-India / General Home Cooking,Snack (Fried),Veg,A vegetarian snack typically made with cheese.,Cheese,,295.15,5.66,21.38,20.71,2.74,0.73,212.28,121.83,0.63,2.31,8.51,"Cheese, Gram Flour (Besan)/Refined Flour, Oil (for frying), Spices, Salt","Cheese (Balances doshas when eaten fresh and in moderation); Gram Flour (Besan)/Refined Flour (Guru, heavier to digest, best in moderation); Oil (for frying) (Snigdha, unctuous, balances Vata); Spices (Balances doshas when eaten fresh and in moderation); Salt (Ushna, enhances taste, balances electrolytes)"
Savoury puffs,Pan-India / General Home Cooking,Snack (Fried),Veg,A vegetarian snack.,Refined Flour (Maida),,190.79,9.51,10.8,15.24,4.51,0.33,2274.24,68.83,1.19,1.49,15.04,"Refined Flour (Maida), Gram Flour (Besan)/Refined Flour, Oil (for frying), Spices, Salt","Refined Flour (Maida) (Guru, heavier to digest, best in moderation); Gram Flour (Besan)/Refined Flour (Guru, heavier to digest, best in moderation); Oil (for frying) (Snigdha, unctuous, balances Vata); Spices (Balances doshas when eaten fresh and in moderation); Salt (Ushna, enhances taste, balances electrolytes)"
Scotch egg,Pan-India / General Home Cooking,Breakfast (Omelette/Egg),Egg (Ovo-Veg),A egg-based breakfast typically made with egg.,Egg,,676.89,4.05,1.91,72.62,0.3,0.36,90.67,15.03,0.6,2.59,30.63,"Egg, Onion, Green Chilli, Salt, Oil","Egg (Guru, Ushna, builds strength, use moderately for Pitta); Onion (Ushna, stimulates Agni, balances Kapha and Vata); Green Chilli (Ushna, use sparingly for Pitta); Salt (Ushna, enhances taste, balances electrolytes); Oil (Snigdha, unctuous, balances Vata)"
Scrambled egg (Ande ki bhurji),Pan-India / General Home Cooking,Curry/Gravy,Egg (Ovo-Veg),A egg-based curry/gravy typically made with egg.,Egg,,155.97,10.29,1.35,12.21,1.08,0.24,374.66,64.59,1.42,0.3,25.82,"Egg, Onion, Tomato, Ginger-Garlic Paste, Oil/Ghee, Turmeric, Red Chilli Powder, Garam Masala, Salt","Egg (Guru, Ushna, builds strength, use moderately for Pitta); Onion (Ushna, stimulates Agni, balances Kapha and Vata); Tomato (Amla, sour, stimulates digestion, use sparingly for Pitta); Ginger-Garlic Paste (Ushna, kindles Agni, aids digestion); Oil/Ghee (Snigdha, unctuous, balances Vata and nourishes tissues); Turmeric (Ushna, anti-inflammatory, purifies blood); Red Chilli Powder (Ushna, heating, use sparingly for Pitta); Garam Masala (Ushna, kindles Agni, aids digestion); Salt (Ushna, enhances taste, balances electrolytes)"
Semolina burfi (Suji/Rava burfi),Pan-India / General Home Cooking,Sweet,Veg,"A vegetarian sweet typically made with semolina, beans.","Semolina, Beans",,348.67,3.47,47.1,16.86,28.67,2.8,8.33,14.86,1.01,0.0,3.21,"Semolina, Beans, Sugar, Ghee, Milk/Khoya, Cardamom","Semolina (Balances doshas when eaten fresh and in moderation); Beans (Balances doshas when eaten fresh and in moderation); Sugar (Guru, Madhura, builds Ojas but heavy for Kapha); Ghee (Snigdha, unctuous, balances Vata and nourishes tissues); Milk/Khoya (Guru, Shita, cooling and building, balances Pitta); Cardamom (Ushna, aromatic, soothes digestion)"
Semolina carrot vada (Suji gajar vada),Pan-India / General Home Cooking,Snack (Fried),Veg,"A vegetarian snack typically made with semolina, carrot, beans.","Semolina, Carrot, Beans",,699.53,1.56,6.52,74.07,1.21,1.07,73.17,26.47,0.36,0.95,9.36,"Semolina, Carrot, Beans, Gram Flour (Besan)/Refined Flour, Oil (for frying), Spices, Salt","Semolina (Balances doshas when eaten fresh and in moderation); Carrot (Laghu, sweet, balances Pitta); Beans (Balances doshas when eaten fresh and in moderation); Gram Flour (Besan)/Refined Flour (Guru, heavier to digest, best in moderation); Oil (for frying) (Snigdha, unctuous, balances Vata); Spices (Balances doshas when eaten fresh and in moderation); Salt (Ushna, enhances taste, balances electrolytes)"
Semolina dosa (Suji/Rava dosa),Pan-India / General Home Cooking,Breakfast/Tiffin,Veg,"A vegetarian breakfast/tiffin typically made with semolina, beans.","Semolina, Beans",,227.05,7.3,32.84,7.12,4.37,4.04,202.36,116.04,1.39,2.28,15.86,"Semolina, Beans, Salt, Oil, Mixed Spices","Semolina (Balances doshas when eaten fresh and in moderation); Beans (Balances doshas when eaten fresh and in moderation); Salt (Ushna, enhances taste, balances electrolytes); Oil (Snigdha, unctuous, balances Vata); Mixed Spices (Ushna, kindles Agni, aids digestion)"
Semolina halwa (Suji ka halwa),Pan-India / General Home Cooking,Sweet,Veg,"A vegetarian sweet typically made with semolina, beans.","Semolina, Beans",,225.65,2.16,24.67,13.38,13.98,1.86,1.28,11.77,0.65,0.05,7.96,"Semolina, Beans, Sugar, Ghee, Milk/Khoya, Cardamom","Semolina (Balances doshas when eaten fresh and in moderation); Beans (Balances doshas when eaten fresh and in moderation); Sugar (Guru, Madhura, builds Ojas but heavy for Kapha); Ghee (Snigdha, unctuous, balances Vata and nourishes tissues); Milk/Khoya (Guru, Shita, cooling and building, balances Pitta); Cardamom (Ushna, aromatic, soothes digestion)"
Semolina idli (Suji/Rava idli),Pan-India / General Home Cooking,Breakfast/Tiffin,Veg,"A vegetarian breakfast/tiffin typically made with semolina, beans.","Semolina, Beans",,206.39,9.34,33.67,3.47,3.42,5.85,185.02,100.85,2.34,1.61,17.37,"Semolina, Beans, Salt, Oil, Mixed Spices","Semolina (Balances doshas when eaten fresh and in moderation); Beans (Balances doshas when eaten fresh and in moderation); Salt (Ushna, enhances taste, balances electrolytes); Oil (Snigdha, unctuous, balances Vata); Mixed Spices (Ushna, kindles Agni, aids digestion)"
Semolina kheer (Suji/Rava kheer),Pan-India / General Home Cooking,Sweet,Veg,"A vegetarian sweet typically made with semolina, beans.","Semolina, Beans",,113.21,3.43,15.88,4.2,12.88,0.51,22.66,105.99,0.34,4.06,17.54,"Semolina, Beans, Sugar, Ghee, Milk/Khoya, Cardamom","Semolina (Balances doshas when eaten fresh and in moderation); Beans (Balances doshas when eaten fresh and in moderation); Sugar (Guru, Madhura, builds Ojas but heavy for Kapha); Ghee (Snigdha, unctuous, balances Vata and nourishes tissues); Milk/Khoya (Guru, Shita, cooling and building, balances Pitta); Cardamom (Ushna, aromatic, soothes digestion)"
Semolina ladoo with coconut (Suji/Rava aur nariyal ke ladoo ),Pan-India / General Home Cooking,Sweet,Veg,"A vegetarian sweet typically made with semolina, beans, coconut.","Semolina, Beans, Coconut",,464.43,5.68,50.9,27.03,27.32,6.69,9.06,26.72,1.83,0.05,5.21,"Semolina, Beans, Coconut, Sugar, Ghee, Milk/Khoya, Cardamom","Semolina (Balances doshas when eaten fresh and in moderation); Beans (Balances doshas when eaten fresh and in moderation); Coconut (Shita, cooling, pacifies Pitta); Sugar (Guru, Madhura, builds Ojas but heavy for Kapha); Ghee (Snigdha, unctuous, balances Vata and nourishes tissues); Milk/Khoya (Guru, Shita, cooling and building, balances Pitta); Cardamom (Ushna, aromatic, soothes digestion)"
Semolina ladoo with khoya (Suji/Rava aur khoye ke ladoo ),Pan-India / General Home Cooking,Sweet,Veg,"A vegetarian sweet typically made with semolina, beans, khoya (milk solids).","Semolina, Beans, Khoya (Milk Solids)",,428.71,6.71,52.86,21.86,33.28,4.68,14.4,106.42,1.73,0.03,7.1,"Semolina, Beans, Khoya (Milk Solids), Sugar, Ghee, Milk/Khoya, Cardamom","Semolina (Balances doshas when eaten fresh and in moderation); Beans (Balances doshas when eaten fresh and in moderation); Khoya (Milk Solids) (Guru, Shita, cooling and building, balances Pitta); Sugar (Guru, Madhura, builds Ojas but heavy for Kapha); Ghee (Snigdha, unctuous, balances Vata and nourishes tissues); Milk/Khoya (Guru, Shita, cooling and building, balances Pitta); Cardamom (Ushna, aromatic, soothes digestion)"
Semolina ladoo with nuts (Suji/Rava ladoo with nuts),Pan-India / General Home Cooking,Sweet,Veg,"A vegetarian sweet typically made with semolina, beans.","Semolina, Beans",,441.84,5.44,48.02,25.45,19.79,4.27,3.93,18.04,1.81,0.03,4.01,"Semolina, Beans, Sugar, Ghee, Milk/Khoya, Cardamom","Semolina (Balances doshas when eaten fresh and in moderation); Beans (Balances doshas when eaten fresh and in moderation); Sugar (Guru, Madhura, builds Ojas but heavy for Kapha); Ghee (Snigdha, unctuous, balances Vata and nourishes tissues); Milk/Khoya (Guru, Shita, cooling and building, balances Pitta); Cardamom (Ushna, aromatic, soothes digestion)"
Semolina milk drink (Thari kanji),Pan-India / General Home Cooking,Beverage (Juice/Cooler),Veg,"A vegetarian beverage typically made with semolina, beans, milk.","Semolina, Beans, Milk",,44.16,0.98,6.93,1.36,3.88,0.72,11.95,8.26,0.36,6.58,11.86,"Semolina, Beans, Milk, Water, Sugar, Ice","Semolina (Balances doshas when eaten fresh and in moderation); Beans (Balances doshas when eaten fresh and in moderation); Milk (Guru, Shita, cooling and building, balances Pitta); Water (Balances doshas when eaten fresh and in moderation); Sugar (Guru, Madhura, builds Ojas but heavy for Kapha); Ice (Balances doshas when eaten fresh and in moderation)"
Semolina porridge (Suji/Rava daliya),Pan-India / General Home Cooking,Breakfast (Porridge/Cereal),Veg,"A vegetarian breakfast typically made with semolina, beans.","Semolina, Beans",,100.89,3.75,12.39,4.08,7.54,0.7,23.21,108.52,0.36,5.03,22.71,"Semolina, Beans, Milk/Water, Sugar, Salt","Semolina (Balances doshas when eaten fresh and in moderation); Beans (Balances doshas when eaten fresh and in moderation); Milk/Water (Guru, Shita, cooling and building, balances Pitta); Sugar (Guru, Madhura, builds Ojas but heavy for Kapha); Salt (Ushna, enhances taste, balances electrolytes)"
Semolina upma (Suji/Rava upma),Pan-India / General Home Cooking,Breakfast/Tiffin,Veg,"A vegetarian breakfast/tiffin typically made with semolina, beans.","Semolina, Beans",,147.89,3.3,16.31,7.49,1.31,3.24,101.59,21.57,1.1,4.64,15.13,"Semolina, Beans, Salt, Oil, Mixed Spices","Semolina (Balances doshas when eaten fresh and in moderation); Beans (Balances doshas when eaten fresh and in moderation); Salt (Ushna, enhances taste, balances electrolytes); Oil (Snigdha, unctuous, balances Vata); Mixed Spices (Ushna, kindles Agni, aids digestion)"
Sesame chickpeas brittle (Til aur channe ki chikki),Pan-India / General Home Cooking,Sweet,Veg,A vegetarian sweet.,Sesame Seeds,,282.74,8.5,50.49,4.66,36.48,5.54,17.93,150.73,4.8,0.0,23.64,"Sesame Seeds, Sugar, Ghee, Milk/Khoya, Cardamom","Sesame Seeds (Ushna, Snigdha, warming and nourishing); Sugar (Guru, Madhura, builds Ojas but heavy for Kapha); Ghee (Snigdha, unctuous, balances Vata and nourishes tissues); Milk/Khoya (Guru, Shita, cooling and building, balances Pitta); Cardamom (Ushna, aromatic, soothes digestion)"
Sesame ladoo (Til ke ladoo),Pan-India / General Home Cooking,Sweet,Veg,A vegetarian sweet.,Sesame Seeds,,396.96,10.7,43.5,19.64,38.63,7.72,18.55,631.82,8.94,0.0,18.17,"Sesame Seeds, Sugar, Ghee, Milk/Khoya, Cardamom","Sesame Seeds (Ushna, Snigdha, warming and nourishing); Sugar (Guru, Madhura, builds Ojas but heavy for Kapha); Ghee (Snigdha, unctuous, balances Vata and nourishes tissues); Milk/Khoya (Guru, Shita, cooling and building, balances Pitta); Cardamom (Ushna, aromatic, soothes digestion)"
Sev (Omapodi/Karapusa),Pan-India / General Home Cooking,Snack (Dry/Namkeen),Veg,A vegetarian snack.,Gram Flour (Besan),,609.14,5.12,12.87,60.08,0.53,2.35,53.19,13.95,0.72,0.0,59.29,"Gram Flour (Besan), Oil, Spices, Salt","Gram Flour (Besan) (Laghu, light, balances Kapha); Oil (Snigdha, unctuous, balances Vata); Spices (Balances doshas when eaten fresh and in moderation); Salt (Ushna, enhances taste, balances electrolytes)"
Shahi chicken masala,Pan-India / General Home Cooking,Curry/Gravy,Non-Veg,A non-vegetarian curry/gravy typically made with chicken.,Chicken,,163.7,9.82,4.07,12.02,2.86,0.96,142.56,82.68,0.89,9.92,65.41,"Chicken, Onion, Tomato, Ginger-Garlic Paste, Oil/Ghee, Turmeric, Red Chilli Powder, Garam Masala, Salt","Chicken (Guru, Ushna, builds strength); Onion (Ushna, stimulates Agni, balances Kapha and Vata); Tomato (Amla, sour, stimulates digestion, use sparingly for Pitta); Ginger-Garlic Paste (Ushna, kindles Agni, aids digestion); Oil/Ghee (Snigdha, unctuous, balances Vata and nourishes tissues); Turmeric (Ushna, anti-inflammatory, purifies blood); Red Chilli Powder (Ushna, heating, use sparingly for Pitta); Garam Masala (Ushna, kindles Agni, aids digestion); Salt (Ushna, enhances taste, balances electrolytes)"
Shahi keema kofta curry,Pan-India / General Home Cooking,Curry/Gravy,Non-Veg,A non-vegetarian curry/gravy typically made with minced meat.,Minced Meat,,418.13,4.14,1.73,43.83,0.78,0.91,104.53,14.51,0.67,20.97,34.57,"Minced Meat, Onion, Tomato, Ginger-Garlic Paste, Oil/Ghee, Turmeric, Red Chilli Powder, Garam Masala, Salt","Minced Meat (Balances doshas when eaten fresh and in moderation); Onion (Ushna, stimulates Agni, balances Kapha and Vata); Tomato (Amla, sour, stimulates digestion, use sparingly for Pitta); Ginger-Garlic Paste (Ushna, kindles Agni, aids digestion); Oil/Ghee (Snigdha, unctuous, balances Vata and nourishes tissues); Turmeric (Ushna, anti-inflammatory, purifies blood); Red Chilli Powder (Ushna, heating, use sparingly for Pitta); Garam Masala (Ushna, kindles Agni, aids digestion); Salt (Ushna, enhances taste, balances electrolytes)"
Shahi paneer,Pan-India / General Home Cooking,Curry/Gravy,Veg,A vegetarian curry/gravy typically made with paneer.,Paneer,,156.5,5.06,6.64,12.34,5.01,1.4,215.35,125.38,0.62,30.83,78.58,"Paneer, Onion, Tomato, Ginger-Garlic Paste, Oil/Ghee, Turmeric, Red Chilli Powder, Garam Masala, Salt","Paneer (Guru, Snigdha, cooling and nourishing); Onion (Ushna, stimulates Agni, balances Kapha and Vata); Tomato (Amla, sour, stimulates digestion, use sparingly for Pitta); Ginger-Garlic Paste (Ushna, kindles Agni, aids digestion); Oil/Ghee (Snigdha, unctuous, balances Vata and nourishes tissues); Turmeric (Ushna, anti-inflammatory, purifies blood); Red Chilli Powder (Ushna, heating, use sparingly for Pitta); Garam Masala (Ushna, kindles Agni, aids digestion); Salt (Ushna, enhances taste, balances electrolytes)"
Shahi suji halwa,Pan-India / General Home Cooking,Sweet,Veg,A vegetarian sweet typically made with semolina.,Semolina,,382.34,3.48,44.44,21.73,27.21,2.96,2.18,18.64,0.98,0.02,7.46,"Semolina, Sugar, Ghee, Milk/Khoya, Cardamom","Semolina (Balances doshas when eaten fresh and in moderation); Sugar (Guru, Madhura, builds Ojas but heavy for Kapha); Ghee (Snigdha, unctuous, balances Vata and nourishes tissues); Milk/Khoya (Guru, Shita, cooling and building, balances Pitta); Cardamom (Ushna, aromatic, soothes digestion)"
Shishu ahar,Pan-India / General Home Cooking,Curry/Gravy,Veg,A vegetarian curry/gravy.,Rice,,93.37,2.61,17.42,1.43,6.61,1.02,2.68,13.78,1.02,0.0,17.34,"Rice, Onion, Tomato, Ginger-Garlic Paste, Oil/Ghee, Turmeric, Red Chilli Powder, Garam Masala, Salt","Rice (Laghu, easy to digest, balances Kapha); Onion (Ushna, stimulates Agni, balances Kapha and Vata); Tomato (Amla, sour, stimulates digestion, use sparingly for Pitta); Ginger-Garlic Paste (Ushna, kindles Agni, aids digestion); Oil/Ghee (Snigdha, unctuous, balances Vata and nourishes tissues); Turmeric (Ushna, anti-inflammatory, purifies blood); Red Chilli Powder (Ushna, heating, use sparingly for Pitta); Garam Masala (Ushna, kindles Agni, aids digestion); Salt (Ushna, enhances taste, balances electrolytes)"
Short crust pastry,Pan-India / General Home Cooking,Bakery (Cake/Pastry),Veg,A vegetarian bakery.,Refined Flour (Maida),,422.1,6.11,44.72,23.98,3.18,1.58,97.2,16.9,1.02,,,"Refined Flour (Maida), Sugar, Butter, Egg, Baking Powder, Milk","Refined Flour (Maida) (Guru, heavier to digest, best in moderation); Sugar (Guru, Madhura, builds Ojas but heavy for Kapha); Butter (Snigdha, unctuous, balances Vata); Egg (Guru, Ushna, builds strength, use moderately for Pitta); Baking Powder (Neutral, leavening agent); Milk (Guru, Shita, cooling and building, balances Pitta)"
Small onion pickle,Pan-India / General Home Cooking,Pickle/Preserve,Veg,A vegetarian pickle/preserve typically made with onion.,Onion,,16.86,1.65,2.76,0.64,2.99,1.09,249.48,31.95,1.2,19.37,16.9,"Onion, Oil, Mustard Seeds, Turmeric, Red Chilli Powder, Salt","Onion (Ushna, stimulates Agni, balances Kapha and Vata); Oil (Snigdha, unctuous, balances Vata); Mustard Seeds (Ushna, stimulates digestion); Turmeric (Ushna, anti-inflammatory, purifies blood); Red Chilli Powder (Ushna, heating, use sparingly for Pitta); Salt (Ushna, enhances taste, balances electrolytes)"
Snow flakes pudding,Pan-India / General Home Cooking,Dessert (Souffle/Custard/Pudding),Veg,A vegetarian dessert.,Milk,,95.21,4.67,8.07,4.97,8.01,0.03,39.6,101.33,0.42,5.47,42.48,"Milk, Sugar, Egg, Cornflour","Milk (Guru, Shita, cooling and building, balances Pitta); Sugar (Guru, Madhura, builds Ojas but heavy for Kapha); Egg (Guru, Ushna, builds strength, use moderately for Pitta); Cornflour (Balances doshas when eaten fresh and in moderation)"
Sour lentils (Khatti dal),Pan-India / General Home Cooking,Curry/Gravy,Veg,A vegetarian curry/gravy.,Lentils,,34.79,2.22,6.04,0.12,1.25,1.22,115.6,8.29,0.85,1.88,22.49,"Lentils, Onion, Tomato, Ginger-Garlic Paste, Oil/Ghee, Turmeric, Red Chilli Powder, Garam Masala, Salt","Lentils (Laghu, protein-rich, balances Kapha); Onion (Ushna, stimulates Agni, balances Kapha and Vata); Tomato (Amla, sour, stimulates digestion, use sparingly for Pitta); Ginger-Garlic Paste (Ushna, kindles Agni, aids digestion); Oil/Ghee (Snigdha, unctuous, balances Vata and nourishes tissues); Turmeric (Ushna, anti-inflammatory, purifies blood); Red Chilli Powder (Ushna, heating, use sparingly for Pitta); Garam Masala (Ushna, kindles Agni, aids digestion); Salt (Ushna, enhances taste, balances electrolytes)"
Soya chikki,Pan-India / General Home Cooking,Sweet,Veg,A vegetarian sweet typically made with soybean.,Soybean,,423.7,7.18,62.89,15.51,45.47,3.55,17.24,81.25,4.47,0.0,36.21,"Soybean, Sugar, Ghee, Milk/Khoya, Cardamom","Soybean (Balances doshas when eaten fresh and in moderation); Sugar (Guru, Madhura, builds Ojas but heavy for Kapha); Ghee (Snigdha, unctuous, balances Vata and nourishes tissues); Milk/Khoya (Guru, Shita, cooling and building, balances Pitta); Cardamom (Ushna, aromatic, soothes digestion)"
Soya chunks and peas (Nutrinugget matar),Pan-India / General Home Cooking,Curry/Gravy,Veg,"A vegetarian curry/gravy typically made with soybean, green peas.","Soybean, Green Peas",,82.62,3.03,5.82,5.11,1.64,2.86,70.97,20.32,0.99,39.15,52.1,"Soybean, Green Peas, Onion, Tomato, Ginger-Garlic Paste, Oil/Ghee, Turmeric, Red Chilli Powder, Garam Masala, Salt","Soybean (Balances doshas when eaten fresh and in moderation); Green Peas (Balances doshas when eaten fresh and in moderation); Onion (Ushna, stimulates Agni, balances Kapha and Vata); Tomato (Amla, sour, stimulates digestion, use sparingly for Pitta); Ginger-Garlic Paste (Ushna, kindles Agni, aids digestion); Oil/Ghee (Snigdha, unctuous, balances Vata and nourishes tissues); Turmeric (Ushna, anti-inflammatory, purifies blood); Red Chilli Powder (Ushna, heating, use sparingly for Pitta); Garam Masala (Ushna, kindles Agni, aids digestion); Salt (Ushna, enhances taste, balances electrolytes)"
Soya chunks sweet and sour (Nutrinugget sweet and sour),Pan-India / General Home Cooking,Curry/Gravy,Veg,A vegetarian curry/gravy typically made with soybean.,Soybean,,500.94,2.85,3.27,55.99,1.1,0.86,2257.67,13.89,0.7,37.78,40.59,"Soybean, Onion, Tomato, Ginger-Garlic Paste, Oil/Ghee, Turmeric, Red Chilli Powder, Garam Masala, Salt","Soybean (Balances doshas when eaten fresh and in moderation); Onion (Ushna, stimulates Agni, balances Kapha and Vata); Tomato (Amla, sour, stimulates digestion, use sparingly for Pitta); Ginger-Garlic Paste (Ushna, kindles Agni, aids digestion); Oil/Ghee (Snigdha, unctuous, balances Vata and nourishes tissues); Turmeric (Ushna, anti-inflammatory, purifies blood); Red Chilli Powder (Ushna, heating, use sparingly for Pitta); Garam Masala (Ushna, kindles Agni, aids digestion); Salt (Ushna, enhances taste, balances electrolytes)"
Soya roti,Pan-India / General Home Cooking,Bread/Roti,Veg,A vegetarian bread/roti typically made with soybean.,Soybean,,283.96,9.18,40.03,9.23,1.58,8.71,155.93,53.42,3.85,4.04,35.91,"Soybean, Wheat Flour, Salt, Water, Oil/Ghee","Soybean (Balances doshas when eaten fresh and in moderation); Wheat Flour (Guru, nourishing, grounds Vata); Salt (Ushna, enhances taste, balances electrolytes); Water (Balances doshas when eaten fresh and in moderation); Oil/Ghee (Snigdha, unctuous, balances Vata and nourishes tissues)"
Soyabean curry,Pan-India / General Home Cooking,Curry/Gravy,Veg,A vegetarian curry/gravy.,Soyabean,,163.28,10.43,6.76,10.19,2.66,7.34,352.69,65.13,2.79,15.13,103.88,"Soyabean, Onion, Tomato, Ginger-Garlic Paste, Oil/Ghee, Turmeric, Red Chilli Powder, Garam Masala, Salt","Soyabean (Guru, protein-dense, needs strong Agni); Onion (Ushna, stimulates Agni, balances Kapha and Vata); Tomato (Amla, sour, stimulates digestion, use sparingly for Pitta); Ginger-Garlic Paste (Ushna, kindles Agni, aids digestion); Oil/Ghee (Snigdha, unctuous, balances Vata and nourishes tissues); Turmeric (Ushna, anti-inflammatory, purifies blood); Red Chilli Powder (Ushna, heating, use sparingly for Pitta); Garam Masala (Ushna, kindles Agni, aids digestion); Salt (Ushna, enhances taste, balances electrolytes)"
Soyabean muthias,Pan-India / General Home Cooking,Snack (Dry/Namkeen),Veg,A vegetarian snack.,Soyabean,,839.33,2.46,3.7,90.45,0.17,1.47,78.25,12.16,0.6,0.79,22.43,"Soyabean, Gram Flour (Besan), Oil, Spices, Salt","Soyabean (Guru, protein-dense, needs strong Agni); Gram Flour (Besan) (Laghu, light, balances Kapha); Oil (Snigdha, unctuous, balances Vata); Spices (Balances doshas when eaten fresh and in moderation); Salt (Ushna, enhances taste, balances electrolytes)"
Soyabean namak paras,Pan-India / General Home Cooking,Snack (Dry/Namkeen),Veg,A vegetarian snack.,Soyabean,,838.46,2.65,4.65,89.83,0.22,1.41,72.05,12.13,0.64,0.0,45.64,"Soyabean, Gram Flour (Besan), Oil, Spices, Salt","Soyabean (Guru, protein-dense, needs strong Agni); Gram Flour (Besan) (Laghu, light, balances Kapha); Oil (Snigdha, unctuous, balances Vata); Spices (Balances doshas when eaten fresh and in moderation); Salt (Ushna, enhances taste, balances electrolytes)"
Soyabean tikki,Pan-India / General Home Cooking,Snack (Fried),Veg,A vegetarian snack.,Soyabean,,698.17,3.53,4.39,74.02,0.35,2.2,88.72,29.23,1.04,6.71,57.9,"Soyabean, Gram Flour (Besan)/Refined Flour, Oil (for frying), Spices, Salt","Soyabean (Guru, protein-dense, needs strong Agni); Gram Flour (Besan)/Refined Flour (Guru, heavier to digest, best in moderation); Oil (for frying) (Snigdha, unctuous, balances Vata); Spices (Balances doshas when eaten fresh and in moderation); Salt (Ushna, enhances taste, balances electrolytes)"
Spicy corn chaat,Pan-India / General Home Cooking,Snack (Fried),Veg,A vegetarian snack.,Corn,,479.8,4.61,11.45,46.55,0.95,2.17,86.5,17.28,0.84,14.1,227.37,"Corn, Gram Flour (Besan)/Refined Flour, Oil (for frying), Spices, Salt","Corn (Balances doshas when eaten fresh and in moderation); Gram Flour (Besan)/Refined Flour (Guru, heavier to digest, best in moderation); Oil (for frying) (Snigdha, unctuous, balances Vata); Spices (Balances doshas when eaten fresh and in moderation); Salt (Ushna, enhances taste, balances electrolytes)"
Spinach and paneer souffle,Pan-India / General Home Cooking,Dessert (Souffle/Custard/Pudding),Veg,"A vegetarian dessert typically made with spinach, paneer.","Spinach, Paneer",,186.19,7.56,9.64,13.49,2.81,1.07,434.68,114.32,1.4,10.82,133.95,"Spinach, Paneer, Milk, Sugar, Egg, Cornflour","Spinach (Laghu, cooling, iron-rich); Paneer (Guru, Snigdha, cooling and nourishing); Milk (Guru, Shita, cooling and building, balances Pitta); Sugar (Guru, Madhura, builds Ojas but heavy for Kapha); Egg (Guru, Ushna, builds strength, use moderately for Pitta); Cornflour (Balances doshas when eaten fresh and in moderation)"
Spinach and potato (Palak aloo),Pan-India / General Home Cooking,Curry/Gravy,Veg,"A vegetarian curry/gravy typically made with potato, spinach.","Potato, Spinach",,57.17,1.63,5.91,2.82,0.93,2.04,62.46,43.67,1.59,78.73,242.0,"Potato, Spinach, Onion, Tomato, Ginger-Garlic Paste, Oil/Ghee, Turmeric, Red Chilli Powder, Garam Masala, Salt","Potato (Guru, Vata aggravating in excess); Spinach (Laghu, cooling, iron-rich); Onion (Ushna, stimulates Agni, balances Kapha and Vata); Tomato (Amla, sour, stimulates digestion, use sparingly for Pitta); Ginger-Garlic Paste (Ushna, kindles Agni, aids digestion); Oil/Ghee (Snigdha, unctuous, balances Vata and nourishes tissues); Turmeric (Ushna, anti-inflammatory, purifies blood); Red Chilli Powder (Ushna, heating, use sparingly for Pitta); Garam Masala (Ushna, kindles Agni, aids digestion); Salt (Ushna, enhances taste, balances electrolytes)"
Spinach burfi (Palak burfi),Pan-India / General Home Cooking,Sweet,Veg,A vegetarian sweet typically made with spinach.,Spinach,,121.17,2.71,12.76,6.81,12.12,1.17,27.77,93.68,1.05,8.57,39.63,"Spinach, Sugar, Ghee, Milk/Khoya, Cardamom","Spinach (Laghu, cooling, iron-rich); Sugar (Guru, Madhura, builds Ojas but heavy for Kapha); Ghee (Snigdha, unctuous, balances Vata and nourishes tissues); Milk/Khoya (Guru, Shita, cooling and building, balances Pitta); Cardamom (Ushna, aromatic, soothes digestion)"
Spinach khichri (Palak khichri/khichdi),Pan-India / General Home Cooking,Rice Dish,Veg,A vegetarian rice dish typically made with spinach.,Spinach,,102.18,3.43,17.35,1.91,0.21,1.56,69.59,10.43,0.65,3.03,28.15,"Spinach, Rice, Oil/Ghee, Whole Spices, Salt","Spinach (Laghu, cooling, iron-rich); Rice (Laghu, easy to digest, balances Kapha); Oil/Ghee (Snigdha, unctuous, balances Vata and nourishes tissues); Whole Spices (Ushna, kindles Agni, aids digestion); Salt (Ushna, enhances taste, balances electrolytes)"
Spinach kofta curry (Palak kofta curry),Pan-India / General Home Cooking,Curry/Gravy,Veg,A vegetarian curry/gravy typically made with spinach.,Spinach,,571.78,1.09,3.56,61.49,0.82,0.92,104.51,29.31,0.83,64.05,250.89,"Spinach, Onion, Tomato, Ginger-Garlic Paste, Oil/Ghee, Turmeric, Red Chilli Powder, Garam Masala, Salt","Spinach (Laghu, cooling, iron-rich); Onion (Ushna, stimulates Agni, balances Kapha and Vata); Tomato (Amla, sour, stimulates digestion, use sparingly for Pitta); Ginger-Garlic Paste (Ushna, kindles Agni, aids digestion); Oil/Ghee (Snigdha, unctuous, balances Vata and nourishes tissues); Turmeric (Ushna, anti-inflammatory, purifies blood); Red Chilli Powder (Ushna, heating, use sparingly for Pitta); Garam Masala (Ushna, kindles Agni, aids digestion); Salt (Ushna, enhances taste, balances electrolytes)"
Spinach mushroom (Palak mushroom),Pan-India / General Home Cooking,Curry/Gravy,Veg,"A vegetarian curry/gravy typically made with spinach, mushroom.","Spinach, Mushroom",,47.63,1.94,2.95,2.96,1.0,2.27,70.97,49.75,1.69,60.21,232.9,"Spinach, Mushroom, Onion, Tomato, Ginger-Garlic Paste, Oil/Ghee, Turmeric, Red Chilli Powder, Garam Masala, Salt","Spinach (Laghu, cooling, iron-rich); Mushroom (Balances doshas when eaten fresh and in moderation); Onion (Ushna, stimulates Agni, balances Kapha and Vata); Tomato (Amla, sour, stimulates digestion, use sparingly for Pitta); Ginger-Garlic Paste (Ushna, kindles Agni, aids digestion); Oil/Ghee (Snigdha, unctuous, balances Vata and nourishes tissues); Turmeric (Ushna, anti-inflammatory, purifies blood); Red Chilli Powder (Ushna, heating, use sparingly for Pitta); Garam Masala (Ushna, kindles Agni, aids digestion); Salt (Ushna, enhances taste, balances electrolytes)"
Spinach mushroom scrambled egg (Palak mushroom bhurji),Pan-India / General Home Cooking,Curry/Gravy,Egg (Ovo-Veg),"A egg-based curry/gravy typically made with spinach, mushroom, egg.","Spinach, Mushroom, Egg",,158.85,13.28,0.59,11.51,0.1,0.39,227.97,140.31,1.6,2.27,54.24,"Spinach, Mushroom, Egg, Onion, Tomato, Ginger-Garlic Paste, Oil/Ghee, Turmeric, Red Chilli Powder, Garam Masala, Salt","Spinach (Laghu, cooling, iron-rich); Mushroom (Balances doshas when eaten fresh and in moderation); Egg (Guru, Ushna, builds strength, use moderately for Pitta); Onion (Ushna, stimulates Agni, balances Kapha and Vata); Tomato (Amla, sour, stimulates digestion, use sparingly for Pitta); Ginger-Garlic Paste (Ushna, kindles Agni, aids digestion); Oil/Ghee (Snigdha, unctuous, balances Vata and nourishes tissues); Turmeric (Ushna, anti-inflammatory, purifies blood); Red Chilli Powder (Ushna, heating, use sparingly for Pitta); Garam Masala (Ushna, kindles Agni, aids digestion); Salt (Ushna, enhances taste, balances electrolytes)"
Spinach mutton (Palak mutton),Pan-India / General Home Cooking,Curry/Gravy,Non-Veg,"A non-vegetarian curry/gravy typically made with spinach, mutton.","Spinach, Mutton",,80.32,5.74,3.45,4.71,1.42,2.23,121.1,96.88,2.38,88.11,391.34,"Spinach, Mutton, Onion, Tomato, Ginger-Garlic Paste, Oil/Ghee, Turmeric, Red Chilli Powder, Garam Masala, Salt","Spinach (Laghu, cooling, iron-rich); Mutton (Guru, Ushna, heavy and warming); Onion (Ushna, stimulates Agni, balances Kapha and Vata); Tomato (Amla, sour, stimulates digestion, use sparingly for Pitta); Ginger-Garlic Paste (Ushna, kindles Agni, aids digestion); Oil/Ghee (Snigdha, unctuous, balances Vata and nourishes tissues); Turmeric (Ushna, anti-inflammatory, purifies blood); Red Chilli Powder (Ushna, heating, use sparingly for Pitta); Garam Masala (Ushna, kindles Agni, aids digestion); Salt (Ushna, enhances taste, balances electrolytes)"
Spinach pakora/pakoda (Palak pakoda),Pan-India / General Home Cooking,Snack (Fried),Veg,A vegetarian snack typically made with spinach.,Spinach,,712.62,1.96,4.68,76.38,0.2,1.02,69.54,10.99,0.52,12.12,153.51,"Spinach, Gram Flour (Besan)/Refined Flour, Oil (for frying), Spices, Salt","Spinach (Laghu, cooling, iron-rich); Gram Flour (Besan)/Refined Flour (Guru, heavier to digest, best in moderation); Oil (for frying) (Snigdha, unctuous, balances Vata); Spices (Balances doshas when eaten fresh and in moderation); Salt (Ushna, enhances taste, balances electrolytes)"
Spinach paneer (Palak paneer),Pan-India / General Home Cooking,Curry/Gravy,Veg,"A vegetarian curry/gravy typically made with spinach, paneer.","Spinach, Paneer",,77.68,4.03,4.43,4.76,2.55,1.91,166.87,113.25,1.85,60.21,267.05,"Spinach, Paneer, Onion, Tomato, Ginger-Garlic Paste, Oil/Ghee, Turmeric, Red Chilli Powder, Garam Masala, Salt","Spinach (Laghu, cooling, iron-rich); Paneer (Guru, Snigdha, cooling and nourishing); Onion (Ushna, stimulates Agni, balances Kapha and Vata); Tomato (Amla, sour, stimulates digestion, use sparingly for Pitta); Ginger-Garlic Paste (Ushna, kindles Agni, aids digestion); Oil/Ghee (Snigdha, unctuous, balances Vata and nourishes tissues); Turmeric (Ushna, anti-inflammatory, purifies blood); Red Chilli Powder (Ushna, heating, use sparingly for Pitta); Garam Masala (Ushna, kindles Agni, aids digestion); Salt (Ushna, enhances taste, balances electrolytes)"
Spinach paneer kofta curry (Palak paneer kofta curry),Pan-India / General Home Cooking,Curry/Gravy,Veg,"A vegetarian curry/gravy typically made with spinach, paneer.","Spinach, Paneer",,606.03,1.43,2.94,65.41,1.16,0.75,99.37,37.71,0.68,47.34,197.93,"Spinach, Paneer, Onion, Tomato, Ginger-Garlic Paste, Oil/Ghee, Turmeric, Red Chilli Powder, Garam Masala, Salt","Spinach (Laghu, cooling, iron-rich); Paneer (Guru, Snigdha, cooling and nourishing); Onion (Ushna, stimulates Agni, balances Kapha and Vata); Tomato (Amla, sour, stimulates digestion, use sparingly for Pitta); Ginger-Garlic Paste (Ushna, kindles Agni, aids digestion); Oil/Ghee (Snigdha, unctuous, balances Vata and nourishes tissues); Turmeric (Ushna, anti-inflammatory, purifies blood); Red Chilli Powder (Ushna, heating, use sparingly for Pitta); Garam Masala (Ushna, kindles Agni, aids digestion); Salt (Ushna, enhances taste, balances electrolytes)"
Spinach peanut burfi (Palak aur mungfali ki burfi),Pan-India / General Home Cooking,Sweet,Veg,"A vegetarian sweet typically made with spinach, peanut.","Spinach, Peanut",,105.37,3.36,13.59,4.39,11.5,2.07,19.52,40.95,1.61,30.28,164.72,"Spinach, Peanut, Sugar, Ghee, Milk/Khoya, Cardamom","Spinach (Laghu, cooling, iron-rich); Peanut (Guru, Ushna, energy dense); Sugar (Guru, Madhura, builds Ojas but heavy for Kapha); Ghee (Snigdha, unctuous, balances Vata and nourishes tissues); Milk/Khoya (Guru, Shita, cooling and building, balances Pitta); Cardamom (Ushna, aromatic, soothes digestion)"
Spinach peanut namak paras (Palak moongfali namak paras),Pan-India / General Home Cooking,Snack (Dry/Namkeen),Veg,"A vegetarian snack typically made with spinach, peanut.","Spinach, Peanut",,740.16,1.65,6.62,78.51,0.28,0.81,73.15,13.35,0.67,11.39,64.2,"Spinach, Peanut, Gram Flour (Besan), Oil, Spices, Salt","Spinach (Laghu, cooling, iron-rich); Peanut (Guru, Ushna, energy dense); Gram Flour (Besan) (Laghu, light, balances Kapha); Oil (Snigdha, unctuous, balances Vata); Spices (Balances doshas when eaten fresh and in moderation); Salt (Ushna, enhances taste, balances electrolytes)"
Spinach poori (Palak poori),Pan-India / General Home Cooking,Bread/Roti,Veg,A vegetarian bread/roti typically made with spinach.,Spinach,,684.25,1.42,7.76,71.86,0.24,1.55,35.47,10.02,0.79,3.03,18.9,"Spinach, Wheat Flour, Salt, Water, Oil/Ghee","Spinach (Laghu, cooling, iron-rich); Wheat Flour (Guru, nourishing, grounds Vata); Salt (Ushna, enhances taste, balances electrolytes); Water (Balances doshas when eaten fresh and in moderation); Oil/Ghee (Snigdha, unctuous, balances Vata and nourishes tissues)"
Spinach raita (Palak ka raita),Pan-India / General Home Cooking,Curry/Side (Raita),Veg,A vegetarian curry/side typically made with spinach.,Spinach,,52.75,3.95,5.06,1.86,3.97,1.39,126.57,142.96,1.61,32.9,160.65,"Spinach, Onion, Tomato, Ginger-Garlic Paste, Oil/Ghee, Turmeric, Red Chilli Powder, Garam Masala, Salt, Yogurt, Roasted Cumin Powder, Coriander Leaves","Spinach (Laghu, cooling, iron-rich); Onion (Ushna, stimulates Agni, balances Kapha and Vata); Tomato (Amla, sour, stimulates digestion, use sparingly for Pitta); Ginger-Garlic Paste (Ushna, kindles Agni, aids digestion); Oil/Ghee (Snigdha, unctuous, balances Vata and nourishes tissues); Turmeric (Ushna, anti-inflammatory, purifies blood); Red Chilli Powder (Ushna, heating, use sparingly for Pitta); Garam Masala (Ushna, kindles Agni, aids digestion); Salt (Ushna, enhances taste, balances electrolytes); Yogurt (Amla, Guru, sour and cooling in moderation); Roasted Cumin Powder (Ushna, kindles Agni, eases digestion); Coriander Leaves (Shita, cooling, soothes Pitta)"
Spinach souffle,Pan-India / General Home Cooking,Dessert (Souffle/Custard/Pudding),Veg,A vegetarian dessert typically made with spinach.,Spinach,,150.18,7.36,6.27,10.52,0.89,1.44,244.07,133.69,2.15,30.28,172.47,"Spinach, Milk, Sugar, Egg, Cornflour","Spinach (Laghu, cooling, iron-rich); Milk (Guru, Shita, cooling and building, balances Pitta); Sugar (Guru, Madhura, builds Ojas but heavy for Kapha); Egg (Guru, Ushna, builds strength, use moderately for Pitta); Cornflour (Balances doshas when eaten fresh and in moderation)"
Split bengal gram burfi/fudge (Channa dal burfi),Pan-India / General Home Cooking,Sweet,Veg,A vegetarian sweet typically made with chickpeas.,Chickpeas,,287.36,4.65,54.63,7.09,43.38,2.06,2.53,16.44,0.62,0.6,24.28,"Chickpeas, Sugar, Ghee, Milk/Khoya, Cardamom","Chickpeas (Laghu, grounding, aids digestion); Sugar (Guru, Madhura, builds Ojas but heavy for Kapha); Ghee (Snigdha, unctuous, balances Vata and nourishes tissues); Milk/Khoya (Guru, Shita, cooling and building, balances Pitta); Cardamom (Ushna, aromatic, soothes digestion)"
Split bengal gram dal (Channa dal),Pan-India / General Home Cooking,Curry/Gravy,Veg,A vegetarian curry/gravy typically made with chickpeas.,Chickpeas,,99.67,4.15,9.99,4.62,0.98,3.72,46.4,21.99,1.92,13.38,103.45,"Chickpeas, Onion, Tomato, Ginger-Garlic Paste, Oil/Ghee, Turmeric, Red Chilli Powder, Garam Masala, Salt","Chickpeas (Laghu, grounding, aids digestion); Onion (Ushna, stimulates Agni, balances Kapha and Vata); Tomato (Amla, sour, stimulates digestion, use sparingly for Pitta); Ginger-Garlic Paste (Ushna, kindles Agni, aids digestion); Oil/Ghee (Snigdha, unctuous, balances Vata and nourishes tissues); Turmeric (Ushna, anti-inflammatory, purifies blood); Red Chilli Powder (Ushna, heating, use sparingly for Pitta); Garam Masala (Ushna, kindles Agni, aids digestion); Salt (Ushna, enhances taste, balances electrolytes)"
Split bengal gram dal and vegetable pulao (Channa dal and vegetable pulao),Pan-India / General Home Cooking,Rice Dish,Veg,A vegetarian rice dish typically made with chickpeas.,Chickpeas,,116.53,3.6,19.72,2.3,1.59,3.16,98.07,19.09,0.82,27.07,104.21,"Chickpeas, Rice, Oil/Ghee, Whole Spices, Salt","Chickpeas (Laghu, grounding, aids digestion); Rice (Laghu, easy to digest, balances Kapha); Oil/Ghee (Snigdha, unctuous, balances Vata and nourishes tissues); Whole Spices (Ushna, kindles Agni, aids digestion); Salt (Ushna, enhances taste, balances electrolytes)"
Split bengal gram sweet rice (Channa dal sweet rice),Pan-India / General Home Cooking,Rice Dish,Veg,"A vegetarian rice dish typically made with rice, chickpeas.","Rice, Chickpeas",,190.21,4.15,41.07,0.64,19.41,2.23,8.38,30.37,1.77,0.0,48.48,"Rice, Chickpeas, Oil/Ghee, Whole Spices, Salt","Rice (Laghu, easy to digest, balances Kapha); Chickpeas (Laghu, grounding, aids digestion); Oil/Ghee (Snigdha, unctuous, balances Vata and nourishes tissues); Whole Spices (Ushna, kindles Agni, aids digestion); Salt (Ushna, enhances taste, balances electrolytes)"
Split bengal gram with bottle gourd (Channa dal with ghiya/lauki),Pan-India / General Home Cooking,Curry/Gravy,Veg,"A vegetarian curry/gravy typically made with chickpeas, bottle gourd.","Chickpeas, Bottle Gourd",,73.25,2.79,7.1,3.6,1.05,2.72,149.47,14.33,0.99,15.2,90.42,"Chickpeas, Bottle Gourd, Onion, Tomato, Ginger-Garlic Paste, Oil/Ghee, Turmeric, Red Chilli Powder, Garam Masala, Salt","Chickpeas (Laghu, grounding, aids digestion); Bottle Gourd (Laghu, light, supports digestion); Onion (Ushna, stimulates Agni, balances Kapha and Vata); Tomato (Amla, sour, stimulates digestion, use sparingly for Pitta); Ginger-Garlic Paste (Ushna, kindles Agni, aids digestion); Oil/Ghee (Snigdha, unctuous, balances Vata and nourishes tissues); Turmeric (Ushna, anti-inflammatory, purifies blood); Red Chilli Powder (Ushna, heating, use sparingly for Pitta); Garam Masala (Ushna, kindles Agni, aids digestion); Salt (Ushna, enhances taste, balances electrolytes)"
Spring roll,Pan-India / General Home Cooking,Snack (Fried),Veg,A vegetarian snack.,Cabbage,,623.87,1.81,8.56,64.63,0.6,0.67,132.84,9.51,0.49,4.59,9.59,"Cabbage, Gram Flour (Besan)/Refined Flour, Oil (for frying), Spices, Salt","Cabbage (Laghu, Shita, light but can increase Vata); Gram Flour (Besan)/Refined Flour (Guru, heavier to digest, best in moderation); Oil (for frying) (Snigdha, unctuous, balances Vata); Spices (Balances doshas when eaten fresh and in moderation); Salt (Ushna, enhances taste, balances electrolytes)"
Sprouted moong dal chat,Pan-India / General Home Cooking,Curry/Gravy,Veg,A vegetarian curry/gravy typically made with moong dal.,Moong Dal,,32.47,1.35,6.01,0.32,1.57,1.35,87.07,16.54,0.88,38.78,43.12,"Moong Dal, Onion, Tomato, Ginger-Garlic Paste, Oil/Ghee, Turmeric, Red Chilli Powder, Garam Masala, Salt","Moong Dal (Laghu, protein-rich, balances Kapha); Onion (Ushna, stimulates Agni, balances Kapha and Vata); Tomato (Amla, sour, stimulates digestion, use sparingly for Pitta); Ginger-Garlic Paste (Ushna, kindles Agni, aids digestion); Oil/Ghee (Snigdha, unctuous, balances Vata and nourishes tissues); Turmeric (Ushna, anti-inflammatory, purifies blood); Red Chilli Powder (Ushna, heating, use sparingly for Pitta); Garam Masala (Ushna, kindles Agni, aids digestion); Salt (Ushna, enhances taste, balances electrolytes)"
Sprouted moong daliya,Pan-India / General Home Cooking,Breakfast (Porridge/Cereal),Veg,A vegetarian breakfast typically made with moong dal.,Moong Dal,,111.56,2.81,14.77,4.71,1.67,3.12,196.73,22.62,1.29,7.53,35.24,"Moong Dal, Milk/Water, Sugar, Salt","Moong Dal (Laghu, protein-rich, balances Kapha); Milk/Water (Guru, Shita, cooling and building, balances Pitta); Sugar (Guru, Madhura, builds Ojas but heavy for Kapha); Salt (Ushna, enhances taste, balances electrolytes)"
Sprouted moong parantha/paratha,Pan-India / General Home Cooking,Breakfast/Tiffin,Veg,A vegetarian breakfast/tiffin typically made with moong dal.,Moong Dal,,228.59,4.29,24.31,12.43,1.47,4.49,153.94,20.33,1.94,2.0,12.52,"Moong Dal, Salt, Oil, Mixed Spices","Moong Dal (Laghu, protein-rich, balances Kapha); Salt (Ushna, enhances taste, balances electrolytes); Oil (Snigdha, unctuous, balances Vata); Mixed Spices (Ushna, kindles Agni, aids digestion)"
Sprouted moong poha,Pan-India / General Home Cooking,Breakfast/Tiffin,Veg,"A vegetarian breakfast/tiffin typically made with flattened rice, moong dal.","Flattened Rice, Moong Dal",,192.6,5.59,26.6,6.89,1.93,3.13,220.82,28.39,2.43,19.24,46.81,"Flattened Rice, Moong Dal, Salt, Oil, Mixed Spices","Flattened Rice (Laghu, light and easy to digest, balances Kapha); Moong Dal (Laghu, protein-rich, balances Kapha); Salt (Ushna, enhances taste, balances electrolytes); Oil (Snigdha, unctuous, balances Vata); Mixed Spices (Ushna, kindles Agni, aids digestion)"
Sprouted moong pulao,Pan-India / General Home Cooking,Rice Dish,Veg,A vegetarian rice dish typically made with moong dal.,Moong Dal,,112.97,2.19,17.49,3.61,1.43,1.78,153.16,16.26,0.65,7.53,43.15,"Moong Dal, Rice, Oil/Ghee, Whole Spices, Salt","Moong Dal (Laghu, protein-rich, balances Kapha); Rice (Laghu, easy to digest, balances Kapha); Oil/Ghee (Snigdha, unctuous, balances Vata and nourishes tissues); Whole Spices (Ushna, kindles Agni, aids digestion); Salt (Ushna, enhances taste, balances electrolytes)"
Sprouted moong raita,Pan-India / General Home Cooking,Curry/Side (Raita),Veg,A vegetarian curry/side typically made with moong dal.,Moong Dal,,60.89,4.62,6.13,2.19,5.59,0.16,189.2,139.44,0.86,3.59,27.0,"Moong Dal, Onion, Tomato, Ginger-Garlic Paste, Oil/Ghee, Turmeric, Red Chilli Powder, Garam Masala, Salt, Yogurt, Roasted Cumin Powder, Coriander Leaves","Moong Dal (Laghu, protein-rich, balances Kapha); Onion (Ushna, stimulates Agni, balances Kapha and Vata); Tomato (Amla, sour, stimulates digestion, use sparingly for Pitta); Ginger-Garlic Paste (Ushna, kindles Agni, aids digestion); Oil/Ghee (Snigdha, unctuous, balances Vata and nourishes tissues); Turmeric (Ushna, anti-inflammatory, purifies blood); Red Chilli Powder (Ushna, heating, use sparingly for Pitta); Garam Masala (Ushna, kindles Agni, aids digestion); Salt (Ushna, enhances taste, balances electrolytes); Yogurt (Amla, Guru, sour and cooling in moderation); Roasted Cumin Powder (Ushna, kindles Agni, eases digestion); Coriander Leaves (Shita, cooling, soothes Pitta)"
Sprouts upma,Pan-India / General Home Cooking,Breakfast/Tiffin,Veg,A vegetarian breakfast/tiffin.,Sprouts,,316.25,9.5,44.96,10.44,1.67,7.16,147.82,36.78,2.76,0.48,26.63,"Sprouts, Salt, Oil, Mixed Spices","Sprouts (Balances doshas when eaten fresh and in moderation); Salt (Ushna, enhances taste, balances electrolytes); Oil (Snigdha, unctuous, balances Vata); Mixed Spices (Ushna, kindles Agni, aids digestion)"
Starfruit preserves,Pan-India / General Home Cooking,Pickle/Preserve,Veg,A vegetarian pickle/preserve.,Starfruit,,128.93,0.24,33.62,0.12,33.47,0.78,2.06,5.24,0.2,17.65,4.32,"Starfruit, Oil, Mustard Seeds, Turmeric, Red Chilli Powder, Salt","Starfruit (Balances doshas when eaten fresh and in moderation); Oil (Snigdha, unctuous, balances Vata); Mustard Seeds (Ushna, stimulates digestion); Turmeric (Ushna, anti-inflammatory, purifies blood); Red Chilli Powder (Ushna, heating, use sparingly for Pitta); Salt (Ushna, enhances taste, balances electrolytes)"
Steamed orange pudding,Pan-India / General Home Cooking,Dessert (Souffle/Custard/Pudding),Veg,A vegetarian dessert typically made with orange.,Orange,,278.03,2.34,41.53,12.04,26.53,0.58,79.1,21.15,0.55,21.74,15.92,"Orange, Milk, Sugar, Egg, Cornflour","Orange (Balances doshas when eaten fresh and in moderation); Milk (Guru, Shita, cooling and building, balances Pitta); Sugar (Guru, Madhura, builds Ojas but heavy for Kapha); Egg (Guru, Ushna, builds strength, use moderately for Pitta); Cornflour (Balances doshas when eaten fresh and in moderation)"
Steeped hot coffee,Pan-India / General Home Cooking,Beverage (Tea/Coffee/Hot Drink),Veg,A vegetarian beverage typically made with coffee.,Coffee,,15.91,0.39,3.01,0.33,2.96,0.0,2.82,10.4,0.06,0.3,1.27,"Coffee, Water, Sugar, Ice, Milk","Coffee (Balances doshas when eaten fresh and in moderation); Water (Balances doshas when eaten fresh and in moderation); Sugar (Guru, Madhura, builds Ojas but heavy for Kapha); Ice (Balances doshas when eaten fresh and in moderation); Milk (Guru, Shita, cooling and building, balances Pitta)"
Stewed apple,Pan-India / General Home Cooking,Dessert (Souffle/Custard/Pudding),Veg,A vegetarian dessert typically made with apple.,Apple,,91.93,0.17,22.49,0.37,20.45,1.48,1.53,9.25,0.18,,,"Apple, Milk, Sugar, Egg, Cornflour","Apple (Laghu, Shita, cooling and light); Milk (Guru, Shita, cooling and building, balances Pitta); Sugar (Guru, Madhura, builds Ojas but heavy for Kapha); Egg (Guru, Ushna, builds strength, use moderately for Pitta); Cornflour (Balances doshas when eaten fresh and in moderation)"
Stewed fruit (with pear),Pan-India / General Home Cooking,Dessert (Souffle/Custard/Pudding),Veg,A vegetarian dessert.,Mixed Fruits,,74.32,0.25,18.22,0.32,17.67,2.84,1.7,5.94,0.21,2.48,4.33,"Mixed Fruits, Milk, Sugar, Egg, Cornflour","Mixed Fruits (Balances doshas when eaten fresh and in moderation); Milk (Guru, Shita, cooling and building, balances Pitta); Sugar (Guru, Madhura, builds Ojas but heavy for Kapha); Egg (Guru, Ushna, builds strength, use moderately for Pitta); Cornflour (Balances doshas when eaten fresh and in moderation)"
Stuffed baked potatoes,Pan-India / General Home Cooking,Curry/Gravy,Veg,A vegetarian curry/gravy.,Potato,,100.2,3.82,11.03,4.39,0.4,1.31,92.09,25.72,0.81,18.77,23.25,"Potato, Onion, Tomato, Ginger-Garlic Paste, Oil/Ghee, Turmeric, Red Chilli Powder, Garam Masala, Salt","Potato (Guru, Vata aggravating in excess); Onion (Ushna, stimulates Agni, balances Kapha and Vata); Tomato (Amla, sour, stimulates digestion, use sparingly for Pitta); Ginger-Garlic Paste (Ushna, kindles Agni, aids digestion); Oil/Ghee (Snigdha, unctuous, balances Vata and nourishes tissues); Turmeric (Ushna, anti-inflammatory, purifies blood); Red Chilli Powder (Ushna, heating, use sparingly for Pitta); Garam Masala (Ushna, kindles Agni, aids digestion); Salt (Ushna, enhances taste, balances electrolytes)"
Stuffed bittergourd (dry) (Bharwa karela),Pan-India / General Home Cooking,Curry/Gravy,Veg,A vegetarian curry/gravy typically made with bitter gourd.,Bitter Gourd,,217.65,1.29,2.49,22.38,0.07,3.0,519.29,16.72,1.29,43.5,48.09,"Bitter Gourd, Onion, Tomato, Ginger-Garlic Paste, Oil/Ghee, Turmeric, Red Chilli Powder, Garam Masala, Salt","Bitter Gourd (Laghu, light, supports digestion); Onion (Ushna, stimulates Agni, balances Kapha and Vata); Tomato (Amla, sour, stimulates digestion, use sparingly for Pitta); Ginger-Garlic Paste (Ushna, kindles Agni, aids digestion); Oil/Ghee (Snigdha, unctuous, balances Vata and nourishes tissues); Turmeric (Ushna, anti-inflammatory, purifies blood); Red Chilli Powder (Ushna, heating, use sparingly for Pitta); Garam Masala (Ushna, kindles Agni, aids digestion); Salt (Ushna, enhances taste, balances electrolytes)"
Stuffed bittergourd (wet) (Bharwa karele),Pan-India / General Home Cooking,Curry/Gravy,Veg,A vegetarian curry/gravy.,Bittergourd,,162.36,1.36,4.68,15.24,1.95,2.86,360.09,17.25,0.91,46.93,63.07,"Bittergourd, Onion, Tomato, Ginger-Garlic Paste, Oil/Ghee, Turmeric, Red Chilli Powder, Garam Masala, Salt","Bittergourd (Laghu, light, supports digestion); Onion (Ushna, stimulates Agni, balances Kapha and Vata); Tomato (Amla, sour, stimulates digestion, use sparingly for Pitta); Ginger-Garlic Paste (Ushna, kindles Agni, aids digestion); Oil/Ghee (Snigdha, unctuous, balances Vata and nourishes tissues); Turmeric (Ushna, anti-inflammatory, purifies blood); Red Chilli Powder (Ushna, heating, use sparingly for Pitta); Garam Masala (Ushna, kindles Agni, aids digestion); Salt (Ushna, enhances taste, balances electrolytes)"
Stuffed bottle gourd (Stuffed ghiya/lauki),Pan-India / General Home Cooking,Curry/Gravy,Veg,A vegetarian curry/gravy typically made with bottle gourd.,Bottle Gourd,,93.19,5.84,4.36,5.8,1.52,1.18,106.99,71.83,0.66,9.01,92.91,"Bottle Gourd, Onion, Tomato, Ginger-Garlic Paste, Oil/Ghee, Turmeric, Red Chilli Powder, Garam Masala, Salt","Bottle Gourd (Laghu, light, supports digestion); Onion (Ushna, stimulates Agni, balances Kapha and Vata); Tomato (Amla, sour, stimulates digestion, use sparingly for Pitta); Ginger-Garlic Paste (Ushna, kindles Agni, aids digestion); Oil/Ghee (Snigdha, unctuous, balances Vata and nourishes tissues); Turmeric (Ushna, anti-inflammatory, purifies blood); Red Chilli Powder (Ushna, heating, use sparingly for Pitta); Garam Masala (Ushna, kindles Agni, aids digestion); Salt (Ushna, enhances taste, balances electrolytes)"
Stuffed brinjal (Bharwa baingan),Pan-India / General Home Cooking,Curry/Gravy,Veg,A vegetarian curry/gravy typically made with brinjal.,Brinjal,,93.0,1.53,3.96,7.73,0.92,4.09,212.88,24.37,0.75,1.13,17.11,"Brinjal, Onion, Tomato, Ginger-Garlic Paste, Oil/Ghee, Turmeric, Red Chilli Powder, Garam Masala, Salt","Brinjal (Laghu, light, supports digestion); Onion (Ushna, stimulates Agni, balances Kapha and Vata); Tomato (Amla, sour, stimulates digestion, use sparingly for Pitta); Ginger-Garlic Paste (Ushna, kindles Agni, aids digestion); Oil/Ghee (Snigdha, unctuous, balances Vata and nourishes tissues); Turmeric (Ushna, anti-inflammatory, purifies blood); Red Chilli Powder (Ushna, heating, use sparingly for Pitta); Garam Masala (Ushna, kindles Agni, aids digestion); Salt (Ushna, enhances taste, balances electrolytes)"
Stuffed capsicum (Bharwa shimla mirch),Pan-India / General Home Cooking,Curry/Gravy,Veg,"A vegetarian curry/gravy typically made with capsicum, chili.","Capsicum, Chili",,90.94,1.34,8.26,5.7,1.21,2.01,173.94,15.17,0.61,74.25,38.35,"Capsicum, Chili, Onion, Tomato, Ginger-Garlic Paste, Oil/Ghee, Turmeric, Red Chilli Powder, Garam Masala, Salt","Capsicum (Balances doshas when eaten fresh and in moderation); Chili (Balances doshas when eaten fresh and in moderation); Onion (Ushna, stimulates Agni, balances Kapha and Vata); Tomato (Amla, sour, stimulates digestion, use sparingly for Pitta); Ginger-Garlic Paste (Ushna, kindles Agni, aids digestion); Oil/Ghee (Snigdha, unctuous, balances Vata and nourishes tissues); Turmeric (Ushna, anti-inflammatory, purifies blood); Red Chilli Powder (Ushna, heating, use sparingly for Pitta); Garam Masala (Ushna, kindles Agni, aids digestion); Salt (Ushna, enhances taste, balances electrolytes)"
Stuffed okra (Bharwa bhindi),Pan-India / General Home Cooking,Curry/Gravy,Veg,A vegetarian curry/gravy typically made with okra.,Okra,,94.34,2.08,3.85,7.66,0.48,4.15,210.03,86.89,1.18,22.65,63.97,"Okra, Onion, Tomato, Ginger-Garlic Paste, Oil/Ghee, Turmeric, Red Chilli Powder, Garam Masala, Salt","Okra (Laghu, light, supports digestion); Onion (Ushna, stimulates Agni, balances Kapha and Vata); Tomato (Amla, sour, stimulates digestion, use sparingly for Pitta); Ginger-Garlic Paste (Ushna, kindles Agni, aids digestion); Oil/Ghee (Snigdha, unctuous, balances Vata and nourishes tissues); Turmeric (Ushna, anti-inflammatory, purifies blood); Red Chilli Powder (Ushna, heating, use sparingly for Pitta); Garam Masala (Ushna, kindles Agni, aids digestion); Salt (Ushna, enhances taste, balances electrolytes)"
Stuffed round gourd (Bharwa tinde),Pan-India / General Home Cooking,Curry/Gravy,Veg,A vegetarian curry/gravy.,Round Gourd,,72.8,1.1,4.02,5.75,1.96,2.1,180.15,20.21,0.59,37.36,71.07,"Round Gourd, Onion, Tomato, Ginger-Garlic Paste, Oil/Ghee, Turmeric, Red Chilli Powder, Garam Masala, Salt","Round Gourd (Laghu, light, supports digestion); Onion (Ushna, stimulates Agni, balances Kapha and Vata); Tomato (Amla, sour, stimulates digestion, use sparingly for Pitta); Ginger-Garlic Paste (Ushna, kindles Agni, aids digestion); Oil/Ghee (Snigdha, unctuous, balances Vata and nourishes tissues); Turmeric (Ushna, anti-inflammatory, purifies blood); Red Chilli Powder (Ushna, heating, use sparingly for Pitta); Garam Masala (Ushna, kindles Agni, aids digestion); Salt (Ushna, enhances taste, balances electrolytes)"
Stuffed tomatoes (Bharwa tamatar),Pan-India / General Home Cooking,Curry/Gravy,Veg,"A vegetarian curry/gravy typically made with tomato, green peas.","Tomato, Green Peas",,93.35,3.28,6.19,6.06,2.68,2.2,165.85,59.16,0.62,28.23,37.42,"Tomato, Green Peas, Onion, Ginger-Garlic Paste, Oil/Ghee, Turmeric, Red Chilli Powder, Garam Masala, Salt","Tomato (Amla, sour, stimulates digestion, use sparingly for Pitta); Green Peas (Balances doshas when eaten fresh and in moderation); Onion (Ushna, stimulates Agni, balances Kapha and Vata); Ginger-Garlic Paste (Ushna, kindles Agni, aids digestion); Oil/Ghee (Snigdha, unctuous, balances Vata and nourishes tissues); Turmeric (Ushna, anti-inflammatory, purifies blood); Red Chilli Powder (Ushna, heating, use sparingly for Pitta); Garam Masala (Ushna, kindles Agni, aids digestion); Salt (Ushna, enhances taste, balances electrolytes)"
Summer cooler,Pan-India / General Home Cooking,Beverage (Juice/Cooler),Veg,A vegetarian beverage.,Mixed Fruit,,22.43,0.37,5.43,0.04,5.21,0.2,1.57,8.13,0.28,103.5,63.89,"Mixed Fruit, Water, Sugar, Ice","Mixed Fruit (Balances doshas when eaten fresh and in moderation); Water (Balances doshas when eaten fresh and in moderation); Sugar (Guru, Madhura, builds Ojas but heavy for Kapha); Ice (Balances doshas when eaten fresh and in moderation)"
Sweet and sour tomato pickle (Khatta meetha tamatar ka achaar),Pan-India / General Home Cooking,Pickle/Preserve,Veg,"A vegetarian pickle/preserve typically made with tomato, green peas.","Tomato, Green Peas",,60.88,1.26,6.55,3.24,4.31,2.2,1281.94,15.18,0.54,,,"Tomato, Green Peas, Oil, Mustard Seeds, Turmeric, Red Chilli Powder, Salt","Tomato (Amla, sour, stimulates digestion, use sparingly for Pitta); Green Peas (Balances doshas when eaten fresh and in moderation); Oil (Snigdha, unctuous, balances Vata); Mustard Seeds (Ushna, stimulates digestion); Turmeric (Ushna, anti-inflammatory, purifies blood); Red Chilli Powder (Ushna, heating, use sparingly for Pitta); Salt (Ushna, enhances taste, balances electrolytes)"
Sweet couscous dessert,Pan-India / General Home Cooking,Dessert (Souffle/Custard/Pudding),Veg,A vegetarian dessert.,Couscous,,196.2,3.81,29.69,7.69,15.89,2.18,4.22,30.94,0.84,34.1,29.16,"Couscous, Milk, Sugar, Egg, Cornflour","Couscous (Balances doshas when eaten fresh and in moderation); Milk (Guru, Shita, cooling and building, balances Pitta); Sugar (Guru, Madhura, builds Ojas but heavy for Kapha); Egg (Guru, Ushna, builds strength, use moderately for Pitta); Cornflour (Balances doshas when eaten fresh and in moderation)"
Sweet lemon pickle (Neembu ka meetha achaar),Pan-India / General Home Cooking,Pickle/Preserve,Veg,A vegetarian pickle/preserve typically made with lemon.,Lemon,,69.54,1.22,16.87,0.21,14.63,2.13,6415.9,42.57,1.02,,,"Lemon, Oil, Mustard Seeds, Turmeric, Red Chilli Powder, Salt","Lemon (Amla, alkalising, stimulates Agni); Oil (Snigdha, unctuous, balances Vata); Mustard Seeds (Ushna, stimulates digestion); Turmeric (Ushna, anti-inflammatory, purifies blood); Red Chilli Powder (Ushna, heating, use sparingly for Pitta); Salt (Ushna, enhances taste, balances electrolytes)"
Sweet peach pickle (Aadoo ka achaar),Pan-India / General Home Cooking,Pickle/Preserve,Veg,A vegetarian pickle/preserve.,Peach,,144.64,0.46,37.01,0.2,36.46,1.32,33.04,11.99,0.33,7.36,8.5,"Peach, Oil, Mustard Seeds, Turmeric, Red Chilli Powder, Salt","Peach (Balances doshas when eaten fresh and in moderation); Oil (Snigdha, unctuous, balances Vata); Mustard Seeds (Ushna, stimulates digestion); Turmeric (Ushna, anti-inflammatory, purifies blood); Red Chilli Powder (Ushna, heating, use sparingly for Pitta); Salt (Ushna, enhances taste, balances electrolytes)"
Sweet poori (Meethi poori),Pan-India / General Home Cooking,Bread/Roti,Veg,A vegetarian bread/roti.,Wheat Flour,,782.75,2.12,14.26,79.63,7.15,1.54,2.57,34.24,1.13,0.0,18.38,"Wheat Flour, Salt, Water, Oil/Ghee","Wheat Flour (Guru, nourishing, grounds Vata); Salt (Ushna, enhances taste, balances electrolytes); Water (Balances doshas when eaten fresh and in moderation); Oil/Ghee (Snigdha, unctuous, balances Vata and nourishes tissues)"
Sweet raita (Meetha raita),Pan-India / General Home Cooking,Curry/Side (Raita),Veg,A vegetarian curry/side.,Yogurt,,99.24,3.24,17.93,1.78,15.36,1.02,42.98,108.91,0.21,5.2,24.9,"Yogurt, Onion, Tomato, Ginger-Garlic Paste, Oil/Ghee, Turmeric, Red Chilli Powder, Garam Masala, Salt, Roasted Cumin Powder, Coriander Leaves","Yogurt (Amla, Guru, sour and cooling in moderation); Onion (Ushna, stimulates Agni, balances Kapha and Vata); Tomato (Amla, sour, stimulates digestion, use sparingly for Pitta); Ginger-Garlic Paste (Ushna, kindles Agni, aids digestion); Oil/Ghee (Snigdha, unctuous, balances Vata and nourishes tissues); Turmeric (Ushna, anti-inflammatory, purifies blood); Red Chilli Powder (Ushna, heating, use sparingly for Pitta); Garam Masala (Ushna, kindles Agni, aids digestion); Salt (Ushna, enhances taste, balances electrolytes); Roasted Cumin Powder (Ushna, kindles Agni, eases digestion); Coriander Leaves (Shita, cooling, soothes Pitta)"
Sweet rice (Meethe chawal),Pan-India / General Home Cooking,Rice Dish,Veg,A vegetarian rice dish typically made with rice.,Rice,,215.41,2.1,42.59,4.57,24.8,1.13,3.2,11.38,0.34,0.21,10.65,"Rice, Oil/Ghee, Whole Spices, Salt","Rice (Laghu, easy to digest, balances Kapha); Oil/Ghee (Snigdha, unctuous, balances Vata and nourishes tissues); Whole Spices (Ushna, kindles Agni, aids digestion); Salt (Ushna, enhances taste, balances electrolytes)"
Sweet split chickpea roti (Sweet channa dal roti/Puranpoli),Pan-India / General Home Cooking,Bread/Roti,Veg,A vegetarian bread/roti typically made with chickpeas.,Chickpeas,,366.59,9.51,62.66,7.93,24.73,8.16,12.05,53.3,4.36,0.0,27.67,"Chickpeas, Wheat Flour, Salt, Water, Oil/Ghee","Chickpeas (Laghu, grounding, aids digestion); Wheat Flour (Guru, nourishing, grounds Vata); Salt (Ushna, enhances taste, balances electrolytes); Water (Balances doshas when eaten fresh and in moderation); Oil/Ghee (Snigdha, unctuous, balances Vata and nourishes tissues)"
Sweet wheat porridge (Sweet dalia),Pan-India / General Home Cooking,Breakfast (Porridge/Cereal),Veg,"A vegetarian breakfast typically made with wheat flour, cracked wheat.","Wheat Flour, Cracked Wheat",,140.66,5.11,23.77,2.79,12.23,2.37,24.63,99.18,1.98,,,"Wheat Flour, Cracked Wheat, Milk/Water, Sugar, Salt","Wheat Flour (Guru, nourishing, grounds Vata); Cracked Wheat (Balances doshas when eaten fresh and in moderation); Milk/Water (Guru, Shita, cooling and building, balances Pitta); Sugar (Guru, Madhura, builds Ojas but heavy for Kapha); Salt (Ushna, enhances taste, balances electrolytes)"
Sweetened yogurt (Shrikhand),Pan-India / General Home Cooking,Sweet,Veg,A vegetarian sweet typically made with curd/yogurt.,Curd/Yogurt,,107.18,5.27,16.02,2.89,15.81,0.08,73.61,183.02,0.17,2.79,50.44,"Curd/Yogurt, Sugar, Ghee, Milk/Khoya, Cardamom","Curd/Yogurt (Amla, Guru, sour and cooling in moderation); Sugar (Guru, Madhura, builds Ojas but heavy for Kapha); Ghee (Snigdha, unctuous, balances Vata and nourishes tissues); Milk/Khoya (Guru, Shita, cooling and building, balances Pitta); Cardamom (Ushna, aromatic, soothes digestion)"
Swiss roll,Pan-India / General Home Cooking,Bakery (Cake/Pastry),Veg,A vegetarian bakery.,Wheat Flour,,251.87,7.3,48.34,3.77,32.96,0.55,51.9,24.11,1.19,0.0,14.36,"Wheat Flour, Refined Flour (Maida), Sugar, Butter, Egg, Baking Powder, Milk","Wheat Flour (Guru, nourishing, grounds Vata); Refined Flour (Maida) (Guru, heavier to digest, best in moderation); Sugar (Guru, Madhura, builds Ojas but heavy for Kapha); Butter (Snigdha, unctuous, balances Vata); Egg (Guru, Ushna, builds strength, use moderately for Pitta); Baking Powder (Neutral, leavening agent); Milk (Guru, Shita, cooling and building, balances Pitta)"
Tamarind chutney (Chintapandu pachadi/Puli chutney),Pan-India / General Home Cooking,Chutney/Condiment,Veg,A vegetarian chutney/condiment typically made with tamarind.,Tamarind,,109.15,0.88,25.07,0.48,22.85,1.65,75.61,40.3,1.95,0.03,0.18,"Tamarind, Green Chilli, Salt, Spices, Oil (tempering), Pepper, Oil/Butter","Tamarind (Amla, stimulates Agni); Green Chilli (Ushna, use sparingly for Pitta); Salt (Ushna, enhances taste, balances electrolytes); Spices (Balances doshas when eaten fresh and in moderation); Oil (tempering) (Snigdha, unctuous, balances Vata); Pepper (Ushna, heating, clears Kapha); Oil/Butter (Snigdha, unctuous, balances Vata)"
Tamarind rice (Chintapandu pulihora/Puliyodharai/Puli sadam/Huli anna),Pan-India / General Home Cooking,Rice Dish,Veg,"A vegetarian rice dish typically made with rice, tamarind.","Rice, Tamarind",,373.04,7.45,65.08,8.53,11.65,5.12,162.41,50.94,2.89,0.84,23.02,"Rice, Tamarind, Oil/Ghee, Whole Spices, Salt","Rice (Laghu, easy to digest, balances Kapha); Tamarind (Amla, stimulates Agni); Oil/Ghee (Snigdha, unctuous, balances Vata and nourishes tissues); Whole Spices (Ushna, kindles Agni, aids digestion); Salt (Ushna, enhances taste, balances electrolytes)"
Thandai,Pan-India / General Home Cooking,Beverage (Tea/Coffee/Hot Drink),Veg,A vegetarian beverage.,Milk,,101.18,3.59,9.13,5.89,8.21,0.8,22.69,112.31,0.6,3.66,18.19,"Milk, Water, Sugar, Ice","Milk (Guru, Shita, cooling and building, balances Pitta); Water (Balances doshas when eaten fresh and in moderation); Sugar (Guru, Madhura, builds Ojas but heavy for Kapha); Ice (Balances doshas when eaten fresh and in moderation)"
Thickened sweetened milk (Rabri),Pan-India / General Home Cooking,Sweet,Veg,A vegetarian sweet typically made with milk.,Milk,,102.79,3.52,10.55,5.35,10.09,0.19,23.92,111.87,0.29,4.09,16.31,"Milk, Sugar, Ghee, Milk/Khoya, Cardamom","Milk (Guru, Shita, cooling and building, balances Pitta); Sugar (Guru, Madhura, builds Ojas but heavy for Kapha); Ghee (Snigdha, unctuous, balances Vata and nourishes tissues); Milk/Khoya (Guru, Shita, cooling and building, balances Pitta); Cardamom (Ushna, aromatic, soothes digestion)"
Tomato aspic,Pan-India / General Home Cooking,Salad,Veg,A vegetarian salad typically made with tomato.,Tomato,,50.37,6.87,5.02,0.26,3.21,1.58,98.17,44.28,1.18,35.87,39.01,"Tomato, Salt, Pepper, Lemon Juice, Oil/Dressing","Tomato (Amla, sour, stimulates digestion, use sparingly for Pitta); Salt (Ushna, enhances taste, balances electrolytes); Pepper (Ushna, heating, clears Kapha); Lemon Juice (Amla, alkalising, stimulates Agni); Oil/Dressing (Snigdha, unctuous, balances Vata)"
Tomato chicken,Pan-India / General Home Cooking,Curry/Gravy,Non-Veg,"A non-vegetarian curry/gravy typically made with tomato, chicken.","Tomato, Chicken",,111.68,10.57,2.13,6.71,0.93,1.42,104.83,21.24,0.87,24.53,24.19,"Tomato, Chicken, Onion, Ginger-Garlic Paste, Oil/Ghee, Turmeric, Red Chilli Powder, Garam Masala, Salt","Tomato (Amla, sour, stimulates digestion, use sparingly for Pitta); Chicken (Guru, Ushna, builds strength); Onion (Ushna, stimulates Agni, balances Kapha and Vata); Ginger-Garlic Paste (Ushna, kindles Agni, aids digestion); Oil/Ghee (Snigdha, unctuous, balances Vata and nourishes tissues); Turmeric (Ushna, anti-inflammatory, purifies blood); Red Chilli Powder (Ushna, heating, use sparingly for Pitta); Garam Masala (Ushna, kindles Agni, aids digestion); Salt (Ushna, enhances taste, balances electrolytes)"
Tomato chutney (Tamatar ki chutney),Pan-India / General Home Cooking,Chutney/Condiment,Veg,"A vegetarian chutney/condiment typically made with tomato, green peas.","Tomato, Green Peas",,176.07,0.97,31.85,6.01,30.02,1.49,823.65,25.34,0.96,,,"Tomato, Green Peas, Green Chilli, Salt, Spices, Oil (tempering), Pepper, Oil/Butter","Tomato (Amla, sour, stimulates digestion, use sparingly for Pitta); Green Peas (Balances doshas when eaten fresh and in moderation); Green Chilli (Ushna, use sparingly for Pitta); Salt (Ushna, enhances taste, balances electrolytes); Spices (Balances doshas when eaten fresh and in moderation); Oil (tempering) (Snigdha, unctuous, balances Vata); Pepper (Ushna, heating, clears Kapha); Oil/Butter (Snigdha, unctuous, balances Vata)"
Tomato fish,Pan-India / General Home Cooking,Curry/Gravy,Non-Veg,"A non-vegetarian curry/gravy typically made with tomato, fish.","Tomato, Fish",,489.79,2.39,3.18,51.91,1.35,0.72,91.47,6.46,0.24,75.09,76.88,"Tomato, Fish, Onion, Ginger-Garlic Paste, Oil/Ghee, Turmeric, Red Chilli Powder, Garam Masala, Salt","Tomato (Amla, sour, stimulates digestion, use sparingly for Pitta); Fish (Guru, Ushna, nourishing, best fresh); Onion (Ushna, stimulates Agni, balances Kapha and Vata); Ginger-Garlic Paste (Ushna, kindles Agni, aids digestion); Oil/Ghee (Snigdha, unctuous, balances Vata and nourishes tissues); Turmeric (Ushna, anti-inflammatory, purifies blood); Red Chilli Powder (Ushna, heating, use sparingly for Pitta); Garam Masala (Ushna, kindles Agni, aids digestion); Salt (Ushna, enhances taste, balances electrolytes)"
Tomato ginger chutney (Tamatar adarak ki chutney),Pan-India / General Home Cooking,Chutney/Condiment,Veg,"A vegetarian chutney/condiment typically made with tomato, green peas, ginger.","Tomato, Green Peas, Ginger",,44.66,1.05,9.11,0.32,6.31,2.14,209.42,23.63,1.08,3.65,2.29,"Tomato, Green Peas, Ginger, Green Chilli, Salt, Spices, Oil (tempering), Pepper, Oil/Butter","Tomato (Amla, sour, stimulates digestion, use sparingly for Pitta); Green Peas (Balances doshas when eaten fresh and in moderation); Ginger (Ushna, kindles Agni, aids digestion); Green Chilli (Ushna, use sparingly for Pitta); Salt (Ushna, enhances taste, balances electrolytes); Spices (Balances doshas when eaten fresh and in moderation); Oil (tempering) (Snigdha, unctuous, balances Vata); Pepper (Ushna, heating, clears Kapha); Oil/Butter (Snigdha, unctuous, balances Vata)"
Tomato onion raita (Tamatar aur pyaaz ka raita),Pan-India / General Home Cooking,Curry/Side (Raita),Veg,"A vegetarian curry/side typically made with tomato, onion, green peas.","Tomato, Onion, Green Peas",,59.0,3.74,7.08,1.84,5.98,0.97,165.21,120.62,0.26,15.04,34.77,"Tomato, Onion, Green Peas, Ginger-Garlic Paste, Oil/Ghee, Turmeric, Red Chilli Powder, Garam Masala, Salt, Yogurt, Roasted Cumin Powder, Coriander Leaves","Tomato (Amla, sour, stimulates digestion, use sparingly for Pitta); Onion (Ushna, stimulates Agni, balances Kapha and Vata); Green Peas (Balances doshas when eaten fresh and in moderation); Ginger-Garlic Paste (Ushna, kindles Agni, aids digestion); Oil/Ghee (Snigdha, unctuous, balances Vata and nourishes tissues); Turmeric (Ushna, anti-inflammatory, purifies blood); Red Chilli Powder (Ushna, heating, use sparingly for Pitta); Garam Masala (Ushna, kindles Agni, aids digestion); Salt (Ushna, enhances taste, balances electrolytes); Yogurt (Amla, Guru, sour and cooling in moderation); Roasted Cumin Powder (Ushna, kindles Agni, eases digestion); Coriander Leaves (Shita, cooling, soothes Pitta)"
Tomato puree,Pan-India / General Home Cooking,Sauce/Condiment,Veg,A vegetarian sauce/condiment typically made with tomato.,Tomato,,20.62,0.75,3.68,0.25,2.32,1.56,244.99,8.91,0.22,,,"Tomato, Butter, Refined Flour (Maida), Salt, Pepper, Oil/Butter","Tomato (Amla, sour, stimulates digestion, use sparingly for Pitta); Butter (Snigdha, unctuous, balances Vata); Refined Flour (Maida) (Guru, heavier to digest, best in moderation); Salt (Ushna, enhances taste, balances electrolytes); Pepper (Ushna, heating, clears Kapha); Oil/Butter (Snigdha, unctuous, balances Vata)"
Triffle pudding,Pan-India / General Home Cooking,Dessert (Souffle/Custard/Pudding),Veg,A vegetarian dessert.,Sponge Cake,,116.97,2.93,18.24,3.93,13.89,0.12,26.95,48.72,0.47,19.31,28.71,"Sponge Cake, Milk, Sugar, Egg, Cornflour","Sponge Cake (Balances doshas when eaten fresh and in moderation); Milk (Guru, Shita, cooling and building, balances Pitta); Sugar (Guru, Madhura, builds Ojas but heavy for Kapha); Egg (Guru, Ushna, builds strength, use moderately for Pitta); Cornflour (Balances doshas when eaten fresh and in moderation)"
Urad sabut special,Pan-India / General Home Cooking,Curry/Gravy,Veg,A vegetarian curry/gravy typically made with urad dal.,Urad Dal,,79.39,2.33,5.03,5.46,0.86,2.15,60.09,21.45,0.71,28.45,80.51,"Urad Dal, Onion, Tomato, Ginger-Garlic Paste, Oil/Ghee, Turmeric, Red Chilli Powder, Garam Masala, Salt","Urad Dal (Laghu, protein-rich, balances Kapha); Onion (Ushna, stimulates Agni, balances Kapha and Vata); Tomato (Amla, sour, stimulates digestion, use sparingly for Pitta); Ginger-Garlic Paste (Ushna, kindles Agni, aids digestion); Oil/Ghee (Snigdha, unctuous, balances Vata and nourishes tissues); Turmeric (Ushna, anti-inflammatory, purifies blood); Red Chilli Powder (Ushna, heating, use sparingly for Pitta); Garam Masala (Ushna, kindles Agni, aids digestion); Salt (Ushna, enhances taste, balances electrolytes)"
Urad special dehusked,Pan-India / General Home Cooking,Curry/Gravy,Veg,A vegetarian curry/gravy typically made with urad dal.,Urad Dal,,69.43,3.14,8.86,2.17,1.32,2.5,109.56,16.4,0.83,17.4,54.46,"Urad Dal, Onion, Tomato, Ginger-Garlic Paste, Oil/Ghee, Turmeric, Red Chilli Powder, Garam Masala, Salt","Urad Dal (Laghu, protein-rich, balances Kapha); Onion (Ushna, stimulates Agni, balances Kapha and Vata); Tomato (Amla, sour, stimulates digestion, use sparingly for Pitta); Ginger-Garlic Paste (Ushna, kindles Agni, aids digestion); Oil/Ghee (Snigdha, unctuous, balances Vata and nourishes tissues); Turmeric (Ushna, anti-inflammatory, purifies blood); Red Chilli Powder (Ushna, heating, use sparingly for Pitta); Garam Masala (Ushna, kindles Agni, aids digestion); Salt (Ushna, enhances taste, balances electrolytes)"
Uttapam,Pan-India / General Home Cooking,Breakfast/Tiffin,Veg,A vegetarian breakfast/tiffin.,Rice & Urad Dal,,255.95,6.18,36.28,9.03,1.5,4.4,228.69,40.86,1.23,6.15,19.02,"Rice, Urad Dal, Salt, Oil, Mixed Spices","Rice (Laghu, easy to digest, balances Kapha); Salt (Ushna, enhances taste, balances electrolytes); Oil (Snigdha, unctuous, balances Vata); Mixed Spices (Ushna, kindles Agni, aids digestion)"
Vanilla souffle,Pan-India / General Home Cooking,Dessert (Souffle/Custard/Pudding),Veg,A vegetarian dessert.,Milk,,187.85,7.71,14.78,11.19,12.86,0.0,56.73,70.6,0.58,1.3,30.71,"Milk, Sugar, Egg, Cornflour","Milk (Guru, Shita, cooling and building, balances Pitta); Sugar (Guru, Madhura, builds Ojas but heavy for Kapha); Egg (Guru, Ushna, builds strength, use moderately for Pitta); Cornflour (Balances doshas when eaten fresh and in moderation)"
Veg paneer stew,Pan-India / General Home Cooking,Curry/Gravy,Veg,A vegetarian curry/gravy typically made with paneer.,Paneer,,145.55,6.98,10.22,8.41,4.85,3.08,73.15,160.51,1.37,32.41,102.72,"Paneer, Onion, Tomato, Ginger-Garlic Paste, Oil/Ghee, Turmeric, Red Chilli Powder, Garam Masala, Salt","Paneer (Guru, Snigdha, cooling and nourishing); Onion (Ushna, stimulates Agni, balances Kapha and Vata); Tomato (Amla, sour, stimulates digestion, use sparingly for Pitta); Ginger-Garlic Paste (Ushna, kindles Agni, aids digestion); Oil/Ghee (Snigdha, unctuous, balances Vata and nourishes tissues); Turmeric (Ushna, anti-inflammatory, purifies blood); Red Chilli Powder (Ushna, heating, use sparingly for Pitta); Garam Masala (Ushna, kindles Agni, aids digestion); Salt (Ushna, enhances taste, balances electrolytes)"
Vegetable curry with coconut,Pan-India / General Home Cooking,Curry/Gravy,Veg,A vegetarian curry/gravy typically made with coconut.,Coconut,,83.07,2.77,7.19,4.66,1.41,3.35,43.4,19.63,0.95,69.6,87.67,"Coconut, Onion, Tomato, Ginger-Garlic Paste, Oil/Ghee, Turmeric, Red Chilli Powder, Garam Masala, Salt","Coconut (Shita, cooling, pacifies Pitta); Onion (Ushna, stimulates Agni, balances Kapha and Vata); Tomato (Amla, sour, stimulates digestion, use sparingly for Pitta); Ginger-Garlic Paste (Ushna, kindles Agni, aids digestion); Oil/Ghee (Snigdha, unctuous, balances Vata and nourishes tissues); Turmeric (Ushna, anti-inflammatory, purifies blood); Red Chilli Powder (Ushna, heating, use sparingly for Pitta); Garam Masala (Ushna, kindles Agni, aids digestion); Salt (Ushna, enhances taste, balances electrolytes)"
Vegetable jalfrezi,Pan-India / General Home Cooking,Curry/Gravy,Veg,A vegetarian curry/gravy.,Mixed Vegetables,,68.48,1.4,5.43,4.38,1.79,2.97,79.46,27.11,0.68,26.08,28.48,"Mixed Vegetables, Onion, Tomato, Ginger-Garlic Paste, Oil/Ghee, Turmeric, Red Chilli Powder, Garam Masala, Salt","Mixed Vegetables (Balances doshas when eaten fresh and in moderation); Onion (Ushna, stimulates Agni, balances Kapha and Vata); Tomato (Amla, sour, stimulates digestion, use sparingly for Pitta); Ginger-Garlic Paste (Ushna, kindles Agni, aids digestion); Oil/Ghee (Snigdha, unctuous, balances Vata and nourishes tissues); Turmeric (Ushna, anti-inflammatory, purifies blood); Red Chilli Powder (Ushna, heating, use sparingly for Pitta); Garam Masala (Ushna, kindles Agni, aids digestion); Salt (Ushna, enhances taste, balances electrolytes)"
Vegetable khichdi/khichri,Pan-India / General Home Cooking,Rice Dish,Veg,A vegetarian rice dish.,Mixed Vegetables,,143.17,5.61,19.57,4.53,3.71,2.45,193.55,100.54,1.09,,,"Mixed Vegetables, Rice, Oil/Ghee, Whole Spices, Salt","Mixed Vegetables (Balances doshas when eaten fresh and in moderation); Rice (Laghu, easy to digest, balances Kapha); Oil/Ghee (Snigdha, unctuous, balances Vata and nourishes tissues); Whole Spices (Ushna, kindles Agni, aids digestion); Salt (Ushna, enhances taste, balances electrolytes)"
Vegetable mix,Pan-India / General Home Cooking,Curry/Gravy,Veg,A vegetarian curry/gravy.,Mixed Vegetables,,174.21,4.7,36.02,0.94,27.36,1.93,34.94,90.06,2.27,8.48,36.84,"Mixed Vegetables, Onion, Tomato, Ginger-Garlic Paste, Oil/Ghee, Turmeric, Red Chilli Powder, Garam Masala, Salt","Mixed Vegetables (Balances doshas when eaten fresh and in moderation); Onion (Ushna, stimulates Agni, balances Kapha and Vata); Tomato (Amla, sour, stimulates digestion, use sparingly for Pitta); Ginger-Garlic Paste (Ushna, kindles Agni, aids digestion); Oil/Ghee (Snigdha, unctuous, balances Vata and nourishes tissues); Turmeric (Ushna, anti-inflammatory, purifies blood); Red Chilli Powder (Ushna, heating, use sparingly for Pitta); Garam Masala (Ushna, kindles Agni, aids digestion); Salt (Ushna, enhances taste, balances electrolytes)"
Vegetable namkeen jave,Pan-India / General Home Cooking,Snack (Dry/Namkeen),Veg,A vegetarian snack.,Mixed Vegetables,,112.23,2.93,18.98,2.51,1.04,2.86,32.13,10.32,1.07,12.45,26.26,"Mixed Vegetables, Gram Flour (Besan), Oil, Spices, Salt","Mixed Vegetables (Balances doshas when eaten fresh and in moderation); Gram Flour (Besan) (Laghu, light, balances Kapha); Oil (Snigdha, unctuous, balances Vata); Spices (Balances doshas when eaten fresh and in moderation); Salt (Ushna, enhances taste, balances electrolytes)"
Vegetable patties,Pan-India / General Home Cooking,Snack (Fried),Veg,A vegetarian snack.,Mixed Vegetables,,261.92,4.01,20.98,17.74,1.49,2.62,139.52,18.96,0.87,13.92,22.85,"Mixed Vegetables, Gram Flour (Besan)/Refined Flour, Oil (for frying), Spices, Salt","Mixed Vegetables (Balances doshas when eaten fresh and in moderation); Gram Flour (Besan)/Refined Flour (Guru, heavier to digest, best in moderation); Oil (for frying) (Snigdha, unctuous, balances Vata); Spices (Balances doshas when eaten fresh and in moderation); Salt (Ushna, enhances taste, balances electrolytes)"
Vegetable poha,Pan-India / General Home Cooking,Breakfast/Tiffin,Veg,A vegetarian breakfast/tiffin typically made with flattened rice.,Flattened Rice,,180.52,4.89,21.52,8.07,1.4,3.76,418.02,28.01,1.92,7.21,21.79,"Flattened Rice, Salt, Oil, Mixed Spices","Flattened Rice (Laghu, light and easy to digest, balances Kapha); Salt (Ushna, enhances taste, balances electrolytes); Oil (Snigdha, unctuous, balances Vata); Mixed Spices (Ushna, kindles Agni, aids digestion)"
Vegetable samosa,Pan-India / General Home Cooking,Snack (Fried),Veg,A vegetarian snack.,Mixed Vegetables,,443.11,2.21,13.22,42.22,0.74,1.52,107.7,10.37,0.6,10.06,12.39,"Mixed Vegetables, Gram Flour (Besan)/Refined Flour, Oil (for frying), Spices, Salt","Mixed Vegetables (Balances doshas when eaten fresh and in moderation); Gram Flour (Besan)/Refined Flour (Guru, heavier to digest, best in moderation); Oil (for frying) (Snigdha, unctuous, balances Vata); Spices (Balances doshas when eaten fresh and in moderation); Salt (Ushna, enhances taste, balances electrolytes)"
Vegetable stock,Pan-India / General Home Cooking,Sauce/Condiment (Base Stock),Veg,A vegetarian sauce/condiment.,Mixed Vegetables,,17.6,0.3,0.96,1.38,0.44,0.38,49.75,5.08,0.12,7.58,13.92,"Mixed Vegetables, Butter, Refined Flour (Maida), Salt, Pepper, Oil/Butter","Mixed Vegetables (Balances doshas when eaten fresh and in moderation); Butter (Snigdha, unctuous, balances Vata); Refined Flour (Maida) (Guru, heavier to digest, best in moderation); Salt (Ushna, enhances taste, balances electrolytes); Pepper (Ushna, heating, clears Kapha); Oil/Butter (Snigdha, unctuous, balances Vata)"
Vegetable upma,Pan-India / General Home Cooking,Breakfast/Tiffin,Veg,A vegetarian breakfast/tiffin.,Mixed Vegetables,,146.47,4.73,16.46,6.63,1.39,4.19,347.02,26.68,1.35,14.42,50.48,"Mixed Vegetables, Salt, Oil, Mixed Spices","Mixed Vegetables (Balances doshas when eaten fresh and in moderation); Salt (Ushna, enhances taste, balances electrolytes); Oil (Snigdha, unctuous, balances Vata); Mixed Spices (Ushna, kindles Agni, aids digestion)"
Vegetables stir fry,Pan-India / General Home Cooking,Curry/Gravy,Veg,A vegetarian curry/gravy.,Mixed Vegetables,,30.78,1.04,3.19,1.47,0.86,1.37,55.0,13.3,0.34,38.17,61.93,"Mixed Vegetables, Onion, Tomato, Ginger-Garlic Paste, Oil/Ghee, Turmeric, Red Chilli Powder, Garam Masala, Salt","Mixed Vegetables (Balances doshas when eaten fresh and in moderation); Onion (Ushna, stimulates Agni, balances Kapha and Vata); Tomato (Amla, sour, stimulates digestion, use sparingly for Pitta); Ginger-Garlic Paste (Ushna, kindles Agni, aids digestion); Oil/Ghee (Snigdha, unctuous, balances Vata and nourishes tissues); Turmeric (Ushna, anti-inflammatory, purifies blood); Red Chilli Powder (Ushna, heating, use sparingly for Pitta); Garam Masala (Ushna, kindles Agni, aids digestion); Salt (Ushna, enhances taste, balances electrolytes)"
Vegetarian egg kofta curry,Pan-India / General Home Cooking,Curry/Gravy,Egg (Ovo-Veg),A egg-based curry/gravy typically made with egg.,Egg,,627.41,1.33,4.26,67.24,1.19,0.64,95.89,28.39,0.39,35.58,67.83,"Egg, Onion, Tomato, Ginger-Garlic Paste, Oil/Ghee, Turmeric, Red Chilli Powder, Garam Masala, Salt","Egg (Guru, Ushna, builds strength, use moderately for Pitta); Onion (Ushna, stimulates Agni, balances Kapha and Vata); Tomato (Amla, sour, stimulates digestion, use sparingly for Pitta); Ginger-Garlic Paste (Ushna, kindles Agni, aids digestion); Oil/Ghee (Snigdha, unctuous, balances Vata and nourishes tissues); Turmeric (Ushna, anti-inflammatory, purifies blood); Red Chilli Powder (Ushna, heating, use sparingly for Pitta); Garam Masala (Ushna, kindles Agni, aids digestion); Salt (Ushna, enhances taste, balances electrolytes)"
Vegetarian nargisi kofta curry,Pan-India / General Home Cooking,Curry/Gravy,Veg,A vegetarian curry/gravy.,Paneer,,332.15,2.29,6.58,32.94,1.65,0.86,73.56,47.09,0.38,27.25,57.94,"Paneer, Onion, Tomato, Ginger-Garlic Paste, Oil/Ghee, Turmeric, Red Chilli Powder, Garam Masala, Salt","Paneer (Guru, Snigdha, cooling and nourishing); Onion (Ushna, stimulates Agni, balances Kapha and Vata); Tomato (Amla, sour, stimulates digestion, use sparingly for Pitta); Ginger-Garlic Paste (Ushna, kindles Agni, aids digestion); Oil/Ghee (Snigdha, unctuous, balances Vata and nourishes tissues); Turmeric (Ushna, anti-inflammatory, purifies blood); Red Chilli Powder (Ushna, heating, use sparingly for Pitta); Garam Masala (Ushna, kindles Agni, aids digestion); Salt (Ushna, enhances taste, balances electrolytes)"
Vegeterian scotch egg,Pan-India / General Home Cooking,Breakfast (Omelette/Egg),Egg (Ovo-Veg),A egg-based breakfast typically made with egg.,Egg,,681.67,2.16,4.64,72.77,0.23,0.58,93.33,15.2,0.46,12.53,32.4,"Egg, Onion, Green Chilli, Salt, Oil","Egg (Guru, Ushna, builds strength, use moderately for Pitta); Onion (Ushna, stimulates Agni, balances Kapha and Vata); Green Chilli (Ushna, use sparingly for Pitta); Salt (Ushna, enhances taste, balances electrolytes); Oil (Snigdha, unctuous, balances Vata)"
Vermicelli kheer (Semiya/Seviyan ki kheer),Pan-India / General Home Cooking,Sweet,Veg,"A vegetarian sweet typically made with beans, vermicelli.","Beans, Vermicelli",,120.07,3.35,15.87,5.0,12.79,0.5,22.52,104.8,0.3,4.06,16.29,"Beans, Vermicelli, Sugar, Ghee, Milk/Khoya, Cardamom","Beans (Balances doshas when eaten fresh and in moderation); Vermicelli (Balances doshas when eaten fresh and in moderation); Sugar (Guru, Madhura, builds Ojas but heavy for Kapha); Ghee (Snigdha, unctuous, balances Vata and nourishes tissues); Milk/Khoya (Guru, Shita, cooling and building, balances Pitta); Cardamom (Ushna, aromatic, soothes digestion)"
Vermicelli porridge (Semiya/Seviyan porridge),Pan-India / General Home Cooking,Breakfast (Porridge/Cereal),Veg,"A vegetarian breakfast typically made with beans, vermicelli.","Beans, Vermicelli",,78.4,2.5,10.56,2.98,7.04,0.48,65.33,72.96,0.2,4.82,19.51,"Beans, Vermicelli, Milk/Water, Sugar, Salt","Beans (Balances doshas when eaten fresh and in moderation); Vermicelli (Balances doshas when eaten fresh and in moderation); Milk/Water (Guru, Shita, cooling and building, balances Pitta); Sugar (Guru, Madhura, builds Ojas but heavy for Kapha); Salt (Ushna, enhances taste, balances electrolytes)"
Vermicelli upma (Semiya/Seviyan upma),Pan-India / General Home Cooking,Breakfast/Tiffin,Veg,"A vegetarian breakfast/tiffin typically made with beans, vermicelli.","Beans, Vermicelli",,149.11,3.11,16.88,7.45,1.4,3.21,101.8,20.3,0.93,4.64,12.64,"Beans, Vermicelli, Salt, Oil, Mixed Spices","Beans (Balances doshas when eaten fresh and in moderation); Vermicelli (Balances doshas when eaten fresh and in moderation); Salt (Ushna, enhances taste, balances electrolytes); Oil (Snigdha, unctuous, balances Vata); Mixed Spices (Ushna, kindles Agni, aids digestion)"
Walnut chutney (Akhrot ki chutney),Pan-India / General Home Cooking,Chutney/Condiment,Veg,A vegetarian chutney/condiment typically made with walnut.,Walnut,,370.43,9.44,8.91,33.46,4.4,3.04,160.0,119.57,1.77,1.33,4.63,"Walnut, Green Chilli, Salt, Spices, Oil (tempering), Pepper, Oil/Butter","Walnut (Balances doshas when eaten fresh and in moderation); Green Chilli (Ushna, use sparingly for Pitta); Salt (Ushna, enhances taste, balances electrolytes); Spices (Balances doshas when eaten fresh and in moderation); Oil (tempering) (Snigdha, unctuous, balances Vata); Pepper (Ushna, heating, clears Kapha); Oil/Butter (Snigdha, unctuous, balances Vata)"
Washed moong dal (Dhuli moong ki dal),Pan-India / General Home Cooking,Curry/Gravy,Veg,A vegetarian curry/gravy typically made with moong dal.,Moong Dal,,50.0,2.68,5.91,1.68,0.12,1.17,150.64,8.48,0.64,0.04,27.98,"Moong Dal, Onion, Tomato, Ginger-Garlic Paste, Oil/Ghee, Turmeric, Red Chilli Powder, Garam Masala, Salt","Moong Dal (Laghu, protein-rich, balances Kapha); Onion (Ushna, stimulates Agni, balances Kapha and Vata); Tomato (Amla, sour, stimulates digestion, use sparingly for Pitta); Ginger-Garlic Paste (Ushna, kindles Agni, aids digestion); Oil/Ghee (Snigdha, unctuous, balances Vata and nourishes tissues); Turmeric (Ushna, anti-inflammatory, purifies blood); Red Chilli Powder (Ushna, heating, use sparingly for Pitta); Garam Masala (Ushna, kindles Agni, aids digestion); Salt (Ushna, enhances taste, balances electrolytes)"
Washed urad dal (Dhuli urad ki dal),Pan-India / General Home Cooking,Curry/Gravy,Veg,A vegetarian curry/gravy typically made with urad dal.,Urad Dal,,61.32,2.51,5.84,2.98,0.32,1.53,142.21,10.24,0.72,0.99,30.4,"Urad Dal, Onion, Tomato, Ginger-Garlic Paste, Oil/Ghee, Turmeric, Red Chilli Powder, Garam Masala, Salt","Urad Dal (Laghu, protein-rich, balances Kapha); Onion (Ushna, stimulates Agni, balances Kapha and Vata); Tomato (Amla, sour, stimulates digestion, use sparingly for Pitta); Ginger-Garlic Paste (Ushna, kindles Agni, aids digestion); Oil/Ghee (Snigdha, unctuous, balances Vata and nourishes tissues); Turmeric (Ushna, anti-inflammatory, purifies blood); Red Chilli Powder (Ushna, heating, use sparingly for Pitta); Garam Masala (Ushna, kindles Agni, aids digestion); Salt (Ushna, enhances taste, balances electrolytes)"
Wheat and gram flour ladoo (Atta besan ladoo),Pan-India / General Home Cooking,Sweet,Veg,"A vegetarian sweet typically made with wheat flour, whole wheat flour, gram flour.","Wheat Flour, Whole Wheat Flour, Gram Flour",,501.7,9.38,50.5,29.86,18.46,6.01,27.06,35.27,2.39,0.0,14.55,"Wheat Flour, Whole Wheat Flour, Gram Flour, Sugar, Ghee, Milk/Khoya, Cardamom","Wheat Flour (Guru, nourishing, grounds Vata); Whole Wheat Flour (Guru, nourishing, grounds Vata); Gram Flour (Laghu, light, balances Kapha); Sugar (Guru, Madhura, builds Ojas but heavy for Kapha); Ghee (Snigdha, unctuous, balances Vata and nourishes tissues); Milk/Khoya (Guru, Shita, cooling and building, balances Pitta); Cardamom (Ushna, aromatic, soothes digestion)"
Wheat flakes,Pan-India / General Home Cooking,Breakfast (Porridge/Cereal),Veg,A vegetarian breakfast typically made with wheat flour.,Wheat Flour,,112.44,3.62,15.57,3.99,7.28,0.37,22.4,103.15,0.62,4.82,19.41,"Wheat Flour, Milk/Water, Sugar, Salt","Wheat Flour (Guru, nourishing, grounds Vata); Milk/Water (Guru, Shita, cooling and building, balances Pitta); Sugar (Guru, Madhura, builds Ojas but heavy for Kapha); Salt (Ushna, enhances taste, balances electrolytes)"
Wheat flour and moong dal burfi (Atta aur moong dal ki burfi),Pan-India / General Home Cooking,Sweet,Veg,"A vegetarian sweet typically made with wheat flour, whole wheat flour, moong dal.","Wheat Flour, Whole Wheat Flour, Moong Dal",,441.08,9.84,60.0,18.41,31.12,6.02,5.25,25.2,2.3,0.0,9.07,"Wheat Flour, Whole Wheat Flour, Moong Dal, Sugar, Ghee, Milk/Khoya, Cardamom","Wheat Flour (Guru, nourishing, grounds Vata); Whole Wheat Flour (Guru, nourishing, grounds Vata); Moong Dal (Laghu, protein-rich, balances Kapha); Sugar (Guru, Madhura, builds Ojas but heavy for Kapha); Ghee (Snigdha, unctuous, balances Vata and nourishes tissues); Milk/Khoya (Guru, Shita, cooling and building, balances Pitta); Cardamom (Ushna, aromatic, soothes digestion)"
Wheat flour and nuts ladoos (Atta nuts ladoos),Pan-India / General Home Cooking,Sweet,Veg,"A vegetarian sweet typically made with wheat flour, whole wheat flour.","Wheat Flour, Whole Wheat Flour",,391.9,9.46,44.31,19.19,15.94,7.3,8.07,127.29,4.01,0.0,13.1,"Wheat Flour, Whole Wheat Flour, Sugar, Ghee, Milk/Khoya, Cardamom","Wheat Flour (Guru, nourishing, grounds Vata); Whole Wheat Flour (Guru, nourishing, grounds Vata); Sugar (Guru, Madhura, builds Ojas but heavy for Kapha); Ghee (Snigdha, unctuous, balances Vata and nourishes tissues); Milk/Khoya (Guru, Shita, cooling and building, balances Pitta); Cardamom (Ushna, aromatic, soothes digestion)"
White stock,Pan-India / General Home Cooking,Sauce/Condiment (Base Stock),Veg,A vegetarian sauce/condiment.,Bones,,6.99,0.07,0.4,0.56,0.24,0.17,1.56,1.58,0.03,2.58,10.58,"Bones, Butter, Refined Flour (Maida), Salt, Pepper, Oil/Butter","Bones (Guru, Ushna, deeply nourishing); Butter (Snigdha, unctuous, balances Vata); Refined Flour (Maida) (Guru, heavier to digest, best in moderation); Salt (Ushna, enhances taste, balances electrolytes); Pepper (Ushna, heating, clears Kapha); Oil/Butter (Snigdha, unctuous, balances Vata)"
Whole masoor (Masoor ki dal),Pan-India / General Home Cooking,Curry/Gravy,Veg,A vegetarian curry/gravy typically made with masoor dal.,Masoor Dal,,54.05,2.28,5.37,2.52,0.67,1.98,123.72,12.2,0.95,11.04,48.17,"Masoor Dal, Onion, Tomato, Ginger-Garlic Paste, Oil/Ghee, Turmeric, Red Chilli Powder, Garam Masala, Salt","Masoor Dal (Laghu, protein-rich, balances Kapha); Onion (Ushna, stimulates Agni, balances Kapha and Vata); Tomato (Amla, sour, stimulates digestion, use sparingly for Pitta); Ginger-Garlic Paste (Ushna, kindles Agni, aids digestion); Oil/Ghee (Snigdha, unctuous, balances Vata and nourishes tissues); Turmeric (Ushna, anti-inflammatory, purifies blood); Red Chilli Powder (Ushna, heating, use sparingly for Pitta); Garam Masala (Ushna, kindles Agni, aids digestion); Salt (Ushna, enhances taste, balances electrolytes)"
Whole moong (Moong ki dal),Pan-India / General Home Cooking,Curry/Gravy,Veg,A vegetarian curry/gravy typically made with moong dal.,Moong Dal,,53.7,2.25,5.22,2.56,0.59,2.02,123.86,13.58,0.68,11.04,55.37,"Moong Dal, Onion, Tomato, Ginger-Garlic Paste, Oil/Ghee, Turmeric, Red Chilli Powder, Garam Masala, Salt","Moong Dal (Laghu, protein-rich, balances Kapha); Onion (Ushna, stimulates Agni, balances Kapha and Vata); Tomato (Amla, sour, stimulates digestion, use sparingly for Pitta); Ginger-Garlic Paste (Ushna, kindles Agni, aids digestion); Oil/Ghee (Snigdha, unctuous, balances Vata and nourishes tissues); Turmeric (Ushna, anti-inflammatory, purifies blood); Red Chilli Powder (Ushna, heating, use sparingly for Pitta); Garam Masala (Ushna, kindles Agni, aids digestion); Salt (Ushna, enhances taste, balances electrolytes)"
Whole moth (Moth ki dal),Pan-India / General Home Cooking,Curry/Gravy,Veg,A vegetarian curry/gravy.,Moth Beans,,55.0,2.01,5.74,2.62,0.66,1.85,125.08,18.98,0.95,11.04,116.57,"Moth Beans, Onion, Tomato, Ginger-Garlic Paste, Oil/Ghee, Turmeric, Red Chilli Powder, Garam Masala, Salt","Moth Beans (Balances doshas when eaten fresh and in moderation); Onion (Ushna, stimulates Agni, balances Kapha and Vata); Tomato (Amla, sour, stimulates digestion, use sparingly for Pitta); Ginger-Garlic Paste (Ushna, kindles Agni, aids digestion); Oil/Ghee (Snigdha, unctuous, balances Vata and nourishes tissues); Turmeric (Ushna, anti-inflammatory, purifies blood); Red Chilli Powder (Ushna, heating, use sparingly for Pitta); Garam Masala (Ushna, kindles Agni, aids digestion); Salt (Ushna, enhances taste, balances electrolytes)"
Whole urad (Urad ki dal),Pan-India / General Home Cooking,Curry/Gravy,Veg,A vegetarian curry/gravy typically made with urad dal.,Urad Dal,,53.8,2.21,5.05,2.62,0.57,2.32,126.12,13.07,0.78,10.28,51.6,"Urad Dal, Onion, Tomato, Ginger-Garlic Paste, Oil/Ghee, Turmeric, Red Chilli Powder, Garam Masala, Salt","Urad Dal (Laghu, protein-rich, balances Kapha); Onion (Ushna, stimulates Agni, balances Kapha and Vata); Tomato (Amla, sour, stimulates digestion, use sparingly for Pitta); Ginger-Garlic Paste (Ushna, kindles Agni, aids digestion); Oil/Ghee (Snigdha, unctuous, balances Vata and nourishes tissues); Turmeric (Ushna, anti-inflammatory, purifies blood); Red Chilli Powder (Ushna, heating, use sparingly for Pitta); Garam Masala (Ushna, kindles Agni, aids digestion); Salt (Ushna, enhances taste, balances electrolytes)"
Woodapple juice (Bel ka sharbat),Pan-India / General Home Cooking,Beverage (Juice/Cooler),Veg,A vegetarian beverage.,Wood Apple,,34.18,0.63,6.51,0.7,5.75,1.03,127.45,11.85,0.12,18.36,5.65,"Wood Apple, Water, Sugar, Ice","Wood Apple (Laghu, Shita, cooling and light); Water (Balances doshas when eaten fresh and in moderation); Sugar (Guru, Madhura, builds Ojas but heavy for Kapha); Ice (Balances doshas when eaten fresh and in moderation)"
Yam fried (Zimikand/Suran fried),Pan-India / General Home Cooking,Snack (Fried),Veg,A vegetarian snack typically made with yam.,Yam,,491.76,0.79,5.47,51.79,0.8,1.44,37.07,8.11,0.43,30.3,35.57,"Yam, Gram Flour (Besan)/Refined Flour, Oil (for frying), Spices, Salt","Yam (Balances doshas when eaten fresh and in moderation); Gram Flour (Besan)/Refined Flour (Guru, heavier to digest, best in moderation); Oil (for frying) (Snigdha, unctuous, balances Vata); Spices (Balances doshas when eaten fresh and in moderation); Salt (Ushna, enhances taste, balances electrolytes)"
Yam kofta curry (Zimikand/Suran kofta curry),Pan-India / General Home Cooking,Curry/Gravy,Veg,A vegetarian curry/gravy typically made with yam.,Yam,,322.88,0.71,3.75,33.84,0.63,1.04,42.22,8.35,0.31,36.07,43.47,"Yam, Onion, Tomato, Ginger-Garlic Paste, Oil/Ghee, Turmeric, Red Chilli Powder, Garam Masala, Salt","Yam (Balances doshas when eaten fresh and in moderation); Onion (Ushna, stimulates Agni, balances Kapha and Vata); Tomato (Amla, sour, stimulates digestion, use sparingly for Pitta); Ginger-Garlic Paste (Ushna, kindles Agni, aids digestion); Oil/Ghee (Snigdha, unctuous, balances Vata and nourishes tissues); Turmeric (Ushna, anti-inflammatory, purifies blood); Red Chilli Powder (Ushna, heating, use sparingly for Pitta); Garam Masala (Ushna, kindles Agni, aids digestion); Salt (Ushna, enhances taste, balances electrolytes)"
Dal makhani,Punjab,Curry/Gravy,Veg,A vegetarian curry/gravy from Punjab.,Black Gram (Urad Dal),,74.04,3.32,7.96,3.06,0.8,2.27,41.85,20.62,1.23,9.19,75.16,"Black Gram (Urad Dal), Onion, Tomato, Ginger-Garlic Paste, Oil/Ghee, Turmeric, Red Chilli Powder, Garam Masala, Salt","Black Gram (Urad Dal) (Laghu, protein-rich, balances Kapha); Onion (Ushna, stimulates Agni, balances Kapha and Vata); Tomato (Amla, sour, stimulates digestion, use sparingly for Pitta); Ginger-Garlic Paste (Ushna, kindles Agni, aids digestion); Oil/Ghee (Snigdha, unctuous, balances Vata and nourishes tissues); Turmeric (Ushna, anti-inflammatory, purifies blood); Red Chilli Powder (Ushna, heating, use sparingly for Pitta); Garam Masala (Ushna, kindles Agni, aids digestion); Salt (Ushna, enhances taste, balances electrolytes)"
Kidney bean curry (Rajmah curry),Punjab,Curry/Gravy,Non-Veg,A non-vegetarian curry/gravy from Punjab.,Kidney Beans,,143.73,5.95,16.38,5.77,2.49,5.83,354.6,47.87,2.27,16.33,112.28,"Kidney Beans, Onion, Tomato, Ginger-Garlic Paste, Oil/Ghee, Turmeric, Red Chilli Powder, Garam Masala, Salt","Kidney Beans (Guru, heavier, best well-cooked); Onion (Ushna, stimulates Agni, balances Kapha and Vata); Tomato (Amla, sour, stimulates digestion, use sparingly for Pitta); Ginger-Garlic Paste (Ushna, kindles Agni, aids digestion); Oil/Ghee (Snigdha, unctuous, balances Vata and nourishes tissues); Turmeric (Ushna, anti-inflammatory, purifies blood); Red Chilli Powder (Ushna, heating, use sparingly for Pitta); Garam Masala (Ushna, kindles Agni, aids digestion); Salt (Ushna, enhances taste, balances electrolytes)"
Lassi (salted),Punjab,Beverage (Lassi/Buttermilk),Veg,A vegetarian beverage from Punjab.,Yogurt,,18.84,1.35,1.86,0.72,1.84,0.02,65.4,47.78,0.04,1.02,18.07,"Yogurt, Water, Sugar/Salt, Sugar, Ice","Yogurt (Amla, Guru, sour and cooling in moderation); Water (Balances doshas when eaten fresh and in moderation); Sugar/Salt (Guru, Madhura, builds Ojas but heavy for Kapha); Sugar (Guru, Madhura, builds Ojas but heavy for Kapha); Ice (Balances doshas when eaten fresh and in moderation)"
Moti mahal dal (Urad rajmah mix dal),Punjab,Curry/Gravy,Veg,A vegetarian curry/gravy from Punjab typically made with urad dal.,Urad Dal,,103.13,3.93,8.74,5.66,1.7,3.38,157.61,38.13,1.05,15.45,93.14,"Urad Dal, Onion, Tomato, Ginger-Garlic Paste, Oil/Ghee, Turmeric, Red Chilli Powder, Garam Masala, Salt","Urad Dal (Laghu, protein-rich, balances Kapha); Onion (Ushna, stimulates Agni, balances Kapha and Vata); Tomato (Amla, sour, stimulates digestion, use sparingly for Pitta); Ginger-Garlic Paste (Ushna, kindles Agni, aids digestion); Oil/Ghee (Snigdha, unctuous, balances Vata and nourishes tissues); Turmeric (Ushna, anti-inflammatory, purifies blood); Red Chilli Powder (Ushna, heating, use sparingly for Pitta); Garam Masala (Ushna, kindles Agni, aids digestion); Salt (Ushna, enhances taste, balances electrolytes)"
Sarson ka saag,Punjab,Curry/Gravy,Veg,A vegetarian curry/gravy from Punjab typically made with mustard.,Mustard,,87.84,3.0,5.33,5.86,0.75,3.69,165.45,134.41,2.43,59.58,128.42,"Mustard, Onion, Tomato, Ginger-Garlic Paste, Oil/Ghee, Turmeric, Red Chilli Powder, Garam Masala, Salt","Mustard (Balances doshas when eaten fresh and in moderation); Onion (Ushna, stimulates Agni, balances Kapha and Vata); Tomato (Amla, sour, stimulates digestion, use sparingly for Pitta); Ginger-Garlic Paste (Ushna, kindles Agni, aids digestion); Oil/Ghee (Snigdha, unctuous, balances Vata and nourishes tissues); Turmeric (Ushna, anti-inflammatory, purifies blood); Red Chilli Powder (Ushna, heating, use sparingly for Pitta); Garam Masala (Ushna, kindles Agni, aids digestion); Salt (Ushna, enhances taste, balances electrolytes)"
Sweet Lassi (Meethi lassi),Punjab,Beverage (Lassi/Buttermilk),Veg,A vegetarian beverage from Punjab.,Yogurt,,35.66,1.29,6.51,0.68,6.51,0.0,18.31,45.65,0.03,1.0,18.0,"Yogurt, Water, Sugar/Salt, Sugar, Ice","Yogurt (Amla, Guru, sour and cooling in moderation); Water (Balances doshas when eaten fresh and in moderation); Sugar/Salt (Guru, Madhura, builds Ojas but heavy for Kapha); Sugar (Guru, Madhura, builds Ojas but heavy for Kapha); Ice (Balances doshas when eaten fresh and in moderation)"
Tandoori chicken,Punjab,Snack/Starter (Grilled),Non-Veg,A non-vegetarian snack/starter from Punjab typically made with chicken.,Chicken,,145.2,16.26,2.34,7.93,1.58,0.5,158.0,44.33,0.9,39.53,182.73,"Chicken, Yogurt, Ginger-Garlic Paste, Spices, Oil","Chicken (Guru, Ushna, builds strength); Yogurt (Amla, Guru, sour and cooling in moderation); Ginger-Garlic Paste (Ushna, kindles Agni, aids digestion); Spices (Balances doshas when eaten fresh and in moderation); Oil (Snigdha, unctuous, balances Vata)"
Tandoori fish,Punjab,Snack/Starter (Grilled),Non-Veg,A non-vegetarian snack/starter from Punjab typically made with fish.,Fish,,95.98,11.19,2.37,4.64,1.6,0.58,123.94,37.27,0.46,19.66,27.55,"Fish, Yogurt, Ginger-Garlic Paste, Spices, Oil","Fish (Guru, Ushna, nourishing, best fresh); Yogurt (Amla, Guru, sour and cooling in moderation); Ginger-Garlic Paste (Ushna, kindles Agni, aids digestion); Spices (Balances doshas when eaten fresh and in moderation); Oil (Snigdha, unctuous, balances Vata)"
Tandoori parantha/paratha,Punjab,Snack/Starter (Grilled),Veg,A vegetarian snack/starter from Punjab.,Wheat Flour,,295.37,5.08,30.74,16.51,0.86,5.44,1.14,14.98,1.96,0.0,7.79,"Wheat Flour, Yogurt, Ginger-Garlic Paste, Spices, Oil","Wheat Flour (Guru, nourishing, grounds Vata); Yogurt (Amla, Guru, sour and cooling in moderation); Ginger-Garlic Paste (Ushna, kindles Agni, aids digestion); Spices (Balances doshas when eaten fresh and in moderation); Oil (Snigdha, unctuous, balances Vata)"
Besan gatte curry,Rajasthan,Curry/Gravy,Veg,A vegetarian curry/gravy from Rajasthan typically made with gram flour.,Gram Flour,,189.38,7.75,16.26,10.72,4.5,3.25,356.27,151.08,1.89,13.39,135.02,"Gram Flour, Onion, Tomato, Ginger-Garlic Paste, Oil/Ghee, Turmeric, Red Chilli Powder, Garam Masala, Salt","Gram Flour (Laghu, light, balances Kapha); Onion (Ushna, stimulates Agni, balances Kapha and Vata); Tomato (Amla, sour, stimulates digestion, use sparingly for Pitta); Ginger-Garlic Paste (Ushna, kindles Agni, aids digestion); Oil/Ghee (Snigdha, unctuous, balances Vata and nourishes tissues); Turmeric (Ushna, anti-inflammatory, purifies blood); Red Chilli Powder (Ushna, heating, use sparingly for Pitta); Garam Masala (Ushna, kindles Agni, aids digestion); Salt (Ushna, enhances taste, balances electrolytes)"
Panchmel dal,Rajasthan,Curry/Gravy,Veg,A vegetarian curry/gravy from Rajasthan.,Mixed Lentils,,111.22,4.63,10.71,5.36,0.75,3.2,79.46,23.05,1.42,8.49,79.58,"Mixed Lentils, Onion, Tomato, Ginger-Garlic Paste, Oil/Ghee, Turmeric, Red Chilli Powder, Garam Masala, Salt","Mixed Lentils (Laghu, protein-rich, balances Kapha); Onion (Ushna, stimulates Agni, balances Kapha and Vata); Tomato (Amla, sour, stimulates digestion, use sparingly for Pitta); Ginger-Garlic Paste (Ushna, kindles Agni, aids digestion); Oil/Ghee (Snigdha, unctuous, balances Vata and nourishes tissues); Turmeric (Ushna, anti-inflammatory, purifies blood); Red Chilli Powder (Ushna, heating, use sparingly for Pitta); Garam Masala (Ushna, kindles Agni, aids digestion); Salt (Ushna, enhances taste, balances electrolytes)"
Shahi tukre,Uttar Pradesh,Sweet,Veg,A vegetarian sweet from Uttar Pradesh.,Bread,,189.81,2.76,41.46,2.54,34.7,0.51,71.04,76.47,0.37,0.86,7.61,"Bread, Sugar, Ghee, Milk/Khoya, Cardamom","Bread (Balances doshas when eaten fresh and in moderation); Sugar (Guru, Madhura, builds Ojas but heavy for Kapha); Ghee (Snigdha, unctuous, balances Vata and nourishes tissues); Milk/Khoya (Guru, Shita, cooling and building, balances Pitta); Cardamom (Ushna, aromatic, soothes digestion)"
Bengal fish curry (Bengali machli curry),West Bengal,Curry/Gravy,Non-Veg,A non-vegetarian curry/gravy from West Bengal typically made with fish.,Fish,,109.43,7.26,4.42,7.03,2.39,1.93,76.38,44.44,0.85,9.39,46.45,"Fish, Onion, Tomato, Ginger-Garlic Paste, Oil/Ghee, Turmeric, Red Chilli Powder, Garam Masala, Salt","Fish (Guru, Ushna, nourishing, best fresh); Onion (Ushna, stimulates Agni, balances Kapha and Vata); Tomato (Amla, sour, stimulates digestion, use sparingly for Pitta); Ginger-Garlic Paste (Ushna, kindles Agni, aids digestion); Oil/Ghee (Snigdha, unctuous, balances Vata and nourishes tissues); Turmeric (Ushna, anti-inflammatory, purifies blood); Red Chilli Powder (Ushna, heating, use sparingly for Pitta); Garam Masala (Ushna, kindles Agni, aids digestion); Salt (Ushna, enhances taste, balances electrolytes)"
Rasgulla,West Bengal,Sweet,Veg,A vegetarian sweet from West Bengal.,Chenna (Cottage Cheese),,118.64,1.38,25.79,1.75,25.4,0.01,15.19,57.09,0.12,2.69,10.2,"Chenna (Cottage Cheese), Sugar, Ghee, Milk/Khoya, Cardamom","Chenna (Cottage Cheese) (Guru, Snigdha, cooling and nourishing); Sugar (Guru, Madhura, builds Ojas but heavy for Kapha); Ghee (Snigdha, unctuous, balances Vata and nourishes tissues); Milk/Khoya (Guru, Shita, cooling and building, balances Pitta); Cardamom (Ushna, aromatic, soothes digestion)"
Akki Rotti,Karnataka (General),Breakfast/Tiffin,Veg,"Rice flour flatbread with onion, coriander, green chili","Rice, Onion, Coriander, Chili",1 piece (~90g),180,3.5,33,3.5,,,,,,,,"Rice, Onion, Coriander, Chili, Salt, Oil, Mixed Spices","Rice (Laghu, easy to digest, balances Kapha); Onion (Ushna, stimulates Agni, balances Kapha and Vata); Coriander (Shita, cooling, soothes Pitta); Chili (Balances doshas when eaten fresh and in moderation); Salt (Ushna, enhances taste, balances electrolytes); Oil (Snigdha, unctuous, balances Vata); Mixed Spices (Ushna, kindles Agni, aids digestion)"
Alasande Palya,Karnataka (North Karnataka),Curry/Gravy,Veg,Black-eyed pea dry stir-fry with coconut,Coconut,1 cup (~150g),170,9,22,5,,,,,,,,"Coconut, Onion, Tomato, Ginger-Garlic Paste, Oil/Ghee, Turmeric, Red Chilli Powder, Garam Masala, Salt","Coconut (Shita, cooling, pacifies Pitta); Onion (Ushna, stimulates Agni, balances Kapha and Vata); Tomato (Amla, sour, stimulates digestion, use sparingly for Pitta); Ginger-Garlic Paste (Ushna, kindles Agni, aids digestion); Oil/Ghee (Snigdha, unctuous, balances Vata and nourishes tissues); Turmeric (Ushna, anti-inflammatory, purifies blood); Red Chilli Powder (Ushna, heating, use sparingly for Pitta); Garam Masala (Ushna, kindles Agni, aids digestion); Salt (Ushna, enhances taste, balances electrolytes)"
Alugadde Palya,Karnataka (General),Curry/Gravy,Veg,Spiced potato dry stir-fry,Potato,1 cup (~150g),190,3,28,7,,,,,,,,"Potato, Onion, Tomato, Ginger-Garlic Paste, Oil/Ghee, Turmeric, Red Chilli Powder, Garam Masala, Salt","Potato (Guru, Vata aggravating in excess); Onion (Ushna, stimulates Agni, balances Kapha and Vata); Tomato (Amla, sour, stimulates digestion, use sparingly for Pitta); Ginger-Garlic Paste (Ushna, kindles Agni, aids digestion); Oil/Ghee (Snigdha, unctuous, balances Vata and nourishes tissues); Turmeric (Ushna, anti-inflammatory, purifies blood); Red Chilli Powder (Ushna, heating, use sparingly for Pitta); Garam Masala (Ushna, kindles Agni, aids digestion); Salt (Ushna, enhances taste, balances electrolytes)"
Ambode (Masala Vade),Karnataka (South Karnataka),Snack,Veg,Deep-fried chana dal fritter with onion & spices,"Chickpeas, Onion",2 pieces (~90g),240,7,24,13,,,,,,,,"Chickpeas, Onion, Salt, Oil, Mixed Spices","Chickpeas (Laghu, grounding, aids digestion); Onion (Ushna, stimulates Agni, balances Kapha and Vata); Salt (Ushna, enhances taste, balances electrolytes); Oil (Snigdha, unctuous, balances Vata); Mixed Spices (Ushna, kindles Agni, aids digestion)"
Avalakki (Poha/Beaten Rice),Karnataka (General),Breakfast/Tiffin,Veg,"Flattened rice tempered with mustard, curry leaves, peanuts","Rice, Flattened Rice, Peanut, Mustard, Curry Leaves",1 cup (~150g),200,4,34,5,,,,,,,,"Rice, Flattened Rice, Peanut, Mustard, Curry Leaves, Salt, Oil, Mixed Spices","Rice (Laghu, easy to digest, balances Kapha); Flattened Rice (Laghu, light and easy to digest, balances Kapha); Peanut (Guru, Ushna, energy dense); Mustard (Balances doshas when eaten fresh and in moderation); Curry Leaves (Ushna, enhances Agni); Salt (Ushna, enhances taste, balances electrolytes); Oil (Snigdha, unctuous, balances Vata); Mixed Spices (Ushna, kindles Agni, aids digestion)"
Avalakki Chivda,Karnataka (General),Snack,Veg,Spiced flattened rice mixture with peanuts & sev,"Rice, Peanut",1 cup (~50g),230,4,28,11,,,,,,,,"Rice, Peanut, Salt, Oil, Mixed Spices","Rice (Laghu, easy to digest, balances Kapha); Peanut (Guru, Ushna, energy dense); Salt (Ushna, enhances taste, balances electrolytes); Oil (Snigdha, unctuous, balances Vata); Mixed Spices (Ushna, kindles Agni, aids digestion)"
Avarekalu Payasa,Karnataka (South Karnataka),Dessert,Veg,Hyacinth bean sweet pudding in milk & jaggery,"Milk, Jaggery",1 cup (~150g),240,6,34,9,,,,,,,,"Milk, Jaggery, Salt, Oil, Mixed Spices","Milk (Guru, Shita, cooling and building, balances Pitta); Jaggery (Ushna, warming sweetness, aids digestion); Salt (Ushna, enhances taste, balances electrolytes); Oil (Snigdha, unctuous, balances Vata); Mixed Spices (Ushna, kindles Agni, aids digestion)"
Avarekalu Uppittu,Karnataka (South Karnataka),Breakfast/Tiffin,Veg,Semolina upma with field beans (avarekalu),"Semolina, Beans",1 cup (~150g),230,6,33,8,,,,,,,,"Semolina, Beans, Salt, Oil, Mixed Spices","Semolina (Balances doshas when eaten fresh and in moderation); Beans (Balances doshas when eaten fresh and in moderation); Salt (Ushna, enhances taste, balances electrolytes); Oil (Snigdha, unctuous, balances Vata); Mixed Spices (Ushna, kindles Agni, aids digestion)"
Badanekai Palya,Karnataka (General),Curry/Gravy,Veg,Brinjal dry stir-fry with coconut & spices,"Brinjal, Coconut",1 cup (~150g),120,3,12,7,,,,,,,,"Brinjal, Coconut, Onion, Tomato, Ginger-Garlic Paste, Oil/Ghee, Turmeric, Red Chilli Powder, Garam Masala, Salt","Brinjal (Laghu, light, supports digestion); Coconut (Shita, cooling, pacifies Pitta); Onion (Ushna, stimulates Agni, balances Kapha and Vata); Tomato (Amla, sour, stimulates digestion, use sparingly for Pitta); Ginger-Garlic Paste (Ushna, kindles Agni, aids digestion); Oil/Ghee (Snigdha, unctuous, balances Vata and nourishes tissues); Turmeric (Ushna, anti-inflammatory, purifies blood); Red Chilli Powder (Ushna, heating, use sparingly for Pitta); Garam Masala (Ushna, kindles Agni, aids digestion); Salt (Ushna, enhances taste, balances electrolytes)"
Badanekayi Ennegai,Karnataka (North Karnataka),Curry/Gravy,Veg,Stuffed baby brinjal in peanut-coconut-sesame gravy,"Brinjal, Coconut, Peanut",1 cup (~200g),250,6,20,17,,,,,,,,"Brinjal, Coconut, Peanut, Onion, Tomato, Ginger-Garlic Paste, Oil/Ghee, Turmeric, Red Chilli Powder, Garam Masala, Salt","Brinjal (Laghu, light, supports digestion); Coconut (Shita, cooling, pacifies Pitta); Peanut (Guru, Ushna, energy dense); Onion (Ushna, stimulates Agni, balances Kapha and Vata); Tomato (Amla, sour, stimulates digestion, use sparingly for Pitta); Ginger-Garlic Paste (Ushna, kindles Agni, aids digestion); Oil/Ghee (Snigdha, unctuous, balances Vata and nourishes tissues); Turmeric (Ushna, anti-inflammatory, purifies blood); Red Chilli Powder (Ushna, heating, use sparingly for Pitta); Garam Masala (Ushna, kindles Agni, aids digestion); Salt (Ushna, enhances taste, balances electrolytes)"
Baimbale Barthad,Karnataka (Coorg),Curry/Gravy,Non-Veg,"Bamboo shoot dry fry with coconut, Coorg specialty",Coconut,1 cup (~150g),110,3,10,6,,,,,,,,"Coconut, Onion, Tomato, Ginger-Garlic Paste, Oil/Ghee, Turmeric, Red Chilli Powder, Garam Masala, Salt","Coconut (Shita, cooling, pacifies Pitta); Onion (Ushna, stimulates Agni, balances Kapha and Vata); Tomato (Amla, sour, stimulates digestion, use sparingly for Pitta); Ginger-Garlic Paste (Ushna, kindles Agni, aids digestion); Oil/Ghee (Snigdha, unctuous, balances Vata and nourishes tissues); Turmeric (Ushna, anti-inflammatory, purifies blood); Red Chilli Powder (Ushna, heating, use sparingly for Pitta); Garam Masala (Ushna, kindles Agni, aids digestion); Salt (Ushna, enhances taste, balances electrolytes)"
Bangude Pundi (Mackerel Curry),Karnataka (Coastal Karnataka),Non-Veg,Non-Veg,Mackerel simmered in coconut-tamarind curry,"Coconut, Tamarind",1 serving (~200g),280,22,8,18,,,,,,,,"Coconut, Tamarind, Salt, Oil, Mixed Spices","Coconut (Shita, cooling, pacifies Pitta); Tamarind (Amla, stimulates Agni); Salt (Ushna, enhances taste, balances electrolytes); Oil (Snigdha, unctuous, balances Vata); Mixed Spices (Ushna, kindles Agni, aids digestion)"
Beans Palya,Karnataka (General),Curry/Gravy,Veg,French beans stir-fry with coconut,"Beans, Coconut",1 cup (~150g),90,3,10,4,,,,,,,,"Beans, Coconut, Onion, Tomato, Ginger-Garlic Paste, Oil/Ghee, Turmeric, Red Chilli Powder, Garam Masala, Salt","Beans (Balances doshas when eaten fresh and in moderation); Coconut (Shita, cooling, pacifies Pitta); Onion (Ushna, stimulates Agni, balances Kapha and Vata); Tomato (Amla, sour, stimulates digestion, use sparingly for Pitta); Ginger-Garlic Paste (Ushna, kindles Agni, aids digestion); Oil/Ghee (Snigdha, unctuous, balances Vata and nourishes tissues); Turmeric (Ushna, anti-inflammatory, purifies blood); Red Chilli Powder (Ushna, heating, use sparingly for Pitta); Garam Masala (Ushna, kindles Agni, aids digestion); Salt (Ushna, enhances taste, balances electrolytes)"
Belgaum Kunda,Karnataka (North Karnataka),Dessert,Veg,Slow-cooked thickened milk sweet,Milk,1 piece (~40g),180,3,18,10,,,,,,,,"Milk, Salt, Oil, Mixed Spices","Milk (Guru, Shita, cooling and building, balances Pitta); Salt (Ushna, enhances taste, balances electrolytes); Oil (Snigdha, unctuous, balances Vata); Mixed Spices (Ushna, kindles Agni, aids digestion)"
Bendekai Gojju,Karnataka (General),Curry/Gravy,Veg,Tangy-spicy okra curry with jaggery & tamarind,"Okra, Jaggery, Tamarind",1 cup (~150g),130,3,15,7,,,,,,,,"Okra, Jaggery, Tamarind, Onion, Tomato, Ginger-Garlic Paste, Oil/Ghee, Turmeric, Red Chilli Powder, Garam Masala, Salt","Okra (Laghu, light, supports digestion); Jaggery (Ushna, warming sweetness, aids digestion); Tamarind (Amla, stimulates Agni); Onion (Ushna, stimulates Agni, balances Kapha and Vata); Tomato (Amla, sour, stimulates digestion, use sparingly for Pitta); Ginger-Garlic Paste (Ushna, kindles Agni, aids digestion); Oil/Ghee (Snigdha, unctuous, balances Vata and nourishes tissues); Turmeric (Ushna, anti-inflammatory, purifies blood); Red Chilli Powder (Ushna, heating, use sparingly for Pitta); Garam Masala (Ushna, kindles Agni, aids digestion); Salt (Ushna, enhances taste, balances electrolytes)"
Bendekai Palya,Karnataka (General),Curry/Gravy,Veg,Okra dry stir-fry with coconut,"Okra, Coconut",1 cup (~150g),100,3,10,5,,,,,,,,"Okra, Coconut, Onion, Tomato, Ginger-Garlic Paste, Oil/Ghee, Turmeric, Red Chilli Powder, Garam Masala, Salt","Okra (Laghu, light, supports digestion); Coconut (Shita, cooling, pacifies Pitta); Onion (Ushna, stimulates Agni, balances Kapha and Vata); Tomato (Amla, sour, stimulates digestion, use sparingly for Pitta); Ginger-Garlic Paste (Ushna, kindles Agni, aids digestion); Oil/Ghee (Snigdha, unctuous, balances Vata and nourishes tissues); Turmeric (Ushna, anti-inflammatory, purifies blood); Red Chilli Powder (Ushna, heating, use sparingly for Pitta); Garam Masala (Ushna, kindles Agni, aids digestion); Salt (Ushna, enhances taste, balances electrolytes)"
Benne Dosa,Karnataka (South Karnataka),Breakfast/Tiffin,Veg,Butter-laced crisp dosa,Butter,1 piece (~100g),210,4,27,9,,,,,,,,"Butter, Salt, Oil, Mixed Spices","Butter (Snigdha, unctuous, balances Vata); Salt (Ushna, enhances taste, balances electrolytes); Oil (Snigdha, unctuous, balances Vata); Mixed Spices (Ushna, kindles Agni, aids digestion)"
Benne Muruku,Karnataka (North Karnataka),Snack,Veg,Butter-enriched crisp murukku,Butter,4 pcs (~50g),250,4,26,15,,,,,,,,"Butter, Salt, Oil, Mixed Spices","Butter (Snigdha, unctuous, balances Vata); Salt (Ushna, enhances taste, balances electrolytes); Oil (Snigdha, unctuous, balances Vata); Mixed Spices (Ushna, kindles Agni, aids digestion)"
Bisi Bele Bath,Karnataka (South Karnataka),Rice Dish,Veg,"Rice, toor dal, vegetables & spice powder one-pot meal","Rice, Toor Dal",1 cup (~220g),270,8,42,7,,,,,,,,"Rice, Toor Dal, Oil/Ghee, Whole Spices, Salt","Rice (Laghu, easy to digest, balances Kapha); Toor Dal (Laghu, protein-rich, balances Kapha); Oil/Ghee (Snigdha, unctuous, balances Vata and nourishes tissues); Whole Spices (Ushna, kindles Agni, aids digestion); Salt (Ushna, enhances taste, balances electrolytes)"
Carrot Kosambari,Karnataka (South Karnataka),Salad/Side,Veg,Grated carrot salad with lentils & coconut,"Carrot, Coconut",1 cup (~100g),100,4,14,3,,,,,,,,"Carrot, Coconut, Salt, Pepper, Lemon Juice, Oil/Dressing","Carrot (Laghu, sweet, balances Pitta); Coconut (Shita, cooling, pacifies Pitta); Salt (Ushna, enhances taste, balances electrolytes); Pepper (Ushna, heating, clears Kapha); Lemon Juice (Amla, alkalising, stimulates Agni); Oil/Dressing (Snigdha, unctuous, balances Vata)"
Chakli (Karnataka Murukku),Karnataka (General),Snack,Veg,Deep-fried spiral rice-urad flour snack,"Rice, Urad Dal",4 pieces (~50g),240,4,26,13,,,,,,,,"Rice, Urad Dal, Salt, Oil, Mixed Spices","Rice (Laghu, easy to digest, balances Kapha); Urad Dal (Laghu, protein-rich, balances Kapha); Salt (Ushna, enhances taste, balances electrolytes); Oil (Snigdha, unctuous, balances Vata); Mixed Spices (Ushna, kindles Agni, aids digestion)"
Chapati (Karnataka style),Karnataka (General),Breakfast/Tiffin,Veg,Whole wheat flatbread,Wheat Flour,1 piece (~40g),100,3,18,2,,,,,,,,"Wheat Flour, Salt, Oil, Mixed Spices","Wheat Flour (Guru, nourishing, grounds Vata); Salt (Ushna, enhances taste, balances electrolytes); Oil (Snigdha, unctuous, balances Vata); Mixed Spices (Ushna, kindles Agni, aids digestion)"
Chicken Sukka,Karnataka (Coastal/Coorg),Non-Veg,Non-Veg,Dry roasted chicken with coconut & spices,"Coconut, Chicken",1 cup (~200g),320,26,10,20,,,,,,,,"Coconut, Chicken, Salt, Oil, Mixed Spices","Coconut (Shita, cooling, pacifies Pitta); Chicken (Guru, Ushna, builds strength); Salt (Ushna, enhances taste, balances electrolytes); Oil (Snigdha, unctuous, balances Vata); Mixed Spices (Ushna, kindles Agni, aids digestion)"
Chiroti,Karnataka (South Karnataka),Dessert,Veg,Layered fried pastry dusted with sugar & cardamom,Sugar,1 piece (~50g),220,3,26,12,,,,,,,,"Sugar, Salt, Oil, Mixed Spices","Sugar (Guru, Madhura, builds Ojas but heavy for Kapha); Salt (Ushna, enhances taste, balances electrolytes); Oil (Snigdha, unctuous, balances Vata); Mixed Spices (Ushna, kindles Agni, aids digestion)"
Chitranna (Lemon Rice),Karnataka (General),Rice Dish,Veg,"Rice tempered with lemon, peanuts, curry leaves","Rice, Lemon, Peanut, Curry Leaves",1 cup (~200g),260,5,42,8,,,,,,,,"Rice, Lemon, Peanut, Curry Leaves, Oil/Ghee, Whole Spices, Salt","Rice (Laghu, easy to digest, balances Kapha); Lemon (Amla, alkalising, stimulates Agni); Peanut (Guru, Ushna, energy dense); Curry Leaves (Ushna, enhances Agni); Oil/Ghee (Snigdha, unctuous, balances Vata and nourishes tissues); Whole Spices (Ushna, kindles Agni, aids digestion); Salt (Ushna, enhances taste, balances electrolytes)"
Chow Chow Bath,Karnataka (South Karnataka),Breakfast/Tiffin,Veg,Combo plate of Kesari Bath (sweet) + Khara Bath (savory),Semolina (Sooji/Rava),1 plate (~250g),480,8,68,20,,,,,,,,"Semolina (Sooji/Rava), Salt, Oil, Mixed Spices","Semolina (Sooji/Rava) (Balances doshas when eaten fresh and in moderation); Salt (Ushna, enhances taste, balances electrolytes); Oil (Snigdha, unctuous, balances Vata); Mixed Spices (Ushna, kindles Agni, aids digestion)"
Churmuri (Mandakki),Karnataka (South Karnataka (Mysore)),Snack,Veg,"Puffed rice tossed with onion, chutney & spices","Rice, Onion",1 cup (~100g),150,3,26,4,,,,,,,,"Rice, Onion, Salt, Oil, Mixed Spices","Rice (Laghu, easy to digest, balances Kapha); Onion (Ushna, stimulates Agni, balances Kapha and Vata); Salt (Ushna, enhances taste, balances electrolytes); Oil (Snigdha, unctuous, balances Vata); Mixed Spices (Ushna, kindles Agni, aids digestion)"
Congress Kadalekai (Peanut Chikki),Karnataka (General),Snack/Sweet,Veg,Peanut-jaggery brittle,"Jaggery, Peanut",1 piece (~30g),140,4,15,8,,,,,,,,"Jaggery, Peanut, Sugar, Ghee, Milk/Khoya, Cardamom","Jaggery (Ushna, warming sweetness, aids digestion); Peanut (Guru, Ushna, energy dense); Sugar (Guru, Madhura, builds Ojas but heavy for Kapha); Ghee (Snigdha, unctuous, balances Vata and nourishes tissues); Milk/Khoya (Guru, Shita, cooling and building, balances Pitta); Cardamom (Ushna, aromatic, soothes digestion)"
Curd Rice (Mosaru Anna),Karnataka (South Karnataka),Rice Dish,Veg,"Cooked rice mixed with curd, tempered","Rice, Curd/Yogurt",1 cup (~200g),220,6,35,6,,,,,,,,"Rice, Curd/Yogurt, Oil/Ghee, Whole Spices, Salt","Rice (Laghu, easy to digest, balances Kapha); Curd/Yogurt (Amla, Guru, sour and cooling in moderation); Oil/Ghee (Snigdha, unctuous, balances Vata and nourishes tissues); Whole Spices (Ushna, kindles Agni, aids digestion); Salt (Ushna, enhances taste, balances electrolytes)"
Davanagere Benne Dosa,Karnataka (North Karnataka),Breakfast/Tiffin,Veg,Butter dosa served with spiced potato palya,"Potato, Butter",1 piece with palya (~220g),340,7,45,13,,,,,,,,"Potato, Butter, Salt, Oil, Mixed Spices","Potato (Guru, Vata aggravating in excess); Butter (Snigdha, unctuous, balances Vata); Salt (Ushna, enhances taste, balances electrolytes); Oil (Snigdha, unctuous, balances Vata); Mixed Spices (Ushna, kindles Agni, aids digestion)"
Dharwad Pedha,Karnataka (North Karnataka),Dessert,Veg,"Milk-solid sweet, Dharwad specialty",Milk,2 pieces (~40g),160,4,20,7,,,,,,,,"Milk, Salt, Oil, Mixed Spices","Milk (Guru, Shita, cooling and building, balances Pitta); Salt (Ushna, enhances taste, balances electrolytes); Oil (Snigdha, unctuous, balances Vata); Mixed Spices (Ushna, kindles Agni, aids digestion)"
Filter Kaapi,Karnataka (General),Beverage,Veg,South Indian filter coffee with milk,"Milk, Coffee",1 cup (~150ml),80,3,10,3,,,,,,,,"Milk, Coffee, Water, Sugar, Ice","Milk (Guru, Shita, cooling and building, balances Pitta); Coffee (Balances doshas when eaten fresh and in moderation); Water (Balances doshas when eaten fresh and in moderation); Sugar (Guru, Madhura, builds Ojas but heavy for Kapha); Ice (Balances doshas when eaten fresh and in moderation)"
Genasale,Karnataka (Coastal Karnataka),Dessert,Veg,Steamed sweet rice-jaggery-coconut dumpling,"Rice, Coconut, Jaggery",2 pieces (~80g),190,3,32,6,,,,,,,,"Rice, Coconut, Jaggery, Salt, Oil, Mixed Spices","Rice (Laghu, easy to digest, balances Kapha); Coconut (Shita, cooling, pacifies Pitta); Jaggery (Ushna, warming sweetness, aids digestion); Salt (Ushna, enhances taste, balances electrolytes); Oil (Snigdha, unctuous, balances Vata); Mixed Spices (Ushna, kindles Agni, aids digestion)"
Ghee Roast Chicken (Kundapur style),Karnataka (Coastal Karnataka (Kundapur)),Non-Veg,Non-Veg,Chicken roasted in ghee with fiery Byadagi chili paste,"Ghee, Chicken, Chili",1 cup (~200g),340,26,8,24,,,,,,,,"Ghee, Chicken, Chili, Salt, Oil, Mixed Spices","Ghee (Snigdha, unctuous, balances Vata and nourishes tissues); Chicken (Guru, Ushna, builds strength); Chili (Balances doshas when eaten fresh and in moderation); Salt (Ushna, enhances taste, balances electrolytes); Oil (Snigdha, unctuous, balances Vata); Mixed Spices (Ushna, kindles Agni, aids digestion)"
Godhi Dose (Wheat Dosa),Karnataka (General),Breakfast/Tiffin,Veg,Whole wheat flour thin crepe,Wheat Flour,2 pcs (~120g),190,5,32,4,,,,,,,,"Wheat Flour, Salt, Oil, Mixed Spices","Wheat Flour (Guru, nourishing, grounds Vata); Salt (Ushna, enhances taste, balances electrolytes); Oil (Snigdha, unctuous, balances Vata); Mixed Spices (Ushna, kindles Agni, aids digestion)"
Gojju (Pumpkin/Mixed),Karnataka (General),Curry/Gravy,Veg,Sweet-sour-spicy jaggery & tamarind based curry,"Pumpkin, Jaggery, Tamarind",1 cup (~150g),150,3,20,7,,,,,,,,"Pumpkin, Jaggery, Tamarind, Onion, Tomato, Ginger-Garlic Paste, Oil/Ghee, Turmeric, Red Chilli Powder, Garam Masala, Salt","Pumpkin (Balances doshas when eaten fresh and in moderation); Jaggery (Ushna, warming sweetness, aids digestion); Tamarind (Amla, stimulates Agni); Onion (Ushna, stimulates Agni, balances Kapha and Vata); Tomato (Amla, sour, stimulates digestion, use sparingly for Pitta); Ginger-Garlic Paste (Ushna, kindles Agni, aids digestion); Oil/Ghee (Snigdha, unctuous, balances Vata and nourishes tissues); Turmeric (Ushna, anti-inflammatory, purifies blood); Red Chilli Powder (Ushna, heating, use sparingly for Pitta); Garam Masala (Ushna, kindles Agni, aids digestion); Salt (Ushna, enhances taste, balances electrolytes)"
Goli Baje (Mangalore Bajji),Karnataka (Coastal Karnataka),Snack,Veg,Deep-fried maida-curd fritters,"Refined Flour, Curd/Yogurt",4 pieces (~100g),230,4,24,13,,,,,,,,"Refined Flour, Curd/Yogurt, Salt, Oil, Mixed Spices","Refined Flour (Guru, heavier to digest, best in moderation); Curd/Yogurt (Amla, Guru, sour and cooling in moderation); Salt (Ushna, enhances taste, balances electrolytes); Oil (Snigdha, unctuous, balances Vata); Mixed Spices (Ushna, kindles Agni, aids digestion)"
Gorikayi Palya,Karnataka (North Karnataka),Curry/Gravy,Veg,Cluster beans dry stir-fry with coconut,"Beans, Coconut",1 cup (~150g),100,4,12,5,,,,,,,,"Beans, Coconut, Onion, Tomato, Ginger-Garlic Paste, Oil/Ghee, Turmeric, Red Chilli Powder, Garam Masala, Salt","Beans (Balances doshas when eaten fresh and in moderation); Coconut (Shita, cooling, pacifies Pitta); Onion (Ushna, stimulates Agni, balances Kapha and Vata); Tomato (Amla, sour, stimulates digestion, use sparingly for Pitta); Ginger-Garlic Paste (Ushna, kindles Agni, aids digestion); Oil/Ghee (Snigdha, unctuous, balances Vata and nourishes tissues); Turmeric (Ushna, anti-inflammatory, purifies blood); Red Chilli Powder (Ushna, heating, use sparingly for Pitta); Garam Masala (Ushna, kindles Agni, aids digestion); Salt (Ushna, enhances taste, balances electrolytes)"
Halbai,Karnataka (Coastal Karnataka),Dessert,Veg,Steamed rice-jaggery-coconut milk sweet,"Rice, Coconut, Milk, Jaggery",1 piece (~70g),160,2,28,5,,,,,,,,"Rice, Coconut, Milk, Jaggery, Salt, Oil, Mixed Spices","Rice (Laghu, easy to digest, balances Kapha); Coconut (Shita, cooling, pacifies Pitta); Milk (Guru, Shita, cooling and building, balances Pitta); Jaggery (Ushna, warming sweetness, aids digestion); Salt (Ushna, enhances taste, balances electrolytes); Oil (Snigdha, unctuous, balances Vata); Mixed Spices (Ushna, kindles Agni, aids digestion)"
Happala (Sun-dried Papad),Karnataka (General),Side/Snack,Veg,"Sun-dried lentil/rice wafer, fried or roasted",Rice,2 pieces (~20g),90,2,12,4,,,,,,,,"Rice, Salt, Oil, Mixed Spices","Rice (Laghu, easy to digest, balances Kapha); Salt (Ushna, enhances taste, balances electrolytes); Oil (Snigdha, unctuous, balances Vata); Mixed Spices (Ushna, kindles Agni, aids digestion)"
Hesaru Kalu Usli,Karnataka (General),Curry/Gravy,Veg,Sprouted moong bean stir-fry with coconut,"Moong Dal, Coconut",1 cup (~150g),160,10,22,4,,,,,,,,"Moong Dal, Coconut, Onion, Tomato, Ginger-Garlic Paste, Oil/Ghee, Turmeric, Red Chilli Powder, Garam Masala, Salt","Moong Dal (Laghu, protein-rich, balances Kapha); Coconut (Shita, cooling, pacifies Pitta); Onion (Ushna, stimulates Agni, balances Kapha and Vata); Tomato (Amla, sour, stimulates digestion, use sparingly for Pitta); Ginger-Garlic Paste (Ushna, kindles Agni, aids digestion); Oil/Ghee (Snigdha, unctuous, balances Vata and nourishes tissues); Turmeric (Ushna, anti-inflammatory, purifies blood); Red Chilli Powder (Ushna, heating, use sparingly for Pitta); Garam Masala (Ushna, kindles Agni, aids digestion); Salt (Ushna, enhances taste, balances electrolytes)"
Hesarubele Kosambari,Karnataka (General),Salad/Side,Veg,Soaked moong dal salad with cucumber & coconut,"Moong Dal, Coconut",1 cup (~100g),110,6,15,3,,,,,,,,"Moong Dal, Coconut, Salt, Pepper, Lemon Juice, Oil/Dressing","Moong Dal (Laghu, protein-rich, balances Kapha); Coconut (Shita, cooling, pacifies Pitta); Salt (Ushna, enhances taste, balances electrolytes); Pepper (Ushna, heating, clears Kapha); Lemon Juice (Amla, alkalising, stimulates Agni); Oil/Dressing (Snigdha, unctuous, balances Vata)"
Huli (Karnataka Sambar),Karnataka (General),Curry/Gravy,Veg,Toor dal & vegetable curry with sambar powder,Toor Dal,1 cup (~200g),150,7,20,4,,,,,,,,"Toor Dal, Onion, Tomato, Ginger-Garlic Paste, Oil/Ghee, Turmeric, Red Chilli Powder, Garam Masala, Salt","Toor Dal (Laghu, protein-rich, balances Kapha); Onion (Ushna, stimulates Agni, balances Kapha and Vata); Tomato (Amla, sour, stimulates digestion, use sparingly for Pitta); Ginger-Garlic Paste (Ushna, kindles Agni, aids digestion); Oil/Ghee (Snigdha, unctuous, balances Vata and nourishes tissues); Turmeric (Ushna, anti-inflammatory, purifies blood); Red Chilli Powder (Ushna, heating, use sparingly for Pitta); Garam Masala (Ushna, kindles Agni, aids digestion); Salt (Ushna, enhances taste, balances electrolytes)"
Hurali Saaru (Horsegram Soup),Karnataka (General),Curry/Gravy,Veg,"Spiced horsegram broth, protein rich",Horsegram,1 cup (~200g),130,8,18,3,,,,,,,,"Horsegram, Onion, Tomato, Ginger-Garlic Paste, Oil/Ghee, Turmeric, Red Chilli Powder, Garam Masala, Salt","Horsegram (Balances doshas when eaten fresh and in moderation); Onion (Ushna, stimulates Agni, balances Kapha and Vata); Tomato (Amla, sour, stimulates digestion, use sparingly for Pitta); Ginger-Garlic Paste (Ushna, kindles Agni, aids digestion); Oil/Ghee (Snigdha, unctuous, balances Vata and nourishes tissues); Turmeric (Ushna, anti-inflammatory, purifies blood); Red Chilli Powder (Ushna, heating, use sparingly for Pitta); Garam Masala (Ushna, kindles Agni, aids digestion); Salt (Ushna, enhances taste, balances electrolytes)"
Idli (Karnataka style),Karnataka (General),Breakfast/Tiffin,Veg,Steamed fermented rice-urad cakes,"Rice, Urad Dal",2 pieces (~80g),80,3,16,0.5,,,,,,,,"Rice, Urad Dal, Salt, Oil, Mixed Spices","Rice (Laghu, easy to digest, balances Kapha); Urad Dal (Laghu, protein-rich, balances Kapha); Salt (Ushna, enhances taste, balances electrolytes); Oil (Snigdha, unctuous, balances Vata); Mixed Spices (Ushna, kindles Agni, aids digestion)"
Jolada Rotti (Jowar Roti),Karnataka (North Karnataka),Roti/Bread,Veg,Hand-patted sorghum flatbread,Sorghum,1 piece (~60g),130,4,27,1,,,,,,,,"Sorghum, Wheat Flour, Salt, Water, Oil/Ghee","Sorghum (Balances doshas when eaten fresh and in moderation); Wheat Flour (Guru, nourishing, grounds Vata); Salt (Ushna, enhances taste, balances electrolytes); Water (Balances doshas when eaten fresh and in moderation); Oil/Ghee (Snigdha, unctuous, balances Vata and nourishes tissues)"
Kaalu Palya,Karnataka (North Karnataka),Curry/Gravy,Veg,Sprouted lentil dry stir-fry with coconut,Coconut,1 cup (~150g),180,9,22,6,,,,,,,,"Coconut, Onion, Tomato, Ginger-Garlic Paste, Oil/Ghee, Turmeric, Red Chilli Powder, Garam Masala, Salt","Coconut (Shita, cooling, pacifies Pitta); Onion (Ushna, stimulates Agni, balances Kapha and Vata); Tomato (Amla, sour, stimulates digestion, use sparingly for Pitta); Ginger-Garlic Paste (Ushna, kindles Agni, aids digestion); Oil/Ghee (Snigdha, unctuous, balances Vata and nourishes tissues); Turmeric (Ushna, anti-inflammatory, purifies blood); Red Chilli Powder (Ushna, heating, use sparingly for Pitta); Garam Masala (Ushna, kindles Agni, aids digestion); Salt (Ushna, enhances taste, balances electrolytes)"
Kadabu (Sweet Coconut Dumpling),Karnataka (Coastal Karnataka),Dessert,Veg,Steamed dumpling with coconut-jaggery filling,"Coconut, Jaggery",2 pcs (~80g),190,3,34,5,,,,,,,,"Coconut, Jaggery, Salt, Oil, Mixed Spices","Coconut (Shita, cooling, pacifies Pitta); Jaggery (Ushna, warming sweetness, aids digestion); Salt (Ushna, enhances taste, balances electrolytes); Oil (Snigdha, unctuous, balances Vata); Mixed Spices (Ushna, kindles Agni, aids digestion)"
Kadlebele Kosambari,Karnataka (General),Salad/Side,Veg,Soaked chana dal salad with cucumber & coconut,"Chickpeas, Coconut",1 cup (~100g),130,7,17,4,,,,,,,,"Chickpeas, Coconut, Salt, Pepper, Lemon Juice, Oil/Dressing","Chickpeas (Laghu, grounding, aids digestion); Coconut (Shita, cooling, pacifies Pitta); Salt (Ushna, enhances taste, balances electrolytes); Pepper (Ushna, heating, clears Kapha); Lemon Juice (Amla, alkalising, stimulates Agni); Oil/Dressing (Snigdha, unctuous, balances Vata)"
Kai Bath (Vegetable Pulao),Karnataka (South Karnataka),Rice Dish,Veg,Mixed vegetable spiced rice pulao,Rice,1 cup (~200g),280,6,42,9,,,,,,,,"Rice, Oil/Ghee, Whole Spices, Salt","Rice (Laghu, easy to digest, balances Kapha); Oil/Ghee (Snigdha, unctuous, balances Vata and nourishes tissues); Whole Spices (Ushna, kindles Agni, aids digestion); Salt (Ushna, enhances taste, balances electrolytes)"
Kaipa,Karnataka (Coorg),Non-Veg,Non-Veg,"Pork cooked with bamboo shoot, Coorg specialty",Pork,1 cup (~200g),360,24,8,26,,,,,,,,"Pork, Salt, Oil, Mixed Spices","Pork (Balances doshas when eaten fresh and in moderation); Salt (Ushna, enhances taste, balances electrolytes); Oil (Snigdha, unctuous, balances Vata); Mixed Spices (Ushna, kindles Agni, aids digestion)"
Kajjaya,Karnataka (North Karnataka),Sweet,Veg,Deep-fried rice-jaggery sweet,"Rice, Jaggery",2 pcs (~60g),220,2,36,8,,,,,,,,"Rice, Jaggery, Sugar, Ghee, Milk/Khoya, Cardamom","Rice (Laghu, easy to digest, balances Kapha); Jaggery (Ushna, warming sweetness, aids digestion); Sugar (Guru, Madhura, builds Ojas but heavy for Kapha); Ghee (Snigdha, unctuous, balances Vata and nourishes tissues); Milk/Khoya (Guru, Shita, cooling and building, balances Pitta); Cardamom (Ushna, aromatic, soothes digestion)"
Kane Gassi,Karnataka (Coastal Karnataka),Non-Veg,Non-Veg,Ladyfish in coconut based curry,Coconut,1 cup (~200g),250,20,8,16,,,,,,,,"Coconut, Salt, Oil, Mixed Spices","Coconut (Shita, cooling, pacifies Pitta); Salt (Ushna, enhances taste, balances electrolytes); Oil (Snigdha, unctuous, balances Vata); Mixed Spices (Ushna, kindles Agni, aids digestion)"
Kane Rawa Fry (Ladyfish Fry),Karnataka (Coastal Karnataka),Non-Veg,Non-Veg,Rava-coated shallow-fried ladyfish,Semolina,1 serving (~150g),250,20,10,15,,,,,,,,"Semolina, Salt, Oil, Mixed Spices","Semolina (Balances doshas when eaten fresh and in moderation); Salt (Ushna, enhances taste, balances electrolytes); Oil (Snigdha, unctuous, balances Vata); Mixed Spices (Ushna, kindles Agni, aids digestion)"
Karadantu,Karnataka (North Karnataka),Dessert,Veg,Ginger-jaggery candy from Chikmagalur,"Jaggery, Ginger",1 piece (~25g),90,0.5,20,1,,,,,,,,"Jaggery, Ginger, Salt, Oil, Mixed Spices","Jaggery (Ushna, warming sweetness, aids digestion); Ginger (Ushna, kindles Agni, aids digestion); Salt (Ushna, enhances taste, balances electrolytes); Oil (Snigdha, unctuous, balances Vata); Mixed Spices (Ushna, kindles Agni, aids digestion)"
Kashaya,Karnataka (General),Beverage,Veg,Herbal spiced decoction with ginger & tulsi,Ginger,1 cup (~150ml),30,0.3,6,0.3,,,,,,,,"Ginger, Water, Sugar, Ice","Ginger (Ushna, kindles Agni, aids digestion); Water (Balances doshas when eaten fresh and in moderation); Sugar (Guru, Madhura, builds Ojas but heavy for Kapha); Ice (Balances doshas when eaten fresh and in moderation)"
Kayi Holige,Karnataka (Coastal Karnataka),Dessert,Veg,Coconut-jaggery stuffed sweet flatbread,"Coconut, Jaggery",1 piece (~80g),240,4,40,7,,,,,,,,"Coconut, Jaggery, Salt, Oil, Mixed Spices","Coconut (Shita, cooling, pacifies Pitta); Jaggery (Ushna, warming sweetness, aids digestion); Salt (Ushna, enhances taste, balances electrolytes); Oil (Snigdha, unctuous, balances Vata); Mixed Spices (Ushna, kindles Agni, aids digestion)"
Kesari Bath,Karnataka (South Karnataka),Breakfast/Tiffin,Veg,Sweet semolina pudding with ghee & saffron,"Semolina, Beans, Ghee",1 cup (~150g),300,4,45,12,,,,,,,,"Semolina, Beans, Ghee, Salt, Oil, Mixed Spices","Semolina (Balances doshas when eaten fresh and in moderation); Beans (Balances doshas when eaten fresh and in moderation); Ghee (Snigdha, unctuous, balances Vata and nourishes tissues); Salt (Ushna, enhances taste, balances electrolytes); Oil (Snigdha, unctuous, balances Vata); Mixed Spices (Ushna, kindles Agni, aids digestion)"
Khara Bath,Karnataka (South Karnataka),Breakfast/Tiffin,Veg,Savory semolina upma with vegetables,"Semolina, Beans",1 cup (~150g),230,5,30,10,,,,,,,,"Semolina, Beans, Salt, Oil, Mixed Spices","Semolina (Balances doshas when eaten fresh and in moderation); Beans (Balances doshas when eaten fresh and in moderation); Salt (Ushna, enhances taste, balances electrolytes); Oil (Snigdha, unctuous, balances Vata); Mixed Spices (Ushna, kindles Agni, aids digestion)"
Kobbari Chutney,Karnataka (General),Chutney/Side,Veg,Fresh coconut chutney with green chili,"Coconut, Chili",1/4 cup (~50g),100,2,5,9,,,,,,,,"Coconut, Chili, Green Chilli, Salt, Spices, Oil (tempering)","Coconut (Shita, cooling, pacifies Pitta); Chili (Balances doshas when eaten fresh and in moderation); Green Chilli (Ushna, use sparingly for Pitta); Salt (Ushna, enhances taste, balances electrolytes); Spices (Balances doshas when eaten fresh and in moderation); Oil (tempering) (Snigdha, unctuous, balances Vata)"
Kodubale,Karnataka (South Karnataka),Snack,Veg,Deep-fried rice flour-urad dal ring crackers,"Rice, Urad Dal",4 pieces (~50g),220,4,24,12,,,,,,,,"Rice, Urad Dal, Salt, Oil, Mixed Spices","Rice (Laghu, easy to digest, balances Kapha); Urad Dal (Laghu, protein-rich, balances Kapha); Salt (Ushna, enhances taste, balances electrolytes); Oil (Snigdha, unctuous, balances Vata); Mixed Spices (Ushna, kindles Agni, aids digestion)"
Koinu Curry,Karnataka (Coorg),Non-Veg,Non-Veg,Coorg-style fish curry with kachampuli vinegar,Fish,1 cup (~200g),240,20,6,15,,,,,,,,"Fish, Salt, Oil, Mixed Spices","Fish (Guru, Ushna, nourishing, best fresh); Salt (Ushna, enhances taste, balances electrolytes); Oil (Snigdha, unctuous, balances Vata); Mixed Spices (Ushna, kindles Agni, aids digestion)"
Koli Saaru (Chicken Curry),Karnataka (South Karnataka),Non-Veg,Non-Veg,Spicy coconut-based chicken curry,"Coconut, Chicken",1 cup (~200g),300,24,10,19,,,,,,,,"Coconut, Chicken, Salt, Oil, Mixed Spices","Coconut (Shita, cooling, pacifies Pitta); Chicken (Guru, Ushna, builds strength); Salt (Ushna, enhances taste, balances electrolytes); Oil (Snigdha, unctuous, balances Vata); Mixed Spices (Ushna, kindles Agni, aids digestion)"
Kori Gassi,Karnataka (Coastal Karnataka (Mangalore)),Non-Veg,Non-Veg,Chicken in spicy coconut based curry,"Coconut, Chicken",1 cup (~200g),310,24,8,21,,,,,,,,"Coconut, Chicken, Salt, Oil, Mixed Spices","Coconut (Shita, cooling, pacifies Pitta); Chicken (Guru, Ushna, builds strength); Salt (Ushna, enhances taste, balances electrolytes); Oil (Snigdha, unctuous, balances Vata); Mixed Spices (Ushna, kindles Agni, aids digestion)"
Kori Rotti,Karnataka (Coastal Karnataka),Non-Veg,Non-Veg,Crisp rice wafers soaked in spicy chicken curry,"Rice, Chicken",1 serving (~250g),380,22,28,20,,,,,,,,"Rice, Chicken, Salt, Oil, Mixed Spices","Rice (Laghu, easy to digest, balances Kapha); Chicken (Guru, Ushna, builds strength); Salt (Ushna, enhances taste, balances electrolytes); Oil (Snigdha, unctuous, balances Vata); Mixed Spices (Ushna, kindles Agni, aids digestion)"
Kotte Kadubu,Karnataka (Coastal Karnataka),Breakfast/Snack,Veg,Steamed rice dumpling in jackfruit leaf cone,"Rice, Jackfruit",2 pcs (~120g),200,4,40,3,,,,,,,,"Rice, Jackfruit, Salt, Oil, Mixed Spices","Rice (Laghu, easy to digest, balances Kapha); Jackfruit (Balances doshas when eaten fresh and in moderation); Salt (Ushna, enhances taste, balances electrolytes); Oil (Snigdha, unctuous, balances Vata); Mixed Spices (Ushna, kindles Agni, aids digestion)"
Kundapur Kori Ghee Roast,Karnataka (Coastal Karnataka (Kundapur)),Non-Veg,Non-Veg,"Spicy ghee-roasted chicken, Kundapur specialty","Ghee, Chicken",1 cup (~200g),350,26,8,25,,,,,,,,"Ghee, Chicken, Salt, Oil, Mixed Spices","Ghee (Snigdha, unctuous, balances Vata and nourishes tissues); Chicken (Guru, Ushna, builds strength); Salt (Ushna, enhances taste, balances electrolytes); Oil (Snigdha, unctuous, balances Vata); Mixed Spices (Ushna, kindles Agni, aids digestion)"
Maddur Vada,Karnataka (South Karnataka),Snack,Veg,"Crisp flat vada of rice flour, semolina, onion","Rice, Semolina, Onion, Beans",2 pieces (~100g),250,5,28,13,,,,,,,,"Rice, Semolina, Onion, Beans, Salt, Oil, Mixed Spices","Rice (Laghu, easy to digest, balances Kapha); Semolina (Balances doshas when eaten fresh and in moderation); Onion (Ushna, stimulates Agni, balances Kapha and Vata); Beans (Balances doshas when eaten fresh and in moderation); Salt (Ushna, enhances taste, balances electrolytes); Oil (Snigdha, unctuous, balances Vata); Mixed Spices (Ushna, kindles Agni, aids digestion)"
Majjige Huli,Karnataka (South Karnataka),Curry/Gravy,Veg,Buttermilk-coconut curry with vegetables,Coconut,1 cup (~200g),160,5,14,9,,,,,,,,"Coconut, Onion, Tomato, Ginger-Garlic Paste, Oil/Ghee, Turmeric, Red Chilli Powder, Garam Masala, Salt","Coconut (Shita, cooling, pacifies Pitta); Onion (Ushna, stimulates Agni, balances Kapha and Vata); Tomato (Amla, sour, stimulates digestion, use sparingly for Pitta); Ginger-Garlic Paste (Ushna, kindles Agni, aids digestion); Oil/Ghee (Snigdha, unctuous, balances Vata and nourishes tissues); Turmeric (Ushna, anti-inflammatory, purifies blood); Red Chilli Powder (Ushna, heating, use sparingly for Pitta); Garam Masala (Ushna, kindles Agni, aids digestion); Salt (Ushna, enhances taste, balances electrolytes)"
Mandakki Oggarane,Karnataka (North Karnataka (Dharwad/Hubli)),Snack,Veg,"Puffed rice tempered with mustard, peanuts & chili","Rice, Peanut, Chili, Mustard",1 cup (~80g),170,3,28,6,,,,,,,,"Rice, Peanut, Chili, Mustard, Salt, Oil, Mixed Spices","Rice (Laghu, easy to digest, balances Kapha); Peanut (Guru, Ushna, energy dense); Chili (Balances doshas when eaten fresh and in moderation); Mustard (Balances doshas when eaten fresh and in moderation); Salt (Ushna, enhances taste, balances electrolytes); Oil (Snigdha, unctuous, balances Vata); Mixed Spices (Ushna, kindles Agni, aids digestion)"
Mangalore Buns,Karnataka (Coastal Karnataka),Snack/Breakfast,Veg,Sweet deep-fried banana-maida buns,"Refined Flour, Banana",2 pieces (~120g),300,5,42,13,,,,,,,,"Refined Flour, Banana, Salt, Oil, Mixed Spices","Refined Flour (Guru, heavier to digest, best in moderation); Banana (Guru, Shita, grounding); Salt (Ushna, enhances taste, balances electrolytes); Oil (Snigdha, unctuous, balances Vata); Mixed Spices (Ushna, kindles Agni, aids digestion)"
Mavinakayi Chitranna,Karnataka (South Karnataka),Rice Dish,Veg,Raw mango tempered rice,"Rice, Mango",1 cup (~200g),250,4,40,8,,,,,,,,"Rice, Mango, Oil/Ghee, Whole Spices, Salt","Rice (Laghu, easy to digest, balances Kapha); Mango (Guru, Snigdha, nourishing in season); Oil/Ghee (Snigdha, unctuous, balances Vata and nourishes tissues); Whole Spices (Ushna, kindles Agni, aids digestion); Salt (Ushna, enhances taste, balances electrolytes)"
Meen Gassi,Karnataka (Coastal Karnataka),Non-Veg,Non-Veg,Mangalorean coconut-based fish curry,"Coconut, Fish",1 cup (~200g),270,20,10,18,,,,,,,,"Coconut, Fish, Salt, Oil, Mixed Spices","Coconut (Shita, cooling, pacifies Pitta); Fish (Guru, Ushna, nourishing, best fresh); Salt (Ushna, enhances taste, balances electrolytes); Oil (Snigdha, unctuous, balances Vata); Mixed Spices (Ushna, kindles Agni, aids digestion)"
Menasinakai Bajji,Karnataka (North Karnataka),Snack,Veg,Deep-fried stuffed green chili fritters,Chili,2 pcs (~100g),220,4,22,13,,,,,,,,"Chili, Salt, Oil, Mixed Spices","Chili (Balances doshas when eaten fresh and in moderation); Salt (Ushna, enhances taste, balances electrolytes); Oil (Snigdha, unctuous, balances Vata); Mixed Spices (Ushna, kindles Agni, aids digestion)"
Menthya Gojju,Karnataka (North Karnataka),Curry/Gravy,Veg,Fenugreek seed based tangy-sweet curry,Fenugreek,1 cup (~150g),140,3,18,7,,,,,,,,"Fenugreek, Onion, Tomato, Ginger-Garlic Paste, Oil/Ghee, Turmeric, Red Chilli Powder, Garam Masala, Salt","Fenugreek (Ushna, aids digestion, bitter); Onion (Ushna, stimulates Agni, balances Kapha and Vata); Tomato (Amla, sour, stimulates digestion, use sparingly for Pitta); Ginger-Garlic Paste (Ushna, kindles Agni, aids digestion); Oil/Ghee (Snigdha, unctuous, balances Vata and nourishes tissues); Turmeric (Ushna, anti-inflammatory, purifies blood); Red Chilli Powder (Ushna, heating, use sparingly for Pitta); Garam Masala (Ushna, kindles Agni, aids digestion); Salt (Ushna, enhances taste, balances electrolytes)"
Menthya Soppu Palya,Karnataka (General),Curry/Gravy,Veg,Fenugreek leaves stir-fry with lentils & coconut,"Coconut, Fenugreek",1 cup (~150g),110,5,12,5,,,,,,,,"Coconut, Fenugreek, Onion, Tomato, Ginger-Garlic Paste, Oil/Ghee, Turmeric, Red Chilli Powder, Garam Masala, Salt","Coconut (Shita, cooling, pacifies Pitta); Fenugreek (Ushna, aids digestion, bitter); Onion (Ushna, stimulates Agni, balances Kapha and Vata); Tomato (Amla, sour, stimulates digestion, use sparingly for Pitta); Ginger-Garlic Paste (Ushna, kindles Agni, aids digestion); Oil/Ghee (Snigdha, unctuous, balances Vata and nourishes tissues); Turmeric (Ushna, anti-inflammatory, purifies blood); Red Chilli Powder (Ushna, heating, use sparingly for Pitta); Garam Masala (Ushna, kindles Agni, aids digestion); Salt (Ushna, enhances taste, balances electrolytes)"
Mirchi Bajji,Karnataka (General),Snack,Veg,Deep-fried stuffed chili fritters,Chili,2 pieces (~100g),220,4,22,13,,,,,,,,"Chili, Salt, Oil, Mixed Spices","Chili (Balances doshas when eaten fresh and in moderation); Salt (Ushna, enhances taste, balances electrolytes); Oil (Snigdha, unctuous, balances Vata); Mixed Spices (Ushna, kindles Agni, aids digestion)"
Moode,Karnataka (Coastal Karnataka),Breakfast/Snack,Veg,Steamed rice dumpling in pandanus (kedige) leaf,Rice,2 pcs (~120g),200,4,40,3,,,,,,,,"Rice, Salt, Oil, Mixed Spices","Rice (Laghu, easy to digest, balances Kapha); Salt (Ushna, enhances taste, balances electrolytes); Oil (Snigdha, unctuous, balances Vata); Mixed Spices (Ushna, kindles Agni, aids digestion)"
Mosaru Bajji,Karnataka (North Karnataka),Snack,Veg,Fried gram-flour fritters dunked in spiced curd,Curd/Yogurt,1 cup (~150g),210,6,20,12,,,,,,,,"Curd/Yogurt, Salt, Oil, Mixed Spices","Curd/Yogurt (Amla, Guru, sour and cooling in moderation); Salt (Ushna, enhances taste, balances electrolytes); Oil (Snigdha, unctuous, balances Vata); Mixed Spices (Ushna, kindles Agni, aids digestion)"
Mudde (Ragi Mudde),Karnataka (South Karnataka),Staple/Roti Alt.,Veg,Steamed finger millet dough balls,Finger Millet,1 ball (~100g),130,3,28,0.5,,,,,,,,"Finger Millet, Rice, Oil/Ghee, Whole Spices, Salt, Wheat Flour, Water","Finger Millet (Balances doshas when eaten fresh and in moderation); Rice (Laghu, easy to digest, balances Kapha); Oil/Ghee (Snigdha, unctuous, balances Vata and nourishes tissues); Whole Spices (Ushna, kindles Agni, aids digestion); Salt (Ushna, enhances taste, balances electrolytes); Wheat Flour (Guru, nourishing, grounds Vata); Water (Balances doshas when eaten fresh and in moderation)"
Mutton Sukka,Karnataka (Coorg/Coastal),Non-Veg,Non-Veg,Dry spiced mutton roast with coconut,"Coconut, Mutton",1 cup (~200g),380,26,8,28,,,,,,,,"Coconut, Mutton, Salt, Oil, Mixed Spices","Coconut (Shita, cooling, pacifies Pitta); Mutton (Guru, Ushna, heavy and warming); Salt (Ushna, enhances taste, balances electrolytes); Oil (Snigdha, unctuous, balances Vata); Mixed Spices (Ushna, kindles Agni, aids digestion)"
Mysore Masala Dosa,Karnataka (South Karnataka),Breakfast/Tiffin,Veg,Dosa with red chutney & spiced potato filling,Potato,1 piece (~220g),350,7,50,13,,,,,,,,"Potato, Salt, Oil, Mixed Spices","Potato (Guru, Vata aggravating in excess); Salt (Ushna, enhances taste, balances electrolytes); Oil (Snigdha, unctuous, balances Vata); Mixed Spices (Ushna, kindles Agni, aids digestion)"
Mysore Pak,Karnataka (South Karnataka),Dessert,Veg,Ghee-gram flour-sugar dense sweet,"Ghee, Sugar",2 pieces (~40g),210,3,22,13,,,,,,,,"Ghee, Sugar, Salt, Oil, Mixed Spices","Ghee (Snigdha, unctuous, balances Vata and nourishes tissues); Sugar (Guru, Madhura, builds Ojas but heavy for Kapha); Salt (Ushna, enhances taste, balances electrolytes); Oil (Snigdha, unctuous, balances Vata); Mixed Spices (Ushna, kindles Agni, aids digestion)"
Neer Dosa,Karnataka (Coastal Karnataka),Breakfast/Tiffin,Veg,Thin lacy rice-coconut crepe,"Rice, Coconut",2 pieces (~100g),140,3,26,2,,,,,,,,"Rice, Coconut, Salt, Oil, Mixed Spices","Rice (Laghu, easy to digest, balances Kapha); Coconut (Shita, cooling, pacifies Pitta); Salt (Ushna, enhances taste, balances electrolytes); Oil (Snigdha, unctuous, balances Vata); Mixed Spices (Ushna, kindles Agni, aids digestion)"
Nimbe Hannu Uppinakai,Karnataka (General),Pickle,Veg,Karnataka-style tangy lemon pickle,Lemon,1 tbsp (~15g),30,0.3,6,0.5,,,,,,,,"Lemon, Oil, Mustard Seeds, Turmeric, Red Chilli Powder, Salt","Lemon (Amla, alkalising, stimulates Agni); Oil (Snigdha, unctuous, balances Vata); Mustard Seeds (Ushna, stimulates digestion); Turmeric (Ushna, anti-inflammatory, purifies blood); Red Chilli Powder (Ushna, heating, use sparingly for Pitta); Salt (Ushna, enhances taste, balances electrolytes)"
Nippattu,Karnataka (South Karnataka),Snack,Veg,Crisp rice-flour savory disc with peanuts,"Rice, Peanut",2 pieces (~60g),270,5,28,16,,,,,,,,"Rice, Peanut, Salt, Oil, Mixed Spices","Rice (Laghu, easy to digest, balances Kapha); Peanut (Guru, Ushna, energy dense); Salt (Ushna, enhances taste, balances electrolytes); Oil (Snigdha, unctuous, balances Vata); Mixed Spices (Ushna, kindles Agni, aids digestion)"
Nuggekai Saaru,Karnataka (South Karnataka),Curry/Gravy,Veg,Drumstick lentil-tamarind sambar,"Drumstick, Tamarind",1 cup (~200g),150,7,20,4,,,,,,,,"Drumstick, Tamarind, Onion, Tomato, Ginger-Garlic Paste, Oil/Ghee, Turmeric, Red Chilli Powder, Garam Masala, Salt","Drumstick (Laghu, light, supports digestion); Tamarind (Amla, stimulates Agni); Onion (Ushna, stimulates Agni, balances Kapha and Vata); Tomato (Amla, sour, stimulates digestion, use sparingly for Pitta); Ginger-Garlic Paste (Ushna, kindles Agni, aids digestion); Oil/Ghee (Snigdha, unctuous, balances Vata and nourishes tissues); Turmeric (Ushna, anti-inflammatory, purifies blood); Red Chilli Powder (Ushna, heating, use sparingly for Pitta); Garam Masala (Ushna, kindles Agni, aids digestion); Salt (Ushna, enhances taste, balances electrolytes)"
Obbattu / Holige (Puran Poli),Karnataka (General),Dessert,Veg,Sweet lentil-jaggery stuffed flatbread,Jaggery,1 piece (~80g),250,5,42,7,,,,,,,,"Jaggery, Salt, Oil, Mixed Spices","Jaggery (Ushna, warming sweetness, aids digestion); Salt (Ushna, enhances taste, balances electrolytes); Oil (Snigdha, unctuous, balances Vata); Mixed Spices (Ushna, kindles Agni, aids digestion)"
Paddu (Guliyappa/Appe),Karnataka (General),Breakfast/Tiffin,Veg,Fermented rice-lentil batter cooked in mould,Rice,6 pieces (~120g),220,5,32,8,,,,,,,,"Rice, Salt, Oil, Mixed Spices","Rice (Laghu, easy to digest, balances Kapha); Salt (Ushna, enhances taste, balances electrolytes); Oil (Snigdha, unctuous, balances Vata); Mixed Spices (Ushna, kindles Agni, aids digestion)"
Pandi Curry (Coorg Pork Curry),Karnataka (Coorg),Non-Veg,Non-Veg,Spicy pork curry with kachampuli vinegar,Pork,1 cup (~200g),380,24,8,28,,,,,,,,"Pork, Salt, Oil, Mixed Spices","Pork (Balances doshas when eaten fresh and in moderation); Salt (Ushna, enhances taste, balances electrolytes); Oil (Snigdha, unctuous, balances Vata); Mixed Spices (Ushna, kindles Agni, aids digestion)"
Pathrode,Karnataka (Coastal Karnataka),Snack/Side,Veg,Steamed colocasia leaf rolls with rice-lentil paste,"Rice, Colocasia",3 pieces (~120g),180,5,28,5,,,,,,,,"Rice, Colocasia, Salt, Oil, Mixed Spices","Rice (Laghu, easy to digest, balances Kapha); Colocasia (Balances doshas when eaten fresh and in moderation); Salt (Ushna, enhances taste, balances electrolytes); Oil (Snigdha, unctuous, balances Vata); Mixed Spices (Ushna, kindles Agni, aids digestion)"
Prawn Gassi,Karnataka (Coastal Karnataka),Non-Veg,Non-Veg,Prawns in spicy coconut based curry,"Coconut, Prawn",1 cup (~200g),260,20,8,17,,,,,,,,"Coconut, Prawn, Salt, Oil, Mixed Spices","Coconut (Shita, cooling, pacifies Pitta); Prawn (Balances doshas when eaten fresh and in moderation); Salt (Ushna, enhances taste, balances electrolytes); Oil (Snigdha, unctuous, balances Vata); Mixed Spices (Ushna, kindles Agni, aids digestion)"
Puliyogare (Tamarind Rice),Karnataka (General),Rice Dish,Veg,Tangy tamarind-jaggery-spice rice,"Rice, Jaggery, Tamarind",1 cup (~200g),280,5,45,9,,,,,,,,"Rice, Jaggery, Tamarind, Oil/Ghee, Whole Spices, Salt","Rice (Laghu, easy to digest, balances Kapha); Jaggery (Ushna, warming sweetness, aids digestion); Tamarind (Amla, stimulates Agni); Oil/Ghee (Snigdha, unctuous, balances Vata and nourishes tissues); Whole Spices (Ushna, kindles Agni, aids digestion); Salt (Ushna, enhances taste, balances electrolytes)"
Ragi Dosa,Karnataka (General),Breakfast/Tiffin,Veg,Finger millet crepe,Finger Millet,2 pieces (~120g),180,5,32,3,,,,,,,,"Finger Millet, Salt, Oil, Mixed Spices","Finger Millet (Balances doshas when eaten fresh and in moderation); Salt (Ushna, enhances taste, balances electrolytes); Oil (Snigdha, unctuous, balances Vata); Mixed Spices (Ushna, kindles Agni, aids digestion)"
Ragi Java (Ganji),Karnataka (General),Beverage/Breakfast,Veg,Fermented ragi porridge/drink,Finger Millet,1 glass (~250ml),130,3,25,1,,,,,,,,"Finger Millet, Water, Sugar, Ice","Finger Millet (Balances doshas when eaten fresh and in moderation); Water (Balances doshas when eaten fresh and in moderation); Sugar (Guru, Madhura, builds Ojas but heavy for Kapha); Ice (Balances doshas when eaten fresh and in moderation)"
Rava Idli,Karnataka (South Karnataka),Breakfast/Tiffin,Veg,Steamed semolina cakes with cashew & mustard tempering,"Semolina, Beans, Cashew, Mustard",2 pieces (~100g),180,4,28,6,,,,,,,,"Semolina, Beans, Cashew, Mustard, Salt, Oil, Mixed Spices","Semolina (Balances doshas when eaten fresh and in moderation); Beans (Balances doshas when eaten fresh and in moderation); Cashew (Guru, Snigdha, builds tissue); Mustard (Balances doshas when eaten fresh and in moderation); Salt (Ushna, enhances taste, balances electrolytes); Oil (Snigdha, unctuous, balances Vata); Mixed Spices (Ushna, kindles Agni, aids digestion)"
Saagu,Karnataka (South Karnataka),Curry/Gravy,Veg,Mixed vegetable curry in coconut-poppy seed paste,Coconut,1 cup (~200g),190,5,20,10,,,,,,,,"Coconut, Onion, Tomato, Ginger-Garlic Paste, Oil/Ghee, Turmeric, Red Chilli Powder, Garam Masala, Salt","Coconut (Shita, cooling, pacifies Pitta); Onion (Ushna, stimulates Agni, balances Kapha and Vata); Tomato (Amla, sour, stimulates digestion, use sparingly for Pitta); Ginger-Garlic Paste (Ushna, kindles Agni, aids digestion); Oil/Ghee (Snigdha, unctuous, balances Vata and nourishes tissues); Turmeric (Ushna, anti-inflammatory, purifies blood); Red Chilli Powder (Ushna, heating, use sparingly for Pitta); Garam Masala (Ushna, kindles Agni, aids digestion); Salt (Ushna, enhances taste, balances electrolytes)"
Saaru (Karnataka Rasam),Karnataka (South Karnataka),Curry/Gravy,Veg,Thin tangy tomato-toor dal soup,"Toor Dal, Tomato",1 cup (~200g),90,3,14,2,,,,,,,,"Toor Dal, Tomato, Onion, Ginger-Garlic Paste, Oil/Ghee, Turmeric, Red Chilli Powder, Garam Masala, Salt","Toor Dal (Laghu, protein-rich, balances Kapha); Tomato (Amla, sour, stimulates digestion, use sparingly for Pitta); Onion (Ushna, stimulates Agni, balances Kapha and Vata); Ginger-Garlic Paste (Ushna, kindles Agni, aids digestion); Oil/Ghee (Snigdha, unctuous, balances Vata and nourishes tissues); Turmeric (Ushna, anti-inflammatory, purifies blood); Red Chilli Powder (Ushna, heating, use sparingly for Pitta); Garam Masala (Ushna, kindles Agni, aids digestion); Salt (Ushna, enhances taste, balances electrolytes)"
Sabbakki Bath,Karnataka (South Karnataka),Breakfast/Tiffin,Veg,Sago/sabudana upma with peanuts & potato,"Sago/Tapioca Pearls, Potato, Peanut",1 cup (~150g),260,5,38,10,,,,,,,,"Sago/Tapioca Pearls, Potato, Peanut, Salt, Oil, Mixed Spices","Sago/Tapioca Pearls (Balances doshas when eaten fresh and in moderation); Potato (Guru, Vata aggravating in excess); Peanut (Guru, Ushna, energy dense); Salt (Ushna, enhances taste, balances electrolytes); Oil (Snigdha, unctuous, balances Vata); Mixed Spices (Ushna, kindles Agni, aids digestion)"
Sajjappa,Karnataka (North Karnataka),Sweet/Snack,Veg,Deep-fried sweet stuffed pastry with coconut-jaggery,"Coconut, Jaggery",1 piece (~80g),260,4,36,12,,,,,,,,"Coconut, Jaggery, Sugar, Ghee, Milk/Khoya, Cardamom","Coconut (Shita, cooling, pacifies Pitta); Jaggery (Ushna, warming sweetness, aids digestion); Sugar (Guru, Madhura, builds Ojas but heavy for Kapha); Ghee (Snigdha, unctuous, balances Vata and nourishes tissues); Milk/Khoya (Guru, Shita, cooling and building, balances Pitta); Cardamom (Ushna, aromatic, soothes digestion)"
Sajje Rotti (Bajra Roti),Karnataka (North Karnataka),Roti/Bread,Veg,Hand-patted pearl millet flatbread,Pearl Millet,1 piece (~60g),125,4,24,2,,,,,,,,"Pearl Millet, Wheat Flour, Salt, Water, Oil/Ghee","Pearl Millet (Balances doshas when eaten fresh and in moderation); Wheat Flour (Guru, nourishing, grounds Vata); Salt (Ushna, enhances taste, balances electrolytes); Water (Balances doshas when eaten fresh and in moderation); Oil/Ghee (Snigdha, unctuous, balances Vata and nourishes tissues)"
Sajjige (Rava Kesari alt.),Karnataka (North Karnataka),Dessert,Veg,Semolina sweet similar to kesari bath,"Semolina, Beans",1 cup (~150g),290,4,44,11,,,,,,,,"Semolina, Beans, Salt, Oil, Mixed Spices","Semolina (Balances doshas when eaten fresh and in moderation); Beans (Balances doshas when eaten fresh and in moderation); Salt (Ushna, enhances taste, balances electrolytes); Oil (Snigdha, unctuous, balances Vata); Mixed Spices (Ushna, kindles Agni, aids digestion)"
Sandige,Karnataka (General),Snack/Side,Veg,"Sun-dried lentil/sago savory bits, fried before eating",Sago/Tapioca Pearls,10g fried,60,1,7,3,,,,,,,,"Sago/Tapioca Pearls, Salt, Oil, Mixed Spices","Sago/Tapioca Pearls (Balances doshas when eaten fresh and in moderation); Salt (Ushna, enhances taste, balances electrolytes); Oil (Snigdha, unctuous, balances Vata); Mixed Spices (Ushna, kindles Agni, aids digestion)"
Sanna,Karnataka (Coastal Karnataka),Breakfast/Tiffin,Veg,Toddy/yeast-fermented soft steamed rice cakes,Rice,2 pcs (~120g),210,3,40,4,,,,,,,,"Rice, Salt, Oil, Mixed Spices","Rice (Laghu, easy to digest, balances Kapha); Salt (Ushna, enhances taste, balances electrolytes); Oil (Snigdha, unctuous, balances Vata); Mixed Spices (Ushna, kindles Agni, aids digestion)"
Sasive,Karnataka (Coastal Karnataka),Curry/Gravy,Non-Veg,Mustard-coconut tangy vegetable/fish gravy,"Coconut, Fish, Mustard",1 cup (~200g),170,5,14,10,,,,,,,,"Coconut, Fish, Mustard, Onion, Tomato, Ginger-Garlic Paste, Oil/Ghee, Turmeric, Red Chilli Powder, Garam Masala, Salt","Coconut (Shita, cooling, pacifies Pitta); Fish (Guru, Ushna, nourishing, best fresh); Mustard (Balances doshas when eaten fresh and in moderation); Onion (Ushna, stimulates Agni, balances Kapha and Vata); Tomato (Amla, sour, stimulates digestion, use sparingly for Pitta); Ginger-Garlic Paste (Ushna, kindles Agni, aids digestion); Oil/Ghee (Snigdha, unctuous, balances Vata and nourishes tissues); Turmeric (Ushna, anti-inflammatory, purifies blood); Red Chilli Powder (Ushna, heating, use sparingly for Pitta); Garam Masala (Ushna, kindles Agni, aids digestion); Salt (Ushna, enhances taste, balances electrolytes)"
Set Dosa,Karnataka (South Karnataka),Breakfast/Tiffin,Veg,"Soft spongy small dosa, served in a set of 2-3",Rice & Urad Dal,2 pieces (~120g),200,5,34,4,,,,,,,,"Rice, Urad Dal, Salt, Oil, Mixed Spices","Rice (Laghu, easy to digest, balances Kapha); Urad Dal (Laghu, protein-rich, balances Kapha); Salt (Ushna, enhances taste, balances electrolytes); Oil (Snigdha, unctuous, balances Vata); Mixed Spices (Ushna, kindles Agni, aids digestion)"
Shenga Chutney,Karnataka (North Karnataka),Chutney/Side,Veg,Roasted peanut dry chutney powder,Peanut,2 tbsp (~20g),100,4,6,7,,,,,,,,"Peanut, Green Chilli, Salt, Spices, Oil (tempering)","Peanut (Guru, Ushna, energy dense); Green Chilli (Ushna, use sparingly for Pitta); Salt (Ushna, enhances taste, balances electrolytes); Spices (Balances doshas when eaten fresh and in moderation); Oil (tempering) (Snigdha, unctuous, balances Vata)"
Soppu Palya,Karnataka (General),Curry/Gravy,Veg,Stir-fried greens with coconut & spices,Coconut,1 cup (~150g),90,4,10,4,,,,,,,,"Coconut, Onion, Tomato, Ginger-Garlic Paste, Oil/Ghee, Turmeric, Red Chilli Powder, Garam Masala, Salt","Coconut (Shita, cooling, pacifies Pitta); Onion (Ushna, stimulates Agni, balances Kapha and Vata); Tomato (Amla, sour, stimulates digestion, use sparingly for Pitta); Ginger-Garlic Paste (Ushna, kindles Agni, aids digestion); Oil/Ghee (Snigdha, unctuous, balances Vata and nourishes tissues); Turmeric (Ushna, anti-inflammatory, purifies blood); Red Chilli Powder (Ushna, heating, use sparingly for Pitta); Garam Masala (Ushna, kindles Agni, aids digestion); Salt (Ushna, enhances taste, balances electrolytes)"
Tambuli,Karnataka (Coastal Karnataka),Curry/Side,Veg,Cooling yogurt-based herb or vegetable side dish,Curd/Yogurt,1 cup (~150g),90,3,8,5,,,,,,,,"Curd/Yogurt, Onion, Tomato, Ginger-Garlic Paste, Oil/Ghee, Turmeric, Red Chilli Powder, Garam Masala, Salt","Curd/Yogurt (Amla, Guru, sour and cooling in moderation); Onion (Ushna, stimulates Agni, balances Kapha and Vata); Tomato (Amla, sour, stimulates digestion, use sparingly for Pitta); Ginger-Garlic Paste (Ushna, kindles Agni, aids digestion); Oil/Ghee (Snigdha, unctuous, balances Vata and nourishes tissues); Turmeric (Ushna, anti-inflammatory, purifies blood); Red Chilli Powder (Ushna, heating, use sparingly for Pitta); Garam Masala (Ushna, kindles Agni, aids digestion); Salt (Ushna, enhances taste, balances electrolytes)"
Thatte Idli,Karnataka (South Karnataka),Breakfast/Tiffin,Veg,Large plate-sized soft idli,Rice & Urad Dal,1 piece (~100g),110,4,22,1,,,,,,,,"Rice, Urad Dal, Salt, Oil, Mixed Spices","Rice (Laghu, easy to digest, balances Kapha); Urad Dal (Laghu, protein-rich, balances Kapha); Salt (Ushna, enhances taste, balances electrolytes); Oil (Snigdha, unctuous, balances Vata); Mixed Spices (Ushna, kindles Agni, aids digestion)"
Thondekai Palya,Karnataka (General),Curry/Gravy,Veg,Ivy gourd stir-fry with coconut,Coconut,1 cup (~150g),100,3,12,5,,,,,,,,"Coconut, Onion, Tomato, Ginger-Garlic Paste, Oil/Ghee, Turmeric, Red Chilli Powder, Garam Masala, Salt","Coconut (Shita, cooling, pacifies Pitta); Onion (Ushna, stimulates Agni, balances Kapha and Vata); Tomato (Amla, sour, stimulates digestion, use sparingly for Pitta); Ginger-Garlic Paste (Ushna, kindles Agni, aids digestion); Oil/Ghee (Snigdha, unctuous, balances Vata and nourishes tissues); Turmeric (Ushna, anti-inflammatory, purifies blood); Red Chilli Powder (Ushna, heating, use sparingly for Pitta); Garam Masala (Ushna, kindles Agni, aids digestion); Salt (Ushna, enhances taste, balances electrolytes)"
Tomato Bath,Karnataka (South Karnataka),Breakfast/Tiffin,Veg,Semolina/rice cooked with tomato & spices,"Rice, Semolina, Tomato, Beans",1 cup (~200g),240,5,34,9,,,,,,,,"Rice, Semolina, Tomato, Beans, Salt, Oil, Mixed Spices","Rice (Laghu, easy to digest, balances Kapha); Semolina (Balances doshas when eaten fresh and in moderation); Tomato (Amla, sour, stimulates digestion, use sparingly for Pitta); Beans (Balances doshas when eaten fresh and in moderation); Salt (Ushna, enhances taste, balances electrolytes); Oil (Snigdha, unctuous, balances Vata); Mixed Spices (Ushna, kindles Agni, aids digestion)"
Uddina Vade (Medu Vada),Karnataka (General),Breakfast/Snack,Veg,Deep-fried plain urad dal doughnut-shaped fritter,Urad Dal,2 pcs (~100g),210,7,20,12,,,,,,,,"Urad Dal, Salt, Oil, Mixed Spices","Urad Dal (Laghu, protein-rich, balances Kapha); Salt (Ushna, enhances taste, balances electrolytes); Oil (Snigdha, unctuous, balances Vata); Mixed Spices (Ushna, kindles Agni, aids digestion)"
Uppinakai,Karnataka (General),Pickle,Veg,Karnataka-style spicy raw mango pickle,Mango,1 tbsp (~15g),60,0.3,3,5,,,,,,,,"Mango, Oil, Mustard Seeds, Turmeric, Red Chilli Powder, Salt","Mango (Guru, Snigdha, nourishing in season); Oil (Snigdha, unctuous, balances Vata); Mustard Seeds (Ushna, stimulates digestion); Turmeric (Ushna, anti-inflammatory, purifies blood); Red Chilli Powder (Ushna, heating, use sparingly for Pitta); Salt (Ushna, enhances taste, balances electrolytes)"
Uppittu (Rava Upma),Karnataka (General),Breakfast/Tiffin,Veg,Semolina upma with vegetables & tempering,"Semolina, Beans",1 cup (~150g),220,5,30,9,,,,,,,,"Semolina, Beans, Salt, Oil, Mixed Spices","Semolina (Balances doshas when eaten fresh and in moderation); Beans (Balances doshas when eaten fresh and in moderation); Salt (Ushna, enhances taste, balances electrolytes); Oil (Snigdha, unctuous, balances Vata); Mixed Spices (Ushna, kindles Agni, aids digestion)"
Vangi Bath,Karnataka (South Karnataka),Rice Dish,Veg,Brinjal-spice powder mixed rice,"Rice, Brinjal",1 cup (~200g),260,6,42,8,,,,,,,,"Rice, Brinjal, Oil/Ghee, Whole Spices, Salt","Rice (Laghu, easy to digest, balances Kapha); Brinjal (Laghu, light, supports digestion); Oil/Ghee (Snigdha, unctuous, balances Vata and nourishes tissues); Whole Spices (Ushna, kindles Agni, aids digestion); Salt (Ushna, enhances taste, balances electrolytes)"
Yenne Badanekayi (North Karnataka),Karnataka (North Karnataka),Curry/Gravy,Veg,Stuffed brinjal in peanut-sesame-garlic gravy,"Brinjal, Peanut, Garlic",1 cup (~200g),260,6,20,18,,,,,,,,"Brinjal, Peanut, Garlic, Onion, Tomato, Ginger-Garlic Paste, Oil/Ghee, Turmeric, Red Chilli Powder, Garam Masala, Salt","Brinjal (Laghu, light, supports digestion); Peanut (Guru, Ushna, energy dense); Garlic (Ushna, heating, balances Vata and Kapha); Onion (Ushna, stimulates Agni, balances Kapha and Vata); Tomato (Amla, sour, stimulates digestion, use sparingly for Pitta); Ginger-Garlic Paste (Ushna, kindles Agni, aids digestion); Oil/Ghee (Snigdha, unctuous, balances Vata and nourishes tissues); Turmeric (Ushna, anti-inflammatory, purifies blood); Red Chilli Powder (Ushna, heating, use sparingly for Pitta); Garam Masala (Ushna, kindles Agni, aids digestion); Salt (Ushna, enhances taste, balances electrolytes)"
Aratikaya Vepudu,Andhra Pradesh (Coastal Andhra),Curry,Veg,Raw banana dry stir-fry with spices,Banana,1 cup (~150g),160,3,24,6,,,,,,,,"Banana, Onion, Tomato, Ginger-Garlic Paste, Oil/Ghee, Turmeric, Red Chilli Powder, Garam Masala, Salt","Banana (Guru, Shita, grounding); Onion (Ushna, stimulates Agni, balances Kapha and Vata); Tomato (Amla, sour, stimulates digestion, use sparingly for Pitta); Ginger-Garlic Paste (Ushna, kindles Agni, aids digestion); Oil/Ghee (Snigdha, unctuous, balances Vata and nourishes tissues); Turmeric (Ushna, anti-inflammatory, purifies blood); Red Chilli Powder (Ushna, heating, use sparingly for Pitta); Garam Masala (Ushna, kindles Agni, aids digestion); Salt (Ushna, enhances taste, balances electrolytes)"
Ariselu,Andhra Pradesh (Coastal Andhra),Sweet,Veg,Deep-fried rice flour-jaggery sweet disc,"Rice, Jaggery",1 piece (~40g),160,1,28,5,,,,,,,,"Rice, Jaggery, Sugar, Ghee, Milk/Khoya, Cardamom","Rice (Laghu, easy to digest, balances Kapha); Jaggery (Ushna, warming sweetness, aids digestion); Sugar (Guru, Madhura, builds Ojas but heavy for Kapha); Ghee (Snigdha, unctuous, balances Vata and nourishes tissues); Milk/Khoya (Guru, Shita, cooling and building, balances Pitta); Cardamom (Ushna, aromatic, soothes digestion)"
Attu (Andhra Dosa),Andhra Pradesh (General),Breakfast/Tiffin,Veg,Fermented rice-lentil crepe,Rice,1 piece (~100g),130,3,24,3,,,,,,,,"Rice, Salt, Oil, Mixed Spices","Rice (Laghu, easy to digest, balances Kapha); Salt (Ushna, enhances taste, balances electrolytes); Oil (Snigdha, unctuous, balances Vata); Mixed Spices (Ushna, kindles Agni, aids digestion)"
Avakaya (Mango Pickle),Andhra Pradesh (Coastal Andhra),Pickle,Veg,Spicy raw mango pickle in oil & chili,"Mango, Chili",1 tbsp (~15g),60,0.3,3,5,,,,,,,,"Mango, Chili, Oil, Mustard Seeds, Turmeric, Red Chilli Powder, Salt","Mango (Guru, Snigdha, nourishing in season); Chili (Balances doshas when eaten fresh and in moderation); Oil (Snigdha, unctuous, balances Vata); Mustard Seeds (Ushna, stimulates digestion); Turmeric (Ushna, anti-inflammatory, purifies blood); Red Chilli Powder (Ushna, heating, use sparingly for Pitta); Salt (Ushna, enhances taste, balances electrolytes)"
Avisa Kaya Pulusu,Andhra Pradesh (Coastal Andhra),Curry,Veg,Cluster beans in tangy tamarind gravy,"Beans, Tamarind",1 cup (~200g),130,4,15,6,,,,,,,,"Beans, Tamarind, Onion, Tomato, Ginger-Garlic Paste, Oil/Ghee, Turmeric, Red Chilli Powder, Garam Masala, Salt","Beans (Balances doshas when eaten fresh and in moderation); Tamarind (Amla, stimulates Agni); Onion (Ushna, stimulates Agni, balances Kapha and Vata); Tomato (Amla, sour, stimulates digestion, use sparingly for Pitta); Ginger-Garlic Paste (Ushna, kindles Agni, aids digestion); Oil/Ghee (Snigdha, unctuous, balances Vata and nourishes tissues); Turmeric (Ushna, anti-inflammatory, purifies blood); Red Chilli Powder (Ushna, heating, use sparingly for Pitta); Garam Masala (Ushna, kindles Agni, aids digestion); Salt (Ushna, enhances taste, balances electrolytes)"
Bandar Laddu,Andhra Pradesh (Coastal Andhra (Machilipatnam)),Sweet,Veg,Besan-ghee-sugar laddu,"Gram Flour, Ghee, Sugar",2 pcs (~50g),240,4,26,14,,,,,,,,"Gram Flour, Ghee, Sugar, Milk/Khoya, Cardamom","Gram Flour (Laghu, light, balances Kapha); Ghee (Snigdha, unctuous, balances Vata and nourishes tissues); Sugar (Guru, Madhura, builds Ojas but heavy for Kapha); Milk/Khoya (Guru, Shita, cooling and building, balances Pitta); Cardamom (Ushna, aromatic, soothes digestion)"
Beerakaya Pappu,Andhra Pradesh (General),Curry/Dal,Veg,Ridge gourd cooked with toor dal,Toor Dal,1 cup (~200g),160,8,20,5,,,,,,,,"Toor Dal, Onion, Tomato, Ginger-Garlic Paste, Oil/Ghee, Turmeric, Red Chilli Powder, Garam Masala, Salt","Toor Dal (Laghu, protein-rich, balances Kapha); Onion (Ushna, stimulates Agni, balances Kapha and Vata); Tomato (Amla, sour, stimulates digestion, use sparingly for Pitta); Ginger-Garlic Paste (Ushna, kindles Agni, aids digestion); Oil/Ghee (Snigdha, unctuous, balances Vata and nourishes tissues); Turmeric (Ushna, anti-inflammatory, purifies blood); Red Chilli Powder (Ushna, heating, use sparingly for Pitta); Garam Masala (Ushna, kindles Agni, aids digestion); Salt (Ushna, enhances taste, balances electrolytes)"
Bellam Garelu,Andhra Pradesh (Rayalaseema),Snack/Sweet,Veg,Jaggery-sweetened urad dal fritters,"Urad Dal, Jaggery",2 pcs (~80g),220,6,26,10,,,,,,,,"Urad Dal, Jaggery, Sugar, Ghee, Milk/Khoya, Cardamom","Urad Dal (Laghu, protein-rich, balances Kapha); Jaggery (Ushna, warming sweetness, aids digestion); Sugar (Guru, Madhura, builds Ojas but heavy for Kapha); Ghee (Snigdha, unctuous, balances Vata and nourishes tissues); Milk/Khoya (Guru, Shita, cooling and building, balances Pitta); Cardamom (Ushna, aromatic, soothes digestion)"
Bendakaya Iguru,Andhra Pradesh (Coastal Andhra),Curry,Veg,Okra cooked in thick onion-tomato masala,"Tomato, Onion, Okra",1 cup (~200g),160,4,16,9,,,,,,,,"Tomato, Onion, Okra, Ginger-Garlic Paste, Oil/Ghee, Turmeric, Red Chilli Powder, Garam Masala, Salt","Tomato (Amla, sour, stimulates digestion, use sparingly for Pitta); Onion (Ushna, stimulates Agni, balances Kapha and Vata); Okra (Laghu, light, supports digestion); Ginger-Garlic Paste (Ushna, kindles Agni, aids digestion); Oil/Ghee (Snigdha, unctuous, balances Vata and nourishes tissues); Turmeric (Ushna, anti-inflammatory, purifies blood); Red Chilli Powder (Ushna, heating, use sparingly for Pitta); Garam Masala (Ushna, kindles Agni, aids digestion); Salt (Ushna, enhances taste, balances electrolytes)"
Bendakaya Pulusu,Andhra Pradesh (General),Curry,Veg,Okra in tangy tamarind gravy,"Okra, Tamarind",1 cup (~200g),140,4,16,7,,,,,,,,"Okra, Tamarind, Onion, Tomato, Ginger-Garlic Paste, Oil/Ghee, Turmeric, Red Chilli Powder, Garam Masala, Salt","Okra (Laghu, light, supports digestion); Tamarind (Amla, stimulates Agni); Onion (Ushna, stimulates Agni, balances Kapha and Vata); Tomato (Amla, sour, stimulates digestion, use sparingly for Pitta); Ginger-Garlic Paste (Ushna, kindles Agni, aids digestion); Oil/Ghee (Snigdha, unctuous, balances Vata and nourishes tissues); Turmeric (Ushna, anti-inflammatory, purifies blood); Red Chilli Powder (Ushna, heating, use sparingly for Pitta); Garam Masala (Ushna, kindles Agni, aids digestion); Salt (Ushna, enhances taste, balances electrolytes)"
Bobbatlu (Poornam Boorelu),Andhra Pradesh (General),Sweet,Veg,Sweet lentil-jaggery stuffed flatbread,Jaggery,1 piece (~80g),250,5,42,7,,,,,,,,"Jaggery, Sugar, Ghee, Milk/Khoya, Cardamom","Jaggery (Ushna, warming sweetness, aids digestion); Sugar (Guru, Madhura, builds Ojas but heavy for Kapha); Ghee (Snigdha, unctuous, balances Vata and nourishes tissues); Milk/Khoya (Guru, Shita, cooling and building, balances Pitta); Cardamom (Ushna, aromatic, soothes digestion)"
Bommidayi Vepudu (Fish Fry),Andhra Pradesh (Coastal Andhra),Non-Veg,Non-Veg,Shallow-fried spiced fish,Fish,1 serving (~150g),250,20,10,15,,,,,,,,"Fish, Salt, Oil, Mixed Spices","Fish (Guru, Ushna, nourishing, best fresh); Salt (Ushna, enhances taste, balances electrolytes); Oil (Snigdha, unctuous, balances Vata); Mixed Spices (Ushna, kindles Agni, aids digestion)"
Cabbage Vepudu,Andhra Pradesh (General),Curry,Veg,Cabbage dry stir-fry with mustard & chili,"Cabbage, Chili, Mustard",1 cup (~150g),100,3,12,5,,,,,,,,"Cabbage, Chili, Mustard, Onion, Tomato, Ginger-Garlic Paste, Oil/Ghee, Turmeric, Red Chilli Powder, Garam Masala, Salt","Cabbage (Laghu, Shita, light but can increase Vata); Chili (Balances doshas when eaten fresh and in moderation); Mustard (Balances doshas when eaten fresh and in moderation); Onion (Ushna, stimulates Agni, balances Kapha and Vata); Tomato (Amla, sour, stimulates digestion, use sparingly for Pitta); Ginger-Garlic Paste (Ushna, kindles Agni, aids digestion); Oil/Ghee (Snigdha, unctuous, balances Vata and nourishes tissues); Turmeric (Ushna, anti-inflammatory, purifies blood); Red Chilli Powder (Ushna, heating, use sparingly for Pitta); Garam Masala (Ushna, kindles Agni, aids digestion); Salt (Ushna, enhances taste, balances electrolytes)"
Chalimidi,Andhra Pradesh (Coastal Andhra),Sweet,Veg,"Rice flour-jaggery sweet, temple prasadam","Rice, Jaggery",2 pcs (~60g),180,2,38,3,,,,,,,,"Rice, Jaggery, Sugar, Ghee, Milk/Khoya, Cardamom","Rice (Laghu, easy to digest, balances Kapha); Jaggery (Ushna, warming sweetness, aids digestion); Sugar (Guru, Madhura, builds Ojas but heavy for Kapha); Ghee (Snigdha, unctuous, balances Vata and nourishes tissues); Milk/Khoya (Guru, Shita, cooling and building, balances Pitta); Cardamom (Ushna, aromatic, soothes digestion)"
Chekkalu,Andhra Pradesh (Coastal Andhra),Snack,Veg,Crisp deep-fried rice crackers with peanuts,"Rice, Peanut",3 pcs (~60g),270,4,30,15,,,,,,,,"Rice, Peanut, Salt, Oil, Mixed Spices","Rice (Laghu, easy to digest, balances Kapha); Peanut (Guru, Ushna, energy dense); Salt (Ushna, enhances taste, balances electrolytes); Oil (Snigdha, unctuous, balances Vata); Mixed Spices (Ushna, kindles Agni, aids digestion)"
Chepa Pulusu (Fish Curry),Andhra Pradesh (Coastal Andhra),Non-Veg,Non-Veg,Tangy tamarind fish curry,"Fish, Tamarind",1 cup (~200g),250,20,10,15,,,,,,,,"Fish, Tamarind, Salt, Oil, Mixed Spices","Fish (Guru, Ushna, nourishing, best fresh); Tamarind (Amla, stimulates Agni); Salt (Ushna, enhances taste, balances electrolytes); Oil (Snigdha, unctuous, balances Vata); Mixed Spices (Ushna, kindles Agni, aids digestion)"
Chicken 65 (Guntur style),Andhra Pradesh (Coastal Andhra (Guntur)),Snack/Non-Veg,Non-Veg,Deep-fried spicy fiery chicken bites,Chicken,1 cup (~150g),330,26,10,21,,,,,,,,"Chicken, Salt, Oil, Mixed Spices","Chicken (Guru, Ushna, builds strength); Salt (Ushna, enhances taste, balances electrolytes); Oil (Snigdha, unctuous, balances Vata); Mixed Spices (Ushna, kindles Agni, aids digestion)"
Chikkudukaya Kura,Andhra Pradesh (General),Curry,Veg,Broad beans dry stir-fry curry,Beans,1 cup (~150g),110,4,14,5,,,,,,,,"Beans, Onion, Tomato, Ginger-Garlic Paste, Oil/Ghee, Turmeric, Red Chilli Powder, Garam Masala, Salt","Beans (Balances doshas when eaten fresh and in moderation); Onion (Ushna, stimulates Agni, balances Kapha and Vata); Tomato (Amla, sour, stimulates digestion, use sparingly for Pitta); Ginger-Garlic Paste (Ushna, kindles Agni, aids digestion); Oil/Ghee (Snigdha, unctuous, balances Vata and nourishes tissues); Turmeric (Ushna, anti-inflammatory, purifies blood); Red Chilli Powder (Ushna, heating, use sparingly for Pitta); Garam Masala (Ushna, kindles Agni, aids digestion); Salt (Ushna, enhances taste, balances electrolytes)"
Chintakaya Pachadi,Andhra Pradesh (Rayalaseema),Pickle/Chutney,Veg,Raw tamarind chutney with chili,"Chili, Tamarind",1 tbsp (~15g),30,0.3,4,1.5,,,,,,,,"Chili, Tamarind, Green Chilli, Salt, Spices, Oil (tempering), Oil, Mustard Seeds, Turmeric, Red Chilli Powder","Chili (Balances doshas when eaten fresh and in moderation); Tamarind (Amla, stimulates Agni); Green Chilli (Ushna, use sparingly for Pitta); Salt (Ushna, enhances taste, balances electrolytes); Spices (Balances doshas when eaten fresh and in moderation); Oil (tempering) (Snigdha, unctuous, balances Vata); Oil (Snigdha, unctuous, balances Vata); Mustard Seeds (Ushna, stimulates digestion); Turmeric (Ushna, anti-inflammatory, purifies blood); Red Chilli Powder (Ushna, heating, use sparingly for Pitta)"
Dondakaya Vepudu,Andhra Pradesh (General),Curry,Veg,Ivy gourd dry stir-fry with spices,Ivy Gourd (Tindora),1 cup (~150g),110,3,12,6,,,,,,,,"Ivy Gourd (Tindora), Onion, Tomato, Ginger-Garlic Paste, Oil/Ghee, Turmeric, Red Chilli Powder, Garam Masala, Salt","Ivy Gourd (Tindora) (Laghu, light, supports digestion); Onion (Ushna, stimulates Agni, balances Kapha and Vata); Tomato (Amla, sour, stimulates digestion, use sparingly for Pitta); Ginger-Garlic Paste (Ushna, kindles Agni, aids digestion); Oil/Ghee (Snigdha, unctuous, balances Vata and nourishes tissues); Turmeric (Ushna, anti-inflammatory, purifies blood); Red Chilli Powder (Ushna, heating, use sparingly for Pitta); Garam Masala (Ushna, kindles Agni, aids digestion); Salt (Ushna, enhances taste, balances electrolytes)"
Dosakaya Pappu,Andhra Pradesh (Coastal Andhra),Curry/Dal,Veg,Yellow cucumber cooked with toor dal,Toor Dal,1 cup (~200g),170,8,22,5,,,,,,,,"Toor Dal, Onion, Tomato, Ginger-Garlic Paste, Oil/Ghee, Turmeric, Red Chilli Powder, Garam Masala, Salt","Toor Dal (Laghu, protein-rich, balances Kapha); Onion (Ushna, stimulates Agni, balances Kapha and Vata); Tomato (Amla, sour, stimulates digestion, use sparingly for Pitta); Ginger-Garlic Paste (Ushna, kindles Agni, aids digestion); Oil/Ghee (Snigdha, unctuous, balances Vata and nourishes tissues); Turmeric (Ushna, anti-inflammatory, purifies blood); Red Chilli Powder (Ushna, heating, use sparingly for Pitta); Garam Masala (Ushna, kindles Agni, aids digestion); Salt (Ushna, enhances taste, balances electrolytes)"
Double Ka Meetha (Andhra homes),Andhra Pradesh (General),Sweet,Veg,Fried bread soaked in sweet milk,"Milk, Bread",1 piece (~100g),320,6,42,14,,,,,,,,"Milk, Bread, Sugar, Ghee, Milk/Khoya, Cardamom","Milk (Guru, Shita, cooling and building, balances Pitta); Bread (Balances doshas when eaten fresh and in moderation); Sugar (Guru, Madhura, builds Ojas but heavy for Kapha); Ghee (Snigdha, unctuous, balances Vata and nourishes tissues); Milk/Khoya (Guru, Shita, cooling and building, balances Pitta); Cardamom (Ushna, aromatic, soothes digestion)"
"Garelu (Medu Vada, Andhra style)",Andhra Pradesh (General),Snack/Breakfast,Veg,Deep-fried urad dal doughnut-shaped fritter,Urad Dal,2 pcs (~100g),210,7,20,12,,,,,,,,"Urad Dal, Salt, Oil, Mixed Spices","Urad Dal (Laghu, protein-rich, balances Kapha); Salt (Ushna, enhances taste, balances electrolytes); Oil (Snigdha, unctuous, balances Vata); Mixed Spices (Ushna, kindles Agni, aids digestion)"
Gongura Avakaya (Sorrel Pickle),Andhra Pradesh (Rayalaseema),Pickle,Veg,Tangy sorrel leaf pickle in oil,Sorrel Leaves (Gongura),1 tbsp (~15g),50,0.5,3,4,,,,,,,,"Sorrel Leaves (Gongura), Oil, Mustard Seeds, Turmeric, Red Chilli Powder, Salt","Sorrel Leaves (Gongura) (Balances doshas when eaten fresh and in moderation); Oil (Snigdha, unctuous, balances Vata); Mustard Seeds (Ushna, stimulates digestion); Turmeric (Ushna, anti-inflammatory, purifies blood); Red Chilli Powder (Ushna, heating, use sparingly for Pitta); Salt (Ushna, enhances taste, balances electrolytes)"
Gongura Chicken,Andhra Pradesh (Rayalaseema),Non-Veg,Non-Veg,Chicken cooked with tangy sorrel leaves,Chicken,1 cup (~200g),320,24,8,21,,,,,,,,"Chicken, Salt, Oil, Mixed Spices","Chicken (Guru, Ushna, builds strength); Salt (Ushna, enhances taste, balances electrolytes); Oil (Snigdha, unctuous, balances Vata); Mixed Spices (Ushna, kindles Agni, aids digestion)"
Gongura Mamsam,Andhra Pradesh (Rayalaseema),Non-Veg,Non-Veg,Mutton cooked with tangy sorrel leaves,Mutton,1 cup (~200g),360,24,8,26,,,,,,,,"Mutton, Salt, Oil, Mixed Spices","Mutton (Guru, Ushna, heavy and warming); Salt (Ushna, enhances taste, balances electrolytes); Oil (Snigdha, unctuous, balances Vata); Mixed Spices (Ushna, kindles Agni, aids digestion)"
Gongura Pachadi,Andhra Pradesh (Rayalaseema),Chutney/Curry,Veg,Sorrel leaf tangy chutney,Sorrel Leaves (Gongura),1/2 cup (~80g),90,2,8,6,,,,,,,,"Sorrel Leaves (Gongura), Onion, Tomato, Ginger-Garlic Paste, Oil/Ghee, Turmeric, Red Chilli Powder, Garam Masala, Salt, Green Chilli, Spices, Oil (tempering)","Sorrel Leaves (Gongura) (Balances doshas when eaten fresh and in moderation); Onion (Ushna, stimulates Agni, balances Kapha and Vata); Tomato (Amla, sour, stimulates digestion, use sparingly for Pitta); Ginger-Garlic Paste (Ushna, kindles Agni, aids digestion); Oil/Ghee (Snigdha, unctuous, balances Vata and nourishes tissues); Turmeric (Ushna, anti-inflammatory, purifies blood); Red Chilli Powder (Ushna, heating, use sparingly for Pitta); Garam Masala (Ushna, kindles Agni, aids digestion); Salt (Ushna, enhances taste, balances electrolytes); Green Chilli (Ushna, use sparingly for Pitta); Spices (Balances doshas when eaten fresh and in moderation); Oil (tempering) (Snigdha, unctuous, balances Vata)"
Gongura Royyalu,Andhra Pradesh (Coastal Andhra),Non-Veg,Non-Veg,Prawns cooked with tangy sorrel leaves,Prawn,1 cup (~200g),250,19,8,16,,,,,,,,"Prawn, Salt, Oil, Mixed Spices","Prawn (Balances doshas when eaten fresh and in moderation); Salt (Ushna, enhances taste, balances electrolytes); Oil (Snigdha, unctuous, balances Vata); Mixed Spices (Ushna, kindles Agni, aids digestion)"
Guntur Chicken,Andhra Pradesh (Coastal Andhra),Non-Veg,Non-Veg,Extra spicy fiery red chicken curry,Chicken,1 cup (~200g),330,24,8,22,,,,,,,,"Chicken, Salt, Oil, Mixed Spices","Chicken (Guru, Ushna, builds strength); Salt (Ushna, enhances taste, balances electrolytes); Oil (Snigdha, unctuous, balances Vata); Mixed Spices (Ushna, kindles Agni, aids digestion)"
Gutti Vankaya Kura,Andhra Pradesh (Coastal Andhra),Curry,Veg,Stuffed baby brinjal in peanut-sesame gravy,"Brinjal, Peanut",1 cup (~200g),240,6,18,16,,,,,,,,"Brinjal, Peanut, Onion, Tomato, Ginger-Garlic Paste, Oil/Ghee, Turmeric, Red Chilli Powder, Garam Masala, Salt","Brinjal (Laghu, light, supports digestion); Peanut (Guru, Ushna, energy dense); Onion (Ushna, stimulates Agni, balances Kapha and Vata); Tomato (Amla, sour, stimulates digestion, use sparingly for Pitta); Ginger-Garlic Paste (Ushna, kindles Agni, aids digestion); Oil/Ghee (Snigdha, unctuous, balances Vata and nourishes tissues); Turmeric (Ushna, anti-inflammatory, purifies blood); Red Chilli Powder (Ushna, heating, use sparingly for Pitta); Garam Masala (Ushna, kindles Agni, aids digestion); Salt (Ushna, enhances taste, balances electrolytes)"
Idli (Andhra style),Andhra Pradesh (General),Breakfast/Tiffin,Veg,Steamed fermented rice-lentil cakes,Rice,2 pcs (~80g),80,3,16,0.5,,,,,,,,"Rice, Salt, Oil, Mixed Spices","Rice (Laghu, easy to digest, balances Kapha); Salt (Ushna, enhances taste, balances electrolytes); Oil (Snigdha, unctuous, balances Vata); Mixed Spices (Ushna, kindles Agni, aids digestion)"
Jonna Rotte,Andhra Pradesh (Rayalaseema),Roti/Bread,Veg,Hand-patted sorghum flatbread,Sorghum Flour (Jowar),1 piece (~60g),130,4,27,1,,,,,,,,"Sorghum Flour (Jowar), Wheat Flour, Salt, Water, Oil/Ghee","Sorghum Flour (Jowar) (Balances doshas when eaten fresh and in moderation); Wheat Flour (Guru, nourishing, grounds Vata); Salt (Ushna, enhances taste, balances electrolytes); Water (Balances doshas when eaten fresh and in moderation); Oil/Ghee (Snigdha, unctuous, balances Vata and nourishes tissues)"
Junnu,Andhra Pradesh (Rayalaseema/General),Sweet,Veg,Steamed colostrum milk custard,Milk,1 cup (~150g),200,10,14,12,,,,,,,,"Milk, Sugar, Ghee, Milk/Khoya, Cardamom","Milk (Guru, Shita, cooling and building, balances Pitta); Sugar (Guru, Madhura, builds Ojas but heavy for Kapha); Ghee (Snigdha, unctuous, balances Vata and nourishes tissues); Milk/Khoya (Guru, Shita, cooling and building, balances Pitta); Cardamom (Ushna, aromatic, soothes digestion)"
Kaaram Podi Annam,Andhra Pradesh (General),Rice Dish,Veg,Rice mixed with spicy lentil-chili powder & ghee,"Rice, Ghee, Chili",1 cup (~200g),320,7,42,13,,,,,,,,"Rice, Ghee, Chili, Oil/Ghee, Whole Spices, Salt","Rice (Laghu, easy to digest, balances Kapha); Ghee (Snigdha, unctuous, balances Vata and nourishes tissues); Chili (Balances doshas when eaten fresh and in moderation); Oil/Ghee (Snigdha, unctuous, balances Vata and nourishes tissues); Whole Spices (Ushna, kindles Agni, aids digestion); Salt (Ushna, enhances taste, balances electrolytes)"
Kaki Pandlu Pachadi,Andhra Pradesh (Rayalaseema),Chutney,Veg,Wild blackberry tangy chutney,Persimmon,1/4 cup (~60g),70,1,14,1,,,,,,,,"Persimmon, Green Chilli, Salt, Spices, Oil (tempering)","Persimmon (Balances doshas when eaten fresh and in moderation); Green Chilli (Ushna, use sparingly for Pitta); Salt (Ushna, enhances taste, balances electrolytes); Spices (Balances doshas when eaten fresh and in moderation); Oil (tempering) (Snigdha, unctuous, balances Vata)"
Kakinada Khaja,Andhra Pradesh (Coastal Andhra (Kakinada)),Sweet,Veg,Layered flaky fried sweet soaked in sugar syrup,Sugar,2 pcs (~60g),260,3,34,13,,,,,,,,"Sugar, Ghee, Milk/Khoya, Cardamom","Sugar (Guru, Madhura, builds Ojas but heavy for Kapha); Ghee (Snigdha, unctuous, balances Vata and nourishes tissues); Milk/Khoya (Guru, Shita, cooling and building, balances Pitta); Cardamom (Ushna, aromatic, soothes digestion)"
Kandi Podi,Andhra Pradesh (General),Side/Condiment,Veg,Roasted toor dal-chili spice powder,"Toor Dal, Chili",1 tbsp (~10g),50,3,4,3,,,,,,,,"Toor Dal, Chili, Salt, Pepper, Oil/Butter","Toor Dal (Laghu, protein-rich, balances Kapha); Chili (Balances doshas when eaten fresh and in moderation); Salt (Ushna, enhances taste, balances electrolytes); Pepper (Ushna, heating, clears Kapha); Oil/Butter (Snigdha, unctuous, balances Vata)"
Karam Podi,Andhra Pradesh (General),Side/Condiment,Veg,Roasted chili-lentil dry spice powder,Chili,1 tbsp (~10g),55,3,4,3,,,,,,,,"Chili, Salt, Pepper, Oil/Butter","Chili (Balances doshas when eaten fresh and in moderation); Salt (Ushna, enhances taste, balances electrolytes); Pepper (Ushna, heating, clears Kapha); Oil/Butter (Snigdha, unctuous, balances Vata)"
Kheema Curry,Andhra Pradesh (Coastal Andhra),Non-Veg,Non-Veg,Minced meat curry with spices,Minced Meat,1 cup (~200g),320,22,8,22,,,,,,,,"Minced Meat, Salt, Oil, Mixed Spices","Minced Meat (Balances doshas when eaten fresh and in moderation); Salt (Ushna, enhances taste, balances electrolytes); Oil (Snigdha, unctuous, balances Vata); Mixed Spices (Ushna, kindles Agni, aids digestion)"
Kobbari Annam (Coconut Rice),Andhra Pradesh (Coastal Andhra),Rice Dish,Veg,Rice tempered with fresh coconut & lentils,"Rice, Coconut",1 cup (~200g),290,5,42,12,,,,,,,,"Rice, Coconut, Oil/Ghee, Whole Spices, Salt","Rice (Laghu, easy to digest, balances Kapha); Coconut (Shita, cooling, pacifies Pitta); Oil/Ghee (Snigdha, unctuous, balances Vata and nourishes tissues); Whole Spices (Ushna, kindles Agni, aids digestion); Salt (Ushna, enhances taste, balances electrolytes)"
Kobbari Karam,Andhra Pradesh (Coastal Andhra),Side/Condiment,Veg,Dry coconut-chili spice powder,"Coconut, Chili",1 tbsp (~10g),60,1,4,5,,,,,,,,"Coconut, Chili, Salt, Pepper, Oil/Butter","Coconut (Shita, cooling, pacifies Pitta); Chili (Balances doshas when eaten fresh and in moderation); Salt (Ushna, enhances taste, balances electrolytes); Pepper (Ushna, heating, clears Kapha); Oil/Butter (Snigdha, unctuous, balances Vata)"
Kobbari Pachadi,Andhra Pradesh (General),Chutney,Veg,Coconut chutney with chili & tamarind,"Coconut, Chili, Tamarind",1/4 cup (~50g),90,2,5,7,,,,,,,,"Coconut, Chili, Tamarind, Green Chilli, Salt, Spices, Oil (tempering)","Coconut (Shita, cooling, pacifies Pitta); Chili (Balances doshas when eaten fresh and in moderation); Tamarind (Amla, stimulates Agni); Green Chilli (Ushna, use sparingly for Pitta); Salt (Ushna, enhances taste, balances electrolytes); Spices (Balances doshas when eaten fresh and in moderation); Oil (tempering) (Snigdha, unctuous, balances Vata)"
Kodi Iguru,Andhra Pradesh (General),Non-Veg,Non-Veg,Thick onion-tomato based chicken curry,"Tomato, Onion, Chicken",1 cup (~200g),310,24,8,21,,,,,,,,"Tomato, Onion, Chicken, Salt, Oil, Mixed Spices","Tomato (Amla, sour, stimulates digestion, use sparingly for Pitta); Onion (Ushna, stimulates Agni, balances Kapha and Vata); Chicken (Guru, Ushna, builds strength); Salt (Ushna, enhances taste, balances electrolytes); Oil (Snigdha, unctuous, balances Vata); Mixed Spices (Ushna, kindles Agni, aids digestion)"
Kodi Kura (Chicken Curry),Andhra Pradesh (General),Non-Veg,Non-Veg,Classic Andhra spicy chicken curry,Chicken,1 cup (~200g),300,24,8,20,,,,,,,,"Chicken, Salt, Oil, Mixed Spices","Chicken (Guru, Ushna, builds strength); Salt (Ushna, enhances taste, balances electrolytes); Oil (Snigdha, unctuous, balances Vata); Mixed Spices (Ushna, kindles Agni, aids digestion)"
Kodi Pulao,Andhra Pradesh (Coastal Andhra),Rice Dish,Non-Veg,Spiced chicken pulao,Chicken,1 plate (~300g),450,22,55,16,,,,,,,,"Chicken, Rice, Oil/Ghee, Whole Spices, Salt","Chicken (Guru, Ushna, builds strength); Rice (Laghu, easy to digest, balances Kapha); Oil/Ghee (Snigdha, unctuous, balances Vata and nourishes tissues); Whole Spices (Ushna, kindles Agni, aids digestion); Salt (Ushna, enhances taste, balances electrolytes)"
Kodi Vepudu (Chicken Fry),Andhra Pradesh (General),Non-Veg,Non-Veg,Dry roasted spicy chicken fry,Chicken,1 cup (~200g),320,26,6,22,,,,,,,,"Chicken, Salt, Oil, Mixed Spices","Chicken (Guru, Ushna, builds strength); Salt (Ushna, enhances taste, balances electrolytes); Oil (Snigdha, unctuous, balances Vata); Mixed Spices (Ushna, kindles Agni, aids digestion)"
Kova (Khoya Sweet),Andhra Pradesh (Coastal Andhra),Sweet,Veg,Dense milk solid sweet,"Milk, Khoya (Milk Solids)",2 pcs (~40g),170,4,18,9,,,,,,,,"Milk, Khoya (Milk Solids), Sugar, Ghee, Milk/Khoya, Cardamom","Milk (Guru, Shita, cooling and building, balances Pitta); Khoya (Milk Solids) (Guru, Shita, cooling and building, balances Pitta); Sugar (Guru, Madhura, builds Ojas but heavy for Kapha); Ghee (Snigdha, unctuous, balances Vata and nourishes tissues); Milk/Khoya (Guru, Shita, cooling and building, balances Pitta); Cardamom (Ushna, aromatic, soothes digestion)"
Majjiga (Spiced Buttermilk),Andhra Pradesh (General),Beverage,Veg,Spiced diluted yogurt drink with curry leaves,"Curd/Yogurt, Curry Leaves",1 glass (~250ml),60,3,5,3,,,,,,,,"Curd/Yogurt, Curry Leaves, Water, Sugar, Ice","Curd/Yogurt (Amla, Guru, sour and cooling in moderation); Curry Leaves (Ushna, enhances Agni); Water (Balances doshas when eaten fresh and in moderation); Sugar (Guru, Madhura, builds Ojas but heavy for Kapha); Ice (Balances doshas when eaten fresh and in moderation)"
Mamsam Kura (Mutton Curry),Andhra Pradesh (General),Non-Veg,Non-Veg,Spicy Andhra mutton curry,Mutton,1 cup (~200g),360,24,8,26,,,,,,,,"Mutton, Salt, Oil, Mixed Spices","Mutton (Guru, Ushna, heavy and warming); Salt (Ushna, enhances taste, balances electrolytes); Oil (Snigdha, unctuous, balances Vata); Mixed Spices (Ushna, kindles Agni, aids digestion)"
Mamsam Vepudu (Mutton Fry),Andhra Pradesh (General),Non-Veg,Non-Veg,Dry roasted spicy mutton fry,Mutton,1 cup (~200g),380,26,6,28,,,,,,,,"Mutton, Salt, Oil, Mixed Spices","Mutton (Guru, Ushna, heavy and warming); Salt (Ushna, enhances taste, balances electrolytes); Oil (Snigdha, unctuous, balances Vata); Mixed Spices (Ushna, kindles Agni, aids digestion)"
Menthikura Pappu,Andhra Pradesh (General),Curry/Dal,Veg,Fenugreek leaves cooked with toor dal,"Toor Dal, Fenugreek",1 cup (~200g),160,8,18,5,,,,,,,,"Toor Dal, Fenugreek, Onion, Tomato, Ginger-Garlic Paste, Oil/Ghee, Turmeric, Red Chilli Powder, Garam Masala, Salt","Toor Dal (Laghu, protein-rich, balances Kapha); Fenugreek (Ushna, aids digestion, bitter); Onion (Ushna, stimulates Agni, balances Kapha and Vata); Tomato (Amla, sour, stimulates digestion, use sparingly for Pitta); Ginger-Garlic Paste (Ushna, kindles Agni, aids digestion); Oil/Ghee (Snigdha, unctuous, balances Vata and nourishes tissues); Turmeric (Ushna, anti-inflammatory, purifies blood); Red Chilli Powder (Ushna, heating, use sparingly for Pitta); Garam Masala (Ushna, kindles Agni, aids digestion); Salt (Ushna, enhances taste, balances electrolytes)"
Mirchi Bajji (Guntur style),Andhra Pradesh (Coastal Andhra (Guntur)),Snack,Veg,Stuffed deep-fried spicy chili fritters,Chili,2 pcs (~100g),230,4,22,14,,,,,,,,"Chili, Salt, Oil, Mixed Spices","Chili (Balances doshas when eaten fresh and in moderation); Salt (Ushna, enhances taste, balances electrolytes); Oil (Snigdha, unctuous, balances Vata); Mixed Spices (Ushna, kindles Agni, aids digestion)"
Murukulu,Andhra Pradesh (General),Snack,Veg,Crisp deep-fried spiral rice-urad flour snack,"Rice, Urad Dal",4 pcs (~50g),240,4,26,13,,,,,,,,"Rice, Urad Dal, Salt, Oil, Mixed Spices","Rice (Laghu, easy to digest, balances Kapha); Urad Dal (Laghu, protein-rich, balances Kapha); Salt (Ushna, enhances taste, balances electrolytes); Oil (Snigdha, unctuous, balances Vata); Mixed Spices (Ushna, kindles Agni, aids digestion)"
Natu Kodi Pulusu,Andhra Pradesh (Rayalaseema),Non-Veg,Non-Veg,Country chicken cooked in tangy tamarind curry,"Chicken, Tamarind",1 cup (~200g),320,22,8,22,,,,,,,,"Chicken, Tamarind, Salt, Oil, Mixed Spices","Chicken (Guru, Ushna, builds strength); Tamarind (Amla, stimulates Agni); Salt (Ushna, enhances taste, balances electrolytes); Oil (Snigdha, unctuous, balances Vata); Mixed Spices (Ushna, kindles Agni, aids digestion)"
Nimmakaya Pachadi (Lemon Pickle),Andhra Pradesh (General),Pickle,Veg,Tangy fermented lemon pickle,Lemon,1 tbsp (~15g),30,0.3,6,0.5,,,,,,,,"Lemon, Oil, Mustard Seeds, Turmeric, Red Chilli Powder, Salt","Lemon (Amla, alkalising, stimulates Agni); Oil (Snigdha, unctuous, balances Vata); Mustard Seeds (Ushna, stimulates digestion); Turmeric (Ushna, anti-inflammatory, purifies blood); Red Chilli Powder (Ushna, heating, use sparingly for Pitta); Salt (Ushna, enhances taste, balances electrolytes)"
Nune Chintakaya,Andhra Pradesh (Rayalaseema),Pickle,Veg,Raw tamarind pickle preserved in oil,Tamarind,1 tbsp (~15g),55,0.3,4,4.5,,,,,,,,"Tamarind, Oil, Mustard Seeds, Turmeric, Red Chilli Powder, Salt","Tamarind (Amla, stimulates Agni); Oil (Snigdha, unctuous, balances Vata); Mustard Seeds (Ushna, stimulates digestion); Turmeric (Ushna, anti-inflammatory, purifies blood); Red Chilli Powder (Ushna, heating, use sparingly for Pitta); Salt (Ushna, enhances taste, balances electrolytes)"
Nune Kaaram Annam,Andhra Pradesh (Rayalaseema),Rice Dish,Veg,Rice mixed with chili powder & sesame oil,"Rice, Chili",1 cup (~200g),300,5,42,12,,,,,,,,"Rice, Chili, Oil/Ghee, Whole Spices, Salt","Rice (Laghu, easy to digest, balances Kapha); Chili (Balances doshas when eaten fresh and in moderation); Oil/Ghee (Snigdha, unctuous, balances Vata and nourishes tissues); Whole Spices (Ushna, kindles Agni, aids digestion); Salt (Ushna, enhances taste, balances electrolytes)"
Nune Vankaya,Andhra Pradesh (Rayalaseema),Curry,Veg,Brinjal cooked in generous oil with spices,Brinjal,1 cup (~200g),220,4,16,16,,,,,,,,"Brinjal, Onion, Tomato, Ginger-Garlic Paste, Oil/Ghee, Turmeric, Red Chilli Powder, Garam Masala, Salt","Brinjal (Laghu, light, supports digestion); Onion (Ushna, stimulates Agni, balances Kapha and Vata); Tomato (Amla, sour, stimulates digestion, use sparingly for Pitta); Ginger-Garlic Paste (Ushna, kindles Agni, aids digestion); Oil/Ghee (Snigdha, unctuous, balances Vata and nourishes tissues); Turmeric (Ushna, anti-inflammatory, purifies blood); Red Chilli Powder (Ushna, heating, use sparingly for Pitta); Garam Masala (Ushna, kindles Agni, aids digestion); Salt (Ushna, enhances taste, balances electrolytes)"
Pachi Pulusu,Andhra Pradesh (Rayalaseema),Curry/Soup,Veg,Raw uncooked tamarind-jaggery tangy rasam,"Jaggery, Tamarind",1 cup (~200g),70,1,14,1,,,,,,,,"Jaggery, Tamarind, Onion, Tomato, Ginger-Garlic Paste, Oil/Ghee, Turmeric, Red Chilli Powder, Garam Masala, Salt, Stock/Water, Pepper, Butter/Oil","Jaggery (Ushna, warming sweetness, aids digestion); Tamarind (Amla, stimulates Agni); Onion (Ushna, stimulates Agni, balances Kapha and Vata); Tomato (Amla, sour, stimulates digestion, use sparingly for Pitta); Ginger-Garlic Paste (Ushna, kindles Agni, aids digestion); Oil/Ghee (Snigdha, unctuous, balances Vata and nourishes tissues); Turmeric (Ushna, anti-inflammatory, purifies blood); Red Chilli Powder (Ushna, heating, use sparingly for Pitta); Garam Masala (Ushna, kindles Agni, aids digestion); Salt (Ushna, enhances taste, balances electrolytes); Stock/Water (Guru, Ushna, deeply nourishing); Pepper (Ushna, heating, clears Kapha); Butter/Oil (Snigdha, unctuous, balances Vata)"
Palakova,Andhra Pradesh (Coastal Andhra (Guntur/Vijayawada)),Sweet,Veg,Rich milk-based sweet fudge,Milk,2 pcs (~50g),210,5,22,12,,,,,,,,"Milk, Sugar, Ghee, Milk/Khoya, Cardamom","Milk (Guru, Shita, cooling and building, balances Pitta); Sugar (Guru, Madhura, builds Ojas but heavy for Kapha); Ghee (Snigdha, unctuous, balances Vata and nourishes tissues); Milk/Khoya (Guru, Shita, cooling and building, balances Pitta); Cardamom (Ushna, aromatic, soothes digestion)"
Palakura Pappu,Andhra Pradesh (General),Curry/Dal,Veg,Spinach cooked with toor dal,"Toor Dal, Spinach",1 cup (~200g),150,9,18,4,,,,,,,,"Toor Dal, Spinach, Onion, Tomato, Ginger-Garlic Paste, Oil/Ghee, Turmeric, Red Chilli Powder, Garam Masala, Salt","Toor Dal (Laghu, protein-rich, balances Kapha); Spinach (Laghu, cooling, iron-rich); Onion (Ushna, stimulates Agni, balances Kapha and Vata); Tomato (Amla, sour, stimulates digestion, use sparingly for Pitta); Ginger-Garlic Paste (Ushna, kindles Agni, aids digestion); Oil/Ghee (Snigdha, unctuous, balances Vata and nourishes tissues); Turmeric (Ushna, anti-inflammatory, purifies blood); Red Chilli Powder (Ushna, heating, use sparingly for Pitta); Garam Masala (Ushna, kindles Agni, aids digestion); Salt (Ushna, enhances taste, balances electrolytes)"
Perugu Annam (Curd Rice),Andhra Pradesh (General),Rice Dish,Veg,"Cooked rice mixed with curd, tempered","Rice, Curd/Yogurt",1 cup (~200g),220,6,35,6,,,,,,,,"Rice, Curd/Yogurt, Oil/Ghee, Whole Spices, Salt","Rice (Laghu, easy to digest, balances Kapha); Curd/Yogurt (Amla, Guru, sour and cooling in moderation); Oil/Ghee (Snigdha, unctuous, balances Vata and nourishes tissues); Whole Spices (Ushna, kindles Agni, aids digestion); Salt (Ushna, enhances taste, balances electrolytes)"
Perugu Pachadi,Andhra Pradesh (General),Chutney/Side,Veg,Yogurt-based mild vegetable raita,Curd/Yogurt,1/2 cup (~100g),80,3,8,4,,,,,,,,"Curd/Yogurt, Green Chilli, Salt, Spices, Oil (tempering)","Curd/Yogurt (Amla, Guru, sour and cooling in moderation); Green Chilli (Ushna, use sparingly for Pitta); Salt (Ushna, enhances taste, balances electrolytes); Spices (Balances doshas when eaten fresh and in moderation); Oil (tempering) (Snigdha, unctuous, balances Vata)"
Perugu Pulihora,Andhra Pradesh (Coastal Andhra),Rice Dish,Veg,"Curd rice with lemon, temple prasadam style","Rice, Lemon, Curd/Yogurt",1 cup (~200g),240,6,32,9,,,,,,,,"Rice, Lemon, Curd/Yogurt, Oil/Ghee, Whole Spices, Salt","Rice (Laghu, easy to digest, balances Kapha); Lemon (Amla, alkalising, stimulates Agni); Curd/Yogurt (Amla, Guru, sour and cooling in moderation); Oil/Ghee (Snigdha, unctuous, balances Vata and nourishes tissues); Whole Spices (Ushna, kindles Agni, aids digestion); Salt (Ushna, enhances taste, balances electrolytes)"
Pesara Punugulu,Andhra Pradesh (Coastal Andhra),Snack,Veg,Deep-fried moong dal batter fritters,Moong Dal,6 pcs (~100g),220,7,22,12,,,,,,,,"Moong Dal, Salt, Oil, Mixed Spices","Moong Dal (Laghu, protein-rich, balances Kapha); Salt (Ushna, enhances taste, balances electrolytes); Oil (Snigdha, unctuous, balances Vata); Mixed Spices (Ushna, kindles Agni, aids digestion)"
Pesarattu,Andhra Pradesh (Coastal Andhra (Godavari)),Breakfast/Tiffin,Veg,Green moong dal savory crepe,Moong Dal,2 pcs (~150g),220,9,32,5,,,,,,,,"Moong Dal, Salt, Oil, Mixed Spices","Moong Dal (Laghu, protein-rich, balances Kapha); Salt (Ushna, enhances taste, balances electrolytes); Oil (Snigdha, unctuous, balances Vata); Mixed Spices (Ushna, kindles Agni, aids digestion)"
Pootharekulu,Andhra Pradesh (Coastal Andhra (Kakinada)),Sweet,Veg,Paper-thin rice sheet sweet with sugar & ghee,"Rice, Ghee, Sugar",2 pcs (~50g),240,1,42,8,,,,,,,,"Rice, Ghee, Sugar, Milk/Khoya, Cardamom","Rice (Laghu, easy to digest, balances Kapha); Ghee (Snigdha, unctuous, balances Vata and nourishes tissues); Sugar (Guru, Madhura, builds Ojas but heavy for Kapha); Milk/Khoya (Guru, Shita, cooling and building, balances Pitta); Cardamom (Ushna, aromatic, soothes digestion)"
Pulagam,Andhra Pradesh (Coastal Andhra),Sweet,Veg,Sweet jaggery-rice temple prasadam,"Rice, Jaggery",1 cup (~150g),260,3,50,6,,,,,,,,"Rice, Jaggery, Sugar, Ghee, Milk/Khoya, Cardamom","Rice (Laghu, easy to digest, balances Kapha); Jaggery (Ushna, warming sweetness, aids digestion); Sugar (Guru, Madhura, builds Ojas but heavy for Kapha); Ghee (Snigdha, unctuous, balances Vata and nourishes tissues); Milk/Khoya (Guru, Shita, cooling and building, balances Pitta); Cardamom (Ushna, aromatic, soothes digestion)"
Pulihora (Tamarind Rice),Andhra Pradesh (General),Rice Dish,Veg,Tangy tamarind spiced rice,"Rice, Tamarind",1 cup (~200g),280,5,45,9,,,,,,,,"Rice, Tamarind, Oil/Ghee, Whole Spices, Salt","Rice (Laghu, easy to digest, balances Kapha); Tamarind (Amla, stimulates Agni); Oil/Ghee (Snigdha, unctuous, balances Vata and nourishes tissues); Whole Spices (Ushna, kindles Agni, aids digestion); Salt (Ushna, enhances taste, balances electrolytes)"
Punugulu,Andhra Pradesh (Coastal Andhra),Snack,Veg,Deep-fried fermented dosa batter fritters,Rice & Urad Dal,6 pcs (~100g),230,5,26,12,,,,,,,,"Rice, Urad Dal, Salt, Oil, Mixed Spices","Rice (Laghu, easy to digest, balances Kapha); Urad Dal (Laghu, protein-rich, balances Kapha); Salt (Ushna, enhances taste, balances electrolytes); Oil (Snigdha, unctuous, balances Vata); Mixed Spices (Ushna, kindles Agni, aids digestion)"
Ragi Sangati,Andhra Pradesh (Rayalaseema),Staple,Veg,Steamed finger millet dough balls,Finger Millet,1 ball (~100g),130,3,28,0.5,,,,,,,,"Finger Millet, Rice, Oil/Ghee, Whole Spices, Salt","Finger Millet (Balances doshas when eaten fresh and in moderation); Rice (Laghu, easy to digest, balances Kapha); Oil/Ghee (Snigdha, unctuous, balances Vata and nourishes tissues); Whole Spices (Ushna, kindles Agni, aids digestion); Salt (Ushna, enhances taste, balances electrolytes)"
Ravva Dosa,Andhra Pradesh (General),Breakfast/Tiffin,Veg,Crisp semolina-rice flour crepe,"Rice, Semolina, Beans",1 piece (~100g),180,4,28,6,,,,,,,,"Rice, Semolina, Beans, Salt, Oil, Mixed Spices","Rice (Laghu, easy to digest, balances Kapha); Semolina (Balances doshas when eaten fresh and in moderation); Beans (Balances doshas when eaten fresh and in moderation); Salt (Ushna, enhances taste, balances electrolytes); Oil (Snigdha, unctuous, balances Vata); Mixed Spices (Ushna, kindles Agni, aids digestion)"
Royyala Iguru,Andhra Pradesh (Coastal Andhra),Non-Veg,Non-Veg,Thick spicy prawn curry,Prawn,1 cup (~200g),280,20,8,18,,,,,,,,"Prawn, Salt, Oil, Mixed Spices","Prawn (Balances doshas when eaten fresh and in moderation); Salt (Ushna, enhances taste, balances electrolytes); Oil (Snigdha, unctuous, balances Vata); Mixed Spices (Ushna, kindles Agni, aids digestion)"
Royyala Vepudu (Prawn Fry),Andhra Pradesh (Coastal Andhra),Non-Veg,Non-Veg,Dry roasted spicy prawn fry,Prawn,1 cup (~180g),250,22,6,16,,,,,,,,"Prawn, Salt, Oil, Mixed Spices","Prawn (Balances doshas when eaten fresh and in moderation); Salt (Ushna, enhances taste, balances electrolytes); Oil (Snigdha, unctuous, balances Vata); Mixed Spices (Ushna, kindles Agni, aids digestion)"
Sajja Rotte,Andhra Pradesh (Rayalaseema),Roti/Bread,Veg,Hand-patted pearl millet flatbread,Pearl Millet Flour (Bajra),1 piece (~60g),125,4,24,2,,,,,,,,"Pearl Millet Flour (Bajra), Wheat Flour, Salt, Water, Oil/Ghee","Pearl Millet Flour (Bajra) (Balances doshas when eaten fresh and in moderation); Wheat Flour (Guru, nourishing, grounds Vata); Salt (Ushna, enhances taste, balances electrolytes); Water (Balances doshas when eaten fresh and in moderation); Oil/Ghee (Snigdha, unctuous, balances Vata and nourishes tissues)"
Sakinalu,Andhra Pradesh (Coastal Andhra (Festive)),Snack,Veg,Deep-fried rice-sesame spiral snack,Rice,4 pcs (~60g),270,4,30,15,,,,,,,,"Rice, Salt, Oil, Mixed Spices","Rice (Laghu, easy to digest, balances Kapha); Salt (Ushna, enhances taste, balances electrolytes); Oil (Snigdha, unctuous, balances Vata); Mixed Spices (Ushna, kindles Agni, aids digestion)"
Semiya Payasam (Andhra style),Andhra Pradesh (General),Sweet,Veg,Vermicelli milk sweet pudding,"Beans, Milk, Vermicelli",1 cup (~150g),250,5,36,9,,,,,,,,"Beans, Milk, Vermicelli, Sugar, Ghee, Milk/Khoya, Cardamom","Beans (Balances doshas when eaten fresh and in moderation); Milk (Guru, Shita, cooling and building, balances Pitta); Vermicelli (Balances doshas when eaten fresh and in moderation); Sugar (Guru, Madhura, builds Ojas but heavy for Kapha); Ghee (Snigdha, unctuous, balances Vata and nourishes tissues); Milk/Khoya (Guru, Shita, cooling and building, balances Pitta); Cardamom (Ushna, aromatic, soothes digestion)"
Senaga Pappu Podi,Andhra Pradesh (General),Side/Condiment,Veg,Roasted chana dal dry spice powder,Chickpeas,1 tbsp (~10g),55,3,5,2.5,,,,,,,,"Chickpeas, Salt, Pepper, Oil/Butter","Chickpeas (Laghu, grounding, aids digestion); Salt (Ushna, enhances taste, balances electrolytes); Pepper (Ushna, heating, clears Kapha); Oil/Butter (Snigdha, unctuous, balances Vata)"
Sorakaya Kootu,Andhra Pradesh (General),Curry,Veg,Bottle gourd lentil-coconut stew,"Bottle Gourd, Coconut",1 cup (~200g),140,6,18,5,,,,,,,,"Bottle Gourd, Coconut, Onion, Tomato, Ginger-Garlic Paste, Oil/Ghee, Turmeric, Red Chilli Powder, Garam Masala, Salt","Bottle Gourd (Laghu, light, supports digestion); Coconut (Shita, cooling, pacifies Pitta); Onion (Ushna, stimulates Agni, balances Kapha and Vata); Tomato (Amla, sour, stimulates digestion, use sparingly for Pitta); Ginger-Garlic Paste (Ushna, kindles Agni, aids digestion); Oil/Ghee (Snigdha, unctuous, balances Vata and nourishes tissues); Turmeric (Ushna, anti-inflammatory, purifies blood); Red Chilli Powder (Ushna, heating, use sparingly for Pitta); Garam Masala (Ushna, kindles Agni, aids digestion); Salt (Ushna, enhances taste, balances electrolytes)"
Sorakaya Pulusu,Andhra Pradesh (Coastal Andhra),Curry,Veg,Bottle gourd in tangy tamarind gravy,"Bottle Gourd, Tamarind",1 cup (~200g),120,3,14,5,,,,,,,,"Bottle Gourd, Tamarind, Onion, Tomato, Ginger-Garlic Paste, Oil/Ghee, Turmeric, Red Chilli Powder, Garam Masala, Salt","Bottle Gourd (Laghu, light, supports digestion); Tamarind (Amla, stimulates Agni); Onion (Ushna, stimulates Agni, balances Kapha and Vata); Tomato (Amla, sour, stimulates digestion, use sparingly for Pitta); Ginger-Garlic Paste (Ushna, kindles Agni, aids digestion); Oil/Ghee (Snigdha, unctuous, balances Vata and nourishes tissues); Turmeric (Ushna, anti-inflammatory, purifies blood); Red Chilli Powder (Ushna, heating, use sparingly for Pitta); Garam Masala (Ushna, kindles Agni, aids digestion); Salt (Ushna, enhances taste, balances electrolytes)"
Sunnundalu,Andhra Pradesh (Rayalaseema/General),Sweet,Veg,Roasted urad dal-jaggery ladoo,"Urad Dal, Jaggery",2 pcs (~50g),230,6,24,12,,,,,,,,"Urad Dal, Jaggery, Sugar, Ghee, Milk/Khoya, Cardamom","Urad Dal (Laghu, protein-rich, balances Kapha); Jaggery (Ushna, warming sweetness, aids digestion); Sugar (Guru, Madhura, builds Ojas but heavy for Kapha); Ghee (Snigdha, unctuous, balances Vata and nourishes tissues); Milk/Khoya (Guru, Shita, cooling and building, balances Pitta); Cardamom (Ushna, aromatic, soothes digestion)"
Tomato Pachadi,Andhra Pradesh (General),Chutney,Veg,Tangy tomato chutney with chili tempering,"Tomato, Chili",1/4 cup (~60g),70,1,7,4,,,,,,,,"Tomato, Chili, Green Chilli, Salt, Spices, Oil (tempering)","Tomato (Amla, sour, stimulates digestion, use sparingly for Pitta); Chili (Balances doshas when eaten fresh and in moderation); Green Chilli (Ushna, use sparingly for Pitta); Salt (Ushna, enhances taste, balances electrolytes); Spices (Balances doshas when eaten fresh and in moderation); Oil (tempering) (Snigdha, unctuous, balances Vata)"
Tomato Pappu,Andhra Pradesh (General),Curry/Dal,Veg,Tomato cooked with toor dal,"Toor Dal, Tomato",1 cup (~200g),160,8,20,5,,,,,,,,"Toor Dal, Tomato, Onion, Ginger-Garlic Paste, Oil/Ghee, Turmeric, Red Chilli Powder, Garam Masala, Salt","Toor Dal (Laghu, protein-rich, balances Kapha); Tomato (Amla, sour, stimulates digestion, use sparingly for Pitta); Onion (Ushna, stimulates Agni, balances Kapha and Vata); Ginger-Garlic Paste (Ushna, kindles Agni, aids digestion); Oil/Ghee (Snigdha, unctuous, balances Vata and nourishes tissues); Turmeric (Ushna, anti-inflammatory, purifies blood); Red Chilli Powder (Ushna, heating, use sparingly for Pitta); Garam Masala (Ushna, kindles Agni, aids digestion); Salt (Ushna, enhances taste, balances electrolytes)"
Uggani,Andhra Pradesh (Rayalaseema),Breakfast/Tiffin,Veg,Puffed rice soaked & tempered with onion & peanuts,"Rice, Onion, Peanut",1 cup (~100g),180,4,28,6,,,,,,,,"Rice, Onion, Peanut, Salt, Oil, Mixed Spices","Rice (Laghu, easy to digest, balances Kapha); Onion (Ushna, stimulates Agni, balances Kapha and Vata); Peanut (Guru, Ushna, energy dense); Salt (Ushna, enhances taste, balances electrolytes); Oil (Snigdha, unctuous, balances Vata); Mixed Spices (Ushna, kindles Agni, aids digestion)"
Ulavacharu,Andhra Pradesh (Rayalaseema),Curry,Veg,Slow-cooked horsegram broth curry,Horsegram,1 cup (~200g),150,10,18,5,,,,,,,,"Horsegram, Onion, Tomato, Ginger-Garlic Paste, Oil/Ghee, Turmeric, Red Chilli Powder, Garam Masala, Salt","Horsegram (Balances doshas when eaten fresh and in moderation); Onion (Ushna, stimulates Agni, balances Kapha and Vata); Tomato (Amla, sour, stimulates digestion, use sparingly for Pitta); Ginger-Garlic Paste (Ushna, kindles Agni, aids digestion); Oil/Ghee (Snigdha, unctuous, balances Vata and nourishes tissues); Turmeric (Ushna, anti-inflammatory, purifies blood); Red Chilli Powder (Ushna, heating, use sparingly for Pitta); Garam Masala (Ushna, kindles Agni, aids digestion); Salt (Ushna, enhances taste, balances electrolytes)"
Uluva Pindi Kura,Andhra Pradesh (Rayalaseema),Curry,Veg,Fenugreek seed flour based tangy curry,Fenugreek,1 cup (~150g),150,5,16,7,,,,,,,,"Fenugreek, Onion, Tomato, Ginger-Garlic Paste, Oil/Ghee, Turmeric, Red Chilli Powder, Garam Masala, Salt","Fenugreek (Ushna, aids digestion, bitter); Onion (Ushna, stimulates Agni, balances Kapha and Vata); Tomato (Amla, sour, stimulates digestion, use sparingly for Pitta); Ginger-Garlic Paste (Ushna, kindles Agni, aids digestion); Oil/Ghee (Snigdha, unctuous, balances Vata and nourishes tissues); Turmeric (Ushna, anti-inflammatory, purifies blood); Red Chilli Powder (Ushna, heating, use sparingly for Pitta); Garam Masala (Ushna, kindles Agni, aids digestion); Salt (Ushna, enhances taste, balances electrolytes)"
Usirikaya Pachadi,Andhra Pradesh (General),Chutney,Veg,Indian gooseberry tangy chutney,Gooseberry (Amla),1/4 cup (~60g),60,1,10,2,,,,,,,,"Gooseberry (Amla), Green Chilli, Salt, Spices, Oil (tempering)","Gooseberry (Amla) (Balances doshas when eaten fresh and in moderation); Green Chilli (Ushna, use sparingly for Pitta); Salt (Ushna, enhances taste, balances electrolytes); Spices (Balances doshas when eaten fresh and in moderation); Oil (tempering) (Snigdha, unctuous, balances Vata)"
Vamu Aaku Pakodi,Andhra Pradesh (Coastal Andhra),Snack,Veg,"Ajwain leaf dipped in gram flour batter, deep fried",Ajwain Leaves (Carom Leaves),4 pcs (~100g),230,5,24,13,,,,,,,,"Ajwain Leaves (Carom Leaves), Salt, Oil, Mixed Spices","Ajwain Leaves (Carom Leaves) (Balances doshas when eaten fresh and in moderation); Salt (Ushna, enhances taste, balances electrolytes); Oil (Snigdha, unctuous, balances Vata); Mixed Spices (Ushna, kindles Agni, aids digestion)"
Vankaya Fry,Andhra Pradesh (General),Curry,Veg,Simple brinjal dry stir-fry with spices,Brinjal,1 cup (~150g),140,3,14,8,,,,,,,,"Brinjal, Onion, Tomato, Ginger-Garlic Paste, Oil/Ghee, Turmeric, Red Chilli Powder, Garam Masala, Salt","Brinjal (Laghu, light, supports digestion); Onion (Ushna, stimulates Agni, balances Kapha and Vata); Tomato (Amla, sour, stimulates digestion, use sparingly for Pitta); Ginger-Garlic Paste (Ushna, kindles Agni, aids digestion); Oil/Ghee (Snigdha, unctuous, balances Vata and nourishes tissues); Turmeric (Ushna, anti-inflammatory, purifies blood); Red Chilli Powder (Ushna, heating, use sparingly for Pitta); Garam Masala (Ushna, kindles Agni, aids digestion); Salt (Ushna, enhances taste, balances electrolytes)"
Vankaya Pachi Pulusu,Andhra Pradesh (Rayalaseema),Curry,Veg,"Raw brinjal tangy tamarind curry, uncooked style","Brinjal, Tamarind",1 cup (~200g),110,3,14,5,,,,,,,,"Brinjal, Tamarind, Onion, Tomato, Ginger-Garlic Paste, Oil/Ghee, Turmeric, Red Chilli Powder, Garam Masala, Salt","Brinjal (Laghu, light, supports digestion); Tamarind (Amla, stimulates Agni); Onion (Ushna, stimulates Agni, balances Kapha and Vata); Tomato (Amla, sour, stimulates digestion, use sparingly for Pitta); Ginger-Garlic Paste (Ushna, kindles Agni, aids digestion); Oil/Ghee (Snigdha, unctuous, balances Vata and nourishes tissues); Turmeric (Ushna, anti-inflammatory, purifies blood); Red Chilli Powder (Ushna, heating, use sparingly for Pitta); Garam Masala (Ushna, kindles Agni, aids digestion); Salt (Ushna, enhances taste, balances electrolytes)"
Vermicelli Upma (Semiya Upma),Andhra Pradesh (General),Breakfast/Tiffin,Veg,Roasted vermicelli tempered with vegetables,"Beans, Vermicelli",1 cup (~150g),210,5,32,7,,,,,,,,"Beans, Vermicelli, Salt, Oil, Mixed Spices","Beans (Balances doshas when eaten fresh and in moderation); Vermicelli (Balances doshas when eaten fresh and in moderation); Salt (Ushna, enhances taste, balances electrolytes); Oil (Snigdha, unctuous, balances Vata); Mixed Spices (Ushna, kindles Agni, aids digestion)"
Adai,Tamil Nadu (General),Breakfast/Tiffin,Veg,Mixed lentil-rice savory crepe,Rice,2 pcs (~150g),260,10,38,7,,,,,,,,"Rice, Salt, Oil, Mixed Spices","Rice (Laghu, easy to digest, balances Kapha); Salt (Ushna, enhances taste, balances electrolytes); Oil (Snigdha, unctuous, balances Vata); Mixed Spices (Ushna, kindles Agni, aids digestion)"
Adhirasam,Tamil Nadu (General),Sweet,Veg,Deep-fried rice flour-jaggery sweet disc,"Rice, Jaggery",1 piece (~40g),160,1,28,5,,,,,,,,"Rice, Jaggery, Sugar, Ghee, Milk/Khoya, Cardamom","Rice (Laghu, easy to digest, balances Kapha); Jaggery (Ushna, warming sweetness, aids digestion); Sugar (Guru, Madhura, builds Ojas but heavy for Kapha); Ghee (Snigdha, unctuous, balances Vata and nourishes tissues); Milk/Khoya (Guru, Shita, cooling and building, balances Pitta); Cardamom (Ushna, aromatic, soothes digestion)"
Appam (Chettinad style),Tamil Nadu (Chettinad),Breakfast/Tiffin,Veg,Fermented rice-coconut bowl-shaped crepe,"Rice, Coconut",2 pcs (~120g),220,3,38,6,,,,,,,,"Rice, Coconut, Salt, Oil, Mixed Spices","Rice (Laghu, easy to digest, balances Kapha); Coconut (Shita, cooling, pacifies Pitta); Salt (Ushna, enhances taste, balances electrolytes); Oil (Snigdha, unctuous, balances Vata); Mixed Spices (Ushna, kindles Agni, aids digestion)"
Avial,Tamil Nadu (General),Curry,Veg,Mixed vegetables in coconut-yogurt curry,"Coconut, Curd/Yogurt",1 cup (~200g),180,5,18,10,,,,,,,,"Coconut, Curd/Yogurt, Onion, Tomato, Ginger-Garlic Paste, Oil/Ghee, Turmeric, Red Chilli Powder, Garam Masala, Salt","Coconut (Shita, cooling, pacifies Pitta); Curd/Yogurt (Amla, Guru, sour and cooling in moderation); Onion (Ushna, stimulates Agni, balances Kapha and Vata); Tomato (Amla, sour, stimulates digestion, use sparingly for Pitta); Ginger-Garlic Paste (Ushna, kindles Agni, aids digestion); Oil/Ghee (Snigdha, unctuous, balances Vata and nourishes tissues); Turmeric (Ushna, anti-inflammatory, purifies blood); Red Chilli Powder (Ushna, heating, use sparingly for Pitta); Garam Masala (Ushna, kindles Agni, aids digestion); Salt (Ushna, enhances taste, balances electrolytes)"
Bonda,Tamil Nadu (General),Snack,Veg,Deep-fried spiced potato-gram flour fritters,Potato,2 pcs (~100g),220,4,26,11,,,,,,,,"Potato, Salt, Oil, Mixed Spices","Potato (Guru, Vata aggravating in excess); Salt (Ushna, enhances taste, balances electrolytes); Oil (Snigdha, unctuous, balances Vata); Mixed Spices (Ushna, kindles Agni, aids digestion)"
Chettinad Chicken Curry,Tamil Nadu (Chettinad),Non-Veg,Non-Veg,Fiery peppery slow-cooked chicken curry,Chicken,1 cup (~200g),320,24,8,22,,,,,,,,"Chicken, Salt, Oil, Mixed Spices","Chicken (Guru, Ushna, builds strength); Salt (Ushna, enhances taste, balances electrolytes); Oil (Snigdha, unctuous, balances Vata); Mixed Spices (Ushna, kindles Agni, aids digestion)"
Chettinad Mutton Curry,Tamil Nadu (Chettinad),Non-Veg,Non-Veg,Spicy roasted-spice mutton curry,Mutton,1 cup (~200g),370,25,8,27,,,,,,,,"Mutton, Salt, Oil, Mixed Spices","Mutton (Guru, Ushna, heavy and warming); Salt (Ushna, enhances taste, balances electrolytes); Oil (Snigdha, unctuous, balances Vata); Mixed Spices (Ushna, kindles Agni, aids digestion)"
Chettinad Pepper Chicken,Tamil Nadu (Chettinad),Non-Veg,Non-Veg,Dry roasted chicken with crushed black pepper,Chicken,1 cup (~200g),320,25,6,22,,,,,,,,"Chicken, Salt, Oil, Mixed Spices","Chicken (Guru, Ushna, builds strength); Salt (Ushna, enhances taste, balances electrolytes); Oil (Snigdha, unctuous, balances Vata); Mixed Spices (Ushna, kindles Agni, aids digestion)"
Chicken 65,Tamil Nadu (General),Snack/Non-Veg,Non-Veg,Deep-fried spicy chicken bites,Chicken,1 cup (~150g),320,26,10,20,,,,,,,,"Chicken, Salt, Oil, Mixed Spices","Chicken (Guru, Ushna, builds strength); Salt (Ushna, enhances taste, balances electrolytes); Oil (Snigdha, unctuous, balances Vata); Mixed Spices (Ushna, kindles Agni, aids digestion)"
Coconut Chutney,Tamil Nadu (General),Chutney/Side,Veg,Fresh coconut ground with chili & tempering,"Coconut, Chili",1/4 cup (~50g),100,2,5,9,,,,,,,,"Coconut, Chili, Green Chilli, Salt, Spices, Oil (tempering)","Coconut (Shita, cooling, pacifies Pitta); Chili (Balances doshas when eaten fresh and in moderation); Green Chilli (Ushna, use sparingly for Pitta); Salt (Ushna, enhances taste, balances electrolytes); Spices (Balances doshas when eaten fresh and in moderation); Oil (tempering) (Snigdha, unctuous, balances Vata)"
Coriander Chutney,Tamil Nadu (General),Chutney/Side,Veg,Fresh coriander-coconut chutney,"Coconut, Coriander",1/4 cup (~50g),70,1,6,5,,,,,,,,"Coconut, Coriander, Green Chilli, Salt, Spices, Oil (tempering)","Coconut (Shita, cooling, pacifies Pitta); Coriander (Shita, cooling, soothes Pitta); Green Chilli (Ushna, use sparingly for Pitta); Salt (Ushna, enhances taste, balances electrolytes); Spices (Balances doshas when eaten fresh and in moderation); Oil (tempering) (Snigdha, unctuous, balances Vata)"
Curd Rice (Thayir Sadam),Tamil Nadu (General),Rice Dish,Veg,"Cooked rice mixed with curd, tempered","Rice, Curd/Yogurt",1 cup (~200g),220,6,35,6,,,,,,,,"Rice, Curd/Yogurt, Oil/Ghee, Whole Spices, Salt","Rice (Laghu, easy to digest, balances Kapha); Curd/Yogurt (Amla, Guru, sour and cooling in moderation); Oil/Ghee (Snigdha, unctuous, balances Vata and nourishes tissues); Whole Spices (Ushna, kindles Agni, aids digestion); Salt (Ushna, enhances taste, balances electrolytes)"
Dosai (Plain),Tamil Nadu (General),Breakfast/Tiffin,Veg,Fermented rice-lentil crepe,Rice,1 piece (~100g),130,3,24,3,,,,,,,,"Rice, Salt, Oil, Mixed Spices","Rice (Laghu, easy to digest, balances Kapha); Salt (Ushna, enhances taste, balances electrolytes); Oil (Snigdha, unctuous, balances Vata); Mixed Spices (Ushna, kindles Agni, aids digestion)"
Elai Vadam (Rice Papad),Tamil Nadu (General),Snack/Side,Veg,"Sun-dried thin rice wafer, fried before eating",Rice,2 pcs (~20g),90,2,14,3,,,,,,,,"Rice, Salt, Oil, Mixed Spices","Rice (Laghu, easy to digest, balances Kapha); Salt (Ushna, enhances taste, balances electrolytes); Oil (Snigdha, unctuous, balances Vata); Mixed Spices (Ushna, kindles Agni, aids digestion)"
Ellu Urundai,Tamil Nadu (General),Sweet,Veg,Sesame seed-jaggery rolled balls,"Sesame Seeds, Jaggery",2 pcs (~40g),190,4,20,10,,,,,,,,"Sesame Seeds, Jaggery, Sugar, Ghee, Milk/Khoya, Cardamom","Sesame Seeds (Ushna, Snigdha, warming and nourishing); Jaggery (Ushna, warming sweetness, aids digestion); Sugar (Guru, Madhura, builds Ojas but heavy for Kapha); Ghee (Snigdha, unctuous, balances Vata and nourishes tissues); Milk/Khoya (Guru, Shita, cooling and building, balances Pitta); Cardamom (Ushna, aromatic, soothes digestion)"
Elumichai Sadam (Lemon Rice),Tamil Nadu (General),Rice Dish,Veg,"Rice tempered with lemon, peanuts, curry leaves","Rice, Lemon, Peanut, Tea Leaves, Curry Leaves",1 cup (~200g),260,5,42,8,,,,,,,,"Rice, Lemon, Peanut, Tea Leaves, Curry Leaves, Oil/Ghee, Whole Spices, Salt","Rice (Laghu, easy to digest, balances Kapha); Lemon (Amla, alkalising, stimulates Agni); Peanut (Guru, Ushna, energy dense); Tea Leaves (Balances doshas when eaten fresh and in moderation); Curry Leaves (Ushna, enhances Agni); Oil/Ghee (Snigdha, unctuous, balances Vata and nourishes tissues); Whole Spices (Ushna, kindles Agni, aids digestion); Salt (Ushna, enhances taste, balances electrolytes)"
Ennai Kathirikai Kuzhambu,Tamil Nadu (Chettinad),Curry,Veg,Brinjal cooked in generous oil with tamarind masala,"Brinjal, Tamarind",1 cup (~200g),220,4,16,16,,,,,,,,"Brinjal, Tamarind, Onion, Tomato, Ginger-Garlic Paste, Oil/Ghee, Turmeric, Red Chilli Powder, Garam Masala, Salt","Brinjal (Laghu, light, supports digestion); Tamarind (Amla, stimulates Agni); Onion (Ushna, stimulates Agni, balances Kapha and Vata); Tomato (Amla, sour, stimulates digestion, use sparingly for Pitta); Ginger-Garlic Paste (Ushna, kindles Agni, aids digestion); Oil/Ghee (Snigdha, unctuous, balances Vata and nourishes tissues); Turmeric (Ushna, anti-inflammatory, purifies blood); Red Chilli Powder (Ushna, heating, use sparingly for Pitta); Garam Masala (Ushna, kindles Agni, aids digestion); Salt (Ushna, enhances taste, balances electrolytes)"
Filter Coffee,Tamil Nadu (General),Beverage,Veg,South Indian decoction coffee with milk,"Milk, Coffee",1 cup (~150ml),80,3,10,3,,,,,,,,"Milk, Coffee, Water, Sugar, Ice","Milk (Guru, Shita, cooling and building, balances Pitta); Coffee (Balances doshas when eaten fresh and in moderation); Water (Balances doshas when eaten fresh and in moderation); Sugar (Guru, Madhura, builds Ojas but heavy for Kapha); Ice (Balances doshas when eaten fresh and in moderation)"
Ghee Roast Dosai,Tamil Nadu (General),Breakfast/Tiffin,Veg,Ghee-crisped dosa,Ghee,1 piece (~110g),210,4,26,9,,,,,,,,"Ghee, Salt, Oil, Mixed Spices","Ghee (Snigdha, unctuous, balances Vata and nourishes tissues); Salt (Ushna, enhances taste, balances electrolytes); Oil (Snigdha, unctuous, balances Vata); Mixed Spices (Ushna, kindles Agni, aids digestion)"
Idiyappam,Tamil Nadu (General),Breakfast/Tiffin,Veg,Steamed rice noodle nests,"Rice, Noodles",1 cup (~120g),170,3,36,1,,,,,,,,"Rice, Noodles, Salt, Oil, Mixed Spices","Rice (Laghu, easy to digest, balances Kapha); Noodles (Balances doshas when eaten fresh and in moderation); Salt (Ushna, enhances taste, balances electrolytes); Oil (Snigdha, unctuous, balances Vata); Mixed Spices (Ushna, kindles Agni, aids digestion)"
Idli,Tamil Nadu (General),Breakfast/Tiffin,Veg,Steamed fermented rice-lentil cake,Rice,2 pcs (~80g),80,3,16,0.5,,,,,,,,"Rice, Salt, Oil, Mixed Spices","Rice (Laghu, easy to digest, balances Kapha); Salt (Ushna, enhances taste, balances electrolytes); Oil (Snigdha, unctuous, balances Vata); Mixed Spices (Ushna, kindles Agni, aids digestion)"
Jangiri,Tamil Nadu (General),Sweet,Veg,Crisp urad dal spiral soaked in sugar syrup,"Urad Dal, Sugar",2 pcs (~50g),210,3,32,8,,,,,,,,"Urad Dal, Sugar, Ghee, Milk/Khoya, Cardamom","Urad Dal (Laghu, protein-rich, balances Kapha); Sugar (Guru, Madhura, builds Ojas but heavy for Kapha); Ghee (Snigdha, unctuous, balances Vata and nourishes tissues); Milk/Khoya (Guru, Shita, cooling and building, balances Pitta); Cardamom (Ushna, aromatic, soothes digestion)"
Jeeraga Samba Biryani,Tamil Nadu (Dindigul),Rice Dish,Non-Veg,Fragrant short-grain rice biryani with meat,Rice,1 plate (~300g),460,22,52,17,,,,,,,,"Rice, Oil/Ghee, Whole Spices, Salt","Rice (Laghu, easy to digest, balances Kapha); Oil/Ghee (Snigdha, unctuous, balances Vata and nourishes tissues); Whole Spices (Ushna, kindles Agni, aids digestion); Salt (Ushna, enhances taste, balances electrolytes)"
Jigarthanda,Tamil Nadu (Madurai),Beverage,Egg (Ovo-Veg),Chilled milk drink with almond gum & ice cream,"Milk, Cream, Egg, Almond",1 glass (~250ml),280,6,42,10,,,,,,,,"Milk, Cream, Egg, Almond, Water, Sugar, Ice","Milk (Guru, Shita, cooling and building, balances Pitta); Cream (Guru, Snigdha, heavy and nourishing); Egg (Guru, Ushna, builds strength, use moderately for Pitta); Almond (Guru, Snigdha, nourishing for Vata); Water (Balances doshas when eaten fresh and in moderation); Sugar (Guru, Madhura, builds Ojas but heavy for Kapha); Ice (Balances doshas when eaten fresh and in moderation)"
Kal Dosai,Tamil Nadu (General),Breakfast/Tiffin,Veg,Thick fermented rice dosa,Rice,2 pcs (~150g),220,6,36,5,,,,,,,,"Rice, Salt, Oil, Mixed Spices","Rice (Laghu, easy to digest, balances Kapha); Salt (Ushna, enhances taste, balances electrolytes); Oil (Snigdha, unctuous, balances Vata); Mixed Spices (Ushna, kindles Agni, aids digestion)"
Kalyana Rasam,Tamil Nadu (General),Curry/Soup,Veg,Festive rich pepper-cumin rasam,Cumin,1 cup (~200g),100,4,12,4,,,,,,,,"Cumin, Onion, Tomato, Ginger-Garlic Paste, Oil/Ghee, Turmeric, Red Chilli Powder, Garam Masala, Salt, Stock/Water, Pepper, Butter/Oil","Cumin (Ushna, kindles Agni, eases digestion); Onion (Ushna, stimulates Agni, balances Kapha and Vata); Tomato (Amla, sour, stimulates digestion, use sparingly for Pitta); Ginger-Garlic Paste (Ushna, kindles Agni, aids digestion); Oil/Ghee (Snigdha, unctuous, balances Vata and nourishes tissues); Turmeric (Ushna, anti-inflammatory, purifies blood); Red Chilli Powder (Ushna, heating, use sparingly for Pitta); Garam Masala (Ushna, kindles Agni, aids digestion); Salt (Ushna, enhances taste, balances electrolytes); Stock/Water (Guru, Ushna, deeply nourishing); Pepper (Ushna, heating, clears Kapha); Butter/Oil (Snigdha, unctuous, balances Vata)"
Kara Kuzhambu,Tamil Nadu (General),Curry,Veg,Spicy tangy tamarind vegetable gravy,Tamarind,1 cup (~200g),150,3,16,8,,,,,,,,"Tamarind, Onion, Tomato, Ginger-Garlic Paste, Oil/Ghee, Turmeric, Red Chilli Powder, Garam Masala, Salt","Tamarind (Amla, stimulates Agni); Onion (Ushna, stimulates Agni, balances Kapha and Vata); Tomato (Amla, sour, stimulates digestion, use sparingly for Pitta); Ginger-Garlic Paste (Ushna, kindles Agni, aids digestion); Oil/Ghee (Snigdha, unctuous, balances Vata and nourishes tissues); Turmeric (Ushna, anti-inflammatory, purifies blood); Red Chilli Powder (Ushna, heating, use sparingly for Pitta); Garam Masala (Ushna, kindles Agni, aids digestion); Salt (Ushna, enhances taste, balances electrolytes)"
Karupatti Coffee,Tamil Nadu (Kongu Nadu),Beverage,Veg,Filter coffee sweetened with palm jaggery,"Jaggery, Coffee",1 cup (~150ml),90,3,14,3,,,,,,,,"Jaggery, Coffee, Water, Sugar, Ice","Jaggery (Ushna, warming sweetness, aids digestion); Coffee (Balances doshas when eaten fresh and in moderation); Water (Balances doshas when eaten fresh and in moderation); Sugar (Guru, Madhura, builds Ojas but heavy for Kapha); Ice (Balances doshas when eaten fresh and in moderation)"
Kavuni Arisi (Black Rice Sweet),Tamil Nadu (Chettinad),Sweet,Veg,Black rice cooked with jaggery & coconut milk,"Rice, Coconut, Milk, Jaggery",1 cup (~150g),260,5,42,7,,,,,,,,"Rice, Coconut, Milk, Jaggery, Sugar, Ghee, Milk/Khoya, Cardamom","Rice (Laghu, easy to digest, balances Kapha); Coconut (Shita, cooling, pacifies Pitta); Milk (Guru, Shita, cooling and building, balances Pitta); Jaggery (Ushna, warming sweetness, aids digestion); Sugar (Guru, Madhura, builds Ojas but heavy for Kapha); Ghee (Snigdha, unctuous, balances Vata and nourishes tissues); Milk/Khoya (Guru, Shita, cooling and building, balances Pitta); Cardamom (Ushna, aromatic, soothes digestion)"
Kesari (Tamil Nadu Rava Kesari),Tamil Nadu (General),Sweet,Veg,Sweet semolina pudding with ghee & saffron,"Semolina, Beans, Ghee",1 cup (~150g),300,4,45,12,,,,,,,,"Semolina, Beans, Ghee, Sugar, Milk/Khoya, Cardamom","Semolina (Balances doshas when eaten fresh and in moderation); Beans (Balances doshas when eaten fresh and in moderation); Ghee (Snigdha, unctuous, balances Vata and nourishes tissues); Sugar (Guru, Madhura, builds Ojas but heavy for Kapha); Milk/Khoya (Guru, Shita, cooling and building, balances Pitta); Cardamom (Ushna, aromatic, soothes digestion)"
Kola Urundai,Tamil Nadu (Chettinad),Non-Veg,Non-Veg,Spiced fried minced meat balls,Minced Meat,4 pcs (~100g),260,18,8,17,,,,,,,,"Minced Meat, Salt, Oil, Mixed Spices","Minced Meat (Balances doshas when eaten fresh and in moderation); Salt (Ushna, enhances taste, balances electrolytes); Oil (Snigdha, unctuous, balances Vata); Mixed Spices (Ushna, kindles Agni, aids digestion)"
Kootu,Tamil Nadu (General),Curry,Veg,Lentil-vegetable mild stew with coconut,Coconut,1 cup (~200g),160,7,20,5,,,,,,,,"Coconut, Onion, Tomato, Ginger-Garlic Paste, Oil/Ghee, Turmeric, Red Chilli Powder, Garam Masala, Salt","Coconut (Shita, cooling, pacifies Pitta); Onion (Ushna, stimulates Agni, balances Kapha and Vata); Tomato (Amla, sour, stimulates digestion, use sparingly for Pitta); Ginger-Garlic Paste (Ushna, kindles Agni, aids digestion); Oil/Ghee (Snigdha, unctuous, balances Vata and nourishes tissues); Turmeric (Ushna, anti-inflammatory, purifies blood); Red Chilli Powder (Ushna, heating, use sparingly for Pitta); Garam Masala (Ushna, kindles Agni, aids digestion); Salt (Ushna, enhances taste, balances electrolytes)"
Kuzhi Paniyaram,Tamil Nadu (General),Breakfast/Snack,Veg,"Fermented batter dumplings, pan-fried",Rice & Urad Dal,6 pcs (~120g),220,5,32,8,,,,,,,,"Rice, Urad Dal, Salt, Oil, Mixed Spices","Rice (Laghu, easy to digest, balances Kapha); Urad Dal (Laghu, protein-rich, balances Kapha); Salt (Ushna, enhances taste, balances electrolytes); Oil (Snigdha, unctuous, balances Vata); Mixed Spices (Ushna, kindles Agni, aids digestion)"
Maa Vadu (Baby Mango Pickle),Tamil Nadu (Tirunelveli),Pickle,Veg,Tender baby mango pickle in oil & mustard,"Mango, Mustard",1 tbsp (~15g),55,0.3,4,4,,,,,,,,"Mango, Mustard, Oil, Mustard Seeds, Turmeric, Red Chilli Powder, Salt","Mango (Guru, Snigdha, nourishing in season); Mustard (Balances doshas when eaten fresh and in moderation); Oil (Snigdha, unctuous, balances Vata); Mustard Seeds (Ushna, stimulates digestion); Turmeric (Ushna, anti-inflammatory, purifies blood); Red Chilli Powder (Ushna, heating, use sparingly for Pitta); Salt (Ushna, enhances taste, balances electrolytes)"
Manathakkali Vathal Kuzhambu,Tamil Nadu (General),Curry,Veg,Sun-dried black nightshade berry tangy curry,Black Nightshade Berries (Manathakkali),1 cup (~200g),140,3,16,7,,,,,,,,"Black Nightshade Berries (Manathakkali), Onion, Tomato, Ginger-Garlic Paste, Oil/Ghee, Turmeric, Red Chilli Powder, Garam Masala, Salt","Black Nightshade Berries (Manathakkali) (Balances doshas when eaten fresh and in moderation); Onion (Ushna, stimulates Agni, balances Kapha and Vata); Tomato (Amla, sour, stimulates digestion, use sparingly for Pitta); Ginger-Garlic Paste (Ushna, kindles Agni, aids digestion); Oil/Ghee (Snigdha, unctuous, balances Vata and nourishes tissues); Turmeric (Ushna, anti-inflammatory, purifies blood); Red Chilli Powder (Ushna, heating, use sparingly for Pitta); Garam Masala (Ushna, kindles Agni, aids digestion); Salt (Ushna, enhances taste, balances electrolytes)"
Masala Dosai,Tamil Nadu (General),Breakfast/Tiffin,Veg,Dosa with spiced potato filling,Potato,1 piece (~220g),350,7,50,13,,,,,,,,"Potato, Salt, Oil, Mixed Spices","Potato (Guru, Vata aggravating in excess); Salt (Ushna, enhances taste, balances electrolytes); Oil (Snigdha, unctuous, balances Vata); Mixed Spices (Ushna, kindles Agni, aids digestion)"
Masala Vadai (Paruppu Vadai),Tamil Nadu (General),Snack,Veg,Deep-fried chana dal fritters with spices,Chickpeas,2 pcs (~90g),240,8,24,13,,,,,,,,"Chickpeas, Salt, Oil, Mixed Spices","Chickpeas (Laghu, grounding, aids digestion); Salt (Ushna, enhances taste, balances electrolytes); Oil (Snigdha, unctuous, balances Vata); Mixed Spices (Ushna, kindles Agni, aids digestion)"
Medu Vada,Tamil Nadu (General),Breakfast/Snack,Veg,Deep-fried urad dal doughnut-shaped fritter,Urad Dal,2 pcs (~100g),210,7,20,12,,,,,,,,"Urad Dal, Salt, Oil, Mixed Spices","Urad Dal (Laghu, protein-rich, balances Kapha); Salt (Ushna, enhances taste, balances electrolytes); Oil (Snigdha, unctuous, balances Vata); Mixed Spices (Ushna, kindles Agni, aids digestion)"
Meen Kuzhambu,Tamil Nadu (General),Non-Veg,Non-Veg,Tangy tamarind fish curry,"Fish, Tamarind",1 cup (~200g),230,20,8,13,,,,,,,,"Fish, Tamarind, Salt, Oil, Mixed Spices","Fish (Guru, Ushna, nourishing, best fresh); Tamarind (Amla, stimulates Agni); Salt (Ushna, enhances taste, balances electrolytes); Oil (Snigdha, unctuous, balances Vata); Mixed Spices (Ushna, kindles Agni, aids digestion)"
Milagai Podi (Gunpowder),Tamil Nadu (General),Chutney/Side,Veg,Roasted lentil-chili dry chutney powder with oil,Chili,1 tbsp (~15g),70,3,5,5,,,,,,,,"Chili, Green Chilli, Salt, Spices, Oil (tempering)","Chili (Balances doshas when eaten fresh and in moderation); Green Chilli (Ushna, use sparingly for Pitta); Salt (Ushna, enhances taste, balances electrolytes); Spices (Balances doshas when eaten fresh and in moderation); Oil (tempering) (Snigdha, unctuous, balances Vata)"
Milagu Kuzhambu,Tamil Nadu (Kongu Nadu),Curry,Veg,Black pepper based tangy tamarind curry,Tamarind,1 cup (~200g),150,4,16,8,,,,,,,,"Tamarind, Onion, Tomato, Ginger-Garlic Paste, Oil/Ghee, Turmeric, Red Chilli Powder, Garam Masala, Salt","Tamarind (Amla, stimulates Agni); Onion (Ushna, stimulates Agni, balances Kapha and Vata); Tomato (Amla, sour, stimulates digestion, use sparingly for Pitta); Ginger-Garlic Paste (Ushna, kindles Agni, aids digestion); Oil/Ghee (Snigdha, unctuous, balances Vata and nourishes tissues); Turmeric (Ushna, anti-inflammatory, purifies blood); Red Chilli Powder (Ushna, heating, use sparingly for Pitta); Garam Masala (Ushna, kindles Agni, aids digestion); Salt (Ushna, enhances taste, balances electrolytes)"
Milagu Rasam,Tamil Nadu (General),Curry/Soup,Veg,"Peppery tangy tamarind soup, cold-remedy dish",Tamarind,1 cup (~200g),90,3,12,3,,,,,,,,"Tamarind, Onion, Tomato, Ginger-Garlic Paste, Oil/Ghee, Turmeric, Red Chilli Powder, Garam Masala, Salt, Stock/Water, Pepper, Butter/Oil","Tamarind (Amla, stimulates Agni); Onion (Ushna, stimulates Agni, balances Kapha and Vata); Tomato (Amla, sour, stimulates digestion, use sparingly for Pitta); Ginger-Garlic Paste (Ushna, kindles Agni, aids digestion); Oil/Ghee (Snigdha, unctuous, balances Vata and nourishes tissues); Turmeric (Ushna, anti-inflammatory, purifies blood); Red Chilli Powder (Ushna, heating, use sparingly for Pitta); Garam Masala (Ushna, kindles Agni, aids digestion); Salt (Ushna, enhances taste, balances electrolytes); Stock/Water (Guru, Ushna, deeply nourishing); Pepper (Ushna, heating, clears Kapha); Butter/Oil (Snigdha, unctuous, balances Vata)"
Mor Kuzhambu,Tamil Nadu (General),Curry,Veg,Buttermilk-coconut curry with vegetables,Coconut,1 cup (~200g),160,5,14,9,,,,,,,,"Coconut, Onion, Tomato, Ginger-Garlic Paste, Oil/Ghee, Turmeric, Red Chilli Powder, Garam Masala, Salt","Coconut (Shita, cooling, pacifies Pitta); Onion (Ushna, stimulates Agni, balances Kapha and Vata); Tomato (Amla, sour, stimulates digestion, use sparingly for Pitta); Ginger-Garlic Paste (Ushna, kindles Agni, aids digestion); Oil/Ghee (Snigdha, unctuous, balances Vata and nourishes tissues); Turmeric (Ushna, anti-inflammatory, purifies blood); Red Chilli Powder (Ushna, heating, use sparingly for Pitta); Garam Masala (Ushna, kindles Agni, aids digestion); Salt (Ushna, enhances taste, balances electrolytes)"
Mutton Chukka,Tamil Nadu (Kongu Nadu),Non-Veg,Non-Veg,Dry roasted spicy mutton fry,Mutton,1 cup (~200g),380,26,6,28,,,,,,,,"Mutton, Salt, Oil, Mixed Spices","Mutton (Guru, Ushna, heavy and warming); Salt (Ushna, enhances taste, balances electrolytes); Oil (Snigdha, unctuous, balances Vata); Mixed Spices (Ushna, kindles Agni, aids digestion)"
Naatu Kozhi Chukka,Tamil Nadu (General),Non-Veg,Non-Veg,Dry roasted spicy country chicken fry,Chicken,1 cup (~200g),320,26,6,22,,,,,,,,"Chicken, Salt, Oil, Mixed Spices","Chicken (Guru, Ushna, builds strength); Salt (Ushna, enhances taste, balances electrolytes); Oil (Snigdha, unctuous, balances Vata); Mixed Spices (Ushna, kindles Agni, aids digestion)"
Nandu Kuzhambu (Crab Curry),Tamil Nadu (Chettinad),Non-Veg,Non-Veg,"Spicy crab curry, coastal specialty",Crab,1 cup (~200g),280,20,8,18,,,,,,,,"Crab, Salt, Oil, Mixed Spices","Crab (Guru, Ushna, nourishing, best fresh); Salt (Ushna, enhances taste, balances electrolytes); Oil (Snigdha, unctuous, balances Vata); Mixed Spices (Ushna, kindles Agni, aids digestion)"
Nannari Sarbath,Tamil Nadu (Madurai),Beverage,Veg,Sarsaparilla root sweet cooling drink,Sarsaparilla (Nannari),1 glass (~250ml),130,0,32,0,,,,,,,,"Sarsaparilla (Nannari), Water, Sugar, Ice","Sarsaparilla (Nannari) (Balances doshas when eaten fresh and in moderation); Water (Balances doshas when eaten fresh and in moderation); Sugar (Guru, Madhura, builds Ojas but heavy for Kapha); Ice (Balances doshas when eaten fresh and in moderation)"
Nattukozhi Kuzhambu,Tamil Nadu (General),Non-Veg,Non-Veg,Country chicken cooked in spicy gravy,Chicken,1 cup (~200g),320,22,8,22,,,,,,,,"Chicken, Salt, Oil, Mixed Spices","Chicken (Guru, Ushna, builds strength); Salt (Ushna, enhances taste, balances electrolytes); Oil (Snigdha, unctuous, balances Vata); Mixed Spices (Ushna, kindles Agni, aids digestion)"
Neer Mor (Spiced Buttermilk),Tamil Nadu (General),Beverage,Veg,Spiced diluted yogurt drink with curry leaves,"Curd/Yogurt, Curry Leaves",1 glass (~250ml),50,2,4,2,,,,,,,,"Curd/Yogurt, Curry Leaves, Water, Sugar, Ice","Curd/Yogurt (Amla, Guru, sour and cooling in moderation); Curry Leaves (Ushna, enhances Agni); Water (Balances doshas when eaten fresh and in moderation); Sugar (Guru, Madhura, builds Ojas but heavy for Kapha); Ice (Balances doshas when eaten fresh and in moderation)"
Nei Chor (Ghee Rice),Tamil Nadu (Kongu Nadu),Rice Dish,Veg,Fragrant ghee rice with whole spices,"Rice, Ghee",1 cup (~200g),320,6,44,13,,,,,,,,"Rice, Ghee, Oil/Ghee, Whole Spices, Salt","Rice (Laghu, easy to digest, balances Kapha); Ghee (Snigdha, unctuous, balances Vata and nourishes tissues); Oil/Ghee (Snigdha, unctuous, balances Vata and nourishes tissues); Whole Spices (Ushna, kindles Agni, aids digestion); Salt (Ushna, enhances taste, balances electrolytes)"
Nethili Meen Varuvel,Tamil Nadu (General (Coastal TN)),Non-Veg,Non-Veg,Crisp fried anchovies with spices,Anchovy (Nethili Fish),1 cup (~150g),240,20,8,15,,,,,,,,"Anchovy (Nethili Fish), Salt, Oil, Mixed Spices","Anchovy (Nethili Fish) (Guru, Ushna, nourishing, best fresh); Salt (Ushna, enhances taste, balances electrolytes); Oil (Snigdha, unctuous, balances Vata); Mixed Spices (Ushna, kindles Agni, aids digestion)"
Paal Kova,Tamil Nadu (Kumbakonam),Sweet,Veg,Thickened milk fudge sweet,Milk,2 pcs (~50g),190,5,20,10,,,,,,,,"Milk, Sugar, Ghee, Milk/Khoya, Cardamom","Milk (Guru, Shita, cooling and building, balances Pitta); Sugar (Guru, Madhura, builds Ojas but heavy for Kapha); Ghee (Snigdha, unctuous, balances Vata and nourishes tissues); Milk/Khoya (Guru, Shita, cooling and building, balances Pitta); Cardamom (Ushna, aromatic, soothes digestion)"
Paal Payasam,Tamil Nadu (General),Sweet,Veg,Rice-milk sweet pudding,"Rice, Milk",1 cup (~150g),250,6,36,9,,,,,,,,"Rice, Milk, Sugar, Ghee, Milk/Khoya, Cardamom","Rice (Laghu, easy to digest, balances Kapha); Milk (Guru, Shita, cooling and building, balances Pitta); Sugar (Guru, Madhura, builds Ojas but heavy for Kapha); Ghee (Snigdha, unctuous, balances Vata and nourishes tissues); Milk/Khoya (Guru, Shita, cooling and building, balances Pitta); Cardamom (Ushna, aromatic, soothes digestion)"
Panagam,Tamil Nadu (General),Beverage,Veg,Jaggery-lemon-cardamom cooling drink,"Lemon, Jaggery",1 glass (~200ml),110,0.2,28,0,,,,,,,,"Lemon, Jaggery, Water, Sugar, Ice","Lemon (Amla, alkalising, stimulates Agni); Jaggery (Ushna, warming sweetness, aids digestion); Water (Balances doshas when eaten fresh and in moderation); Sugar (Guru, Madhura, builds Ojas but heavy for Kapha); Ice (Balances doshas when eaten fresh and in moderation)"
Paruppu Podi,Tamil Nadu (General),Side/Condiment,Veg,Roasted lentil-chili dry spice powder,Chili,1 tbsp (~10g),55,3,4,3,,,,,,,,"Chili, Salt, Pepper, Oil/Butter","Chili (Balances doshas when eaten fresh and in moderation); Salt (Ushna, enhances taste, balances electrolytes); Pepper (Ushna, heating, clears Kapha); Oil/Butter (Snigdha, unctuous, balances Vata)"
Paruppu Thogayal,Tamil Nadu (General),Chutney/Side,Veg,Thick roasted lentil-tamarind chutney,Tamarind,1/4 cup (~60g),110,5,10,6,,,,,,,,"Tamarind, Green Chilli, Salt, Spices, Oil (tempering)","Tamarind (Amla, stimulates Agni); Green Chilli (Ushna, use sparingly for Pitta); Salt (Ushna, enhances taste, balances electrolytes); Spices (Balances doshas when eaten fresh and in moderation); Oil (tempering) (Snigdha, unctuous, balances Vata)"
Paruppu Urundai Kuzhambu,Tamil Nadu (Kongu Nadu),Curry,Veg,Steamed lentil dumplings in tangy tamarind gravy,Tamarind,1 cup (~200g),210,10,24,7,,,,,,,,"Tamarind, Onion, Tomato, Ginger-Garlic Paste, Oil/Ghee, Turmeric, Red Chilli Powder, Garam Masala, Salt","Tamarind (Amla, stimulates Agni); Onion (Ushna, stimulates Agni, balances Kapha and Vata); Tomato (Amla, sour, stimulates digestion, use sparingly for Pitta); Ginger-Garlic Paste (Ushna, kindles Agni, aids digestion); Oil/Ghee (Snigdha, unctuous, balances Vata and nourishes tissues); Turmeric (Ushna, anti-inflammatory, purifies blood); Red Chilli Powder (Ushna, heating, use sparingly for Pitta); Garam Masala (Ushna, kindles Agni, aids digestion); Salt (Ushna, enhances taste, balances electrolytes)"
Pidi Kozhukattai,Tamil Nadu (General),Snack,Veg,Rice flour dumplings simmered in spiced coconut gravy,"Rice, Coconut",1 cup (~150g),200,5,32,6,,,,,,,,"Rice, Coconut, Salt, Oil, Mixed Spices","Rice (Laghu, easy to digest, balances Kapha); Coconut (Shita, cooling, pacifies Pitta); Salt (Ushna, enhances taste, balances electrolytes); Oil (Snigdha, unctuous, balances Vata); Mixed Spices (Ushna, kindles Agni, aids digestion)"
Pirandai Chutney,Tamil Nadu (Kongu Nadu),Chutney,Veg,"Veldt grape (pirandai) tangy chutney, digestive",Grape,1/4 cup (~50g),60,1,6,3,,,,,,,,"Grape, Green Chilli, Salt, Spices, Oil (tempering)","Grape (Balances doshas when eaten fresh and in moderation); Green Chilli (Ushna, use sparingly for Pitta); Salt (Ushna, enhances taste, balances electrolytes); Spices (Balances doshas when eaten fresh and in moderation); Oil (tempering) (Snigdha, unctuous, balances Vata)"
Pongal (Ven Pongal),Tamil Nadu (General),Breakfast/Tiffin,Veg,Rice-moong dal savory porridge with ghee & pepper,"Rice, Moong Dal, Ghee",1 cup (~200g),260,7,36,9,,,,,,,,"Rice, Moong Dal, Ghee, Salt, Oil, Mixed Spices","Rice (Laghu, easy to digest, balances Kapha); Moong Dal (Laghu, protein-rich, balances Kapha); Ghee (Snigdha, unctuous, balances Vata and nourishes tissues); Salt (Ushna, enhances taste, balances electrolytes); Oil (Snigdha, unctuous, balances Vata); Mixed Spices (Ushna, kindles Agni, aids digestion)"
Poondu Kuzhambu,Tamil Nadu (General),Curry,Veg,Garlic-heavy tangy tamarind curry,"Garlic, Tamarind",1 cup (~200g),150,3,16,8,,,,,,,,"Garlic, Tamarind, Onion, Tomato, Ginger-Garlic Paste, Oil/Ghee, Turmeric, Red Chilli Powder, Garam Masala, Salt","Garlic (Ushna, heating, balances Vata and Kapha); Tamarind (Amla, stimulates Agni); Onion (Ushna, stimulates Agni, balances Kapha and Vata); Tomato (Amla, sour, stimulates digestion, use sparingly for Pitta); Ginger-Garlic Paste (Ushna, kindles Agni, aids digestion); Oil/Ghee (Snigdha, unctuous, balances Vata and nourishes tissues); Turmeric (Ushna, anti-inflammatory, purifies blood); Red Chilli Powder (Ushna, heating, use sparingly for Pitta); Garam Masala (Ushna, kindles Agni, aids digestion); Salt (Ushna, enhances taste, balances electrolytes)"
Poondu Rasam,Tamil Nadu (General),Curry/Soup,Veg,Garlic-infused tangy tamarind soup,"Garlic, Tamarind",1 cup (~200g),85,3,12,3,,,,,,,,"Garlic, Tamarind, Onion, Tomato, Ginger-Garlic Paste, Oil/Ghee, Turmeric, Red Chilli Powder, Garam Masala, Salt, Stock/Water, Pepper, Butter/Oil","Garlic (Ushna, heating, balances Vata and Kapha); Tamarind (Amla, stimulates Agni); Onion (Ushna, stimulates Agni, balances Kapha and Vata); Tomato (Amla, sour, stimulates digestion, use sparingly for Pitta); Ginger-Garlic Paste (Ushna, kindles Agni, aids digestion); Oil/Ghee (Snigdha, unctuous, balances Vata and nourishes tissues); Turmeric (Ushna, anti-inflammatory, purifies blood); Red Chilli Powder (Ushna, heating, use sparingly for Pitta); Garam Masala (Ushna, kindles Agni, aids digestion); Salt (Ushna, enhances taste, balances electrolytes); Stock/Water (Guru, Ushna, deeply nourishing); Pepper (Ushna, heating, clears Kapha); Butter/Oil (Snigdha, unctuous, balances Vata)"
Poricha Kuzhambu,Tamil Nadu (General),Curry,Veg,Mild lentil-vegetable curry with roasted coconut,Coconut,1 cup (~200g),170,7,20,6,,,,,,,,"Coconut, Onion, Tomato, Ginger-Garlic Paste, Oil/Ghee, Turmeric, Red Chilli Powder, Garam Masala, Salt","Coconut (Shita, cooling, pacifies Pitta); Onion (Ushna, stimulates Agni, balances Kapha and Vata); Tomato (Amla, sour, stimulates digestion, use sparingly for Pitta); Ginger-Garlic Paste (Ushna, kindles Agni, aids digestion); Oil/Ghee (Snigdha, unctuous, balances Vata and nourishes tissues); Turmeric (Ushna, anti-inflammatory, purifies blood); Red Chilli Powder (Ushna, heating, use sparingly for Pitta); Garam Masala (Ushna, kindles Agni, aids digestion); Salt (Ushna, enhances taste, balances electrolytes)"
Puliyodarai (Tamarind Rice),Tamil Nadu (General),Rice Dish,Veg,Tangy tamarind spiced rice,"Rice, Tamarind",1 cup (~200g),280,5,45,9,,,,,,,,"Rice, Tamarind, Oil/Ghee, Whole Spices, Salt","Rice (Laghu, easy to digest, balances Kapha); Tamarind (Amla, stimulates Agni); Oil/Ghee (Snigdha, unctuous, balances Vata and nourishes tissues); Whole Spices (Ushna, kindles Agni, aids digestion); Salt (Ushna, enhances taste, balances electrolytes)"
Rava Dosai,Tamil Nadu (General),Breakfast/Tiffin,Veg,Crisp semolina-rice flour crepe,"Rice, Semolina, Beans",1 piece (~100g),180,4,28,6,,,,,,,,"Rice, Semolina, Beans, Salt, Oil, Mixed Spices","Rice (Laghu, easy to digest, balances Kapha); Semolina (Balances doshas when eaten fresh and in moderation); Beans (Balances doshas when eaten fresh and in moderation); Salt (Ushna, enhances taste, balances electrolytes); Oil (Snigdha, unctuous, balances Vata); Mixed Spices (Ushna, kindles Agni, aids digestion)"
Rava Upma,Tamil Nadu (General),Breakfast/Tiffin,Veg,Semolina upma with vegetables & tempering,"Semolina, Beans",1 cup (~150g),220,5,30,9,,,,,,,,"Semolina, Beans, Salt, Oil, Mixed Spices","Semolina (Balances doshas when eaten fresh and in moderation); Beans (Balances doshas when eaten fresh and in moderation); Salt (Ushna, enhances taste, balances electrolytes); Oil (Snigdha, unctuous, balances Vata); Mixed Spices (Ushna, kindles Agni, aids digestion)"
Ribbon Pakoda,Tamil Nadu (General),Snack,Veg,Crisp deep-fried ribbon-shaped gram flour snack,Gram Flour (Besan),50g,260,5,28,15,,,,,,,,"Gram Flour (Besan), Salt, Oil, Mixed Spices","Gram Flour (Besan) (Laghu, light, balances Kapha); Salt (Ushna, enhances taste, balances electrolytes); Oil (Snigdha, unctuous, balances Vata); Mixed Spices (Ushna, kindles Agni, aids digestion)"
Sambar,Tamil Nadu (General),Curry,Veg,Lentil-vegetable tangy stew,"Lentils, Mixed Vegetables",1 cup (~200g),150,7,20,4,,,,,,,,"Lentils, Mixed Vegetables, Onion, Tomato, Ginger-Garlic Paste, Oil/Ghee, Turmeric, Red Chilli Powder, Garam Masala, Salt","Lentils (Laghu, protein-rich, balances Kapha); Mixed Vegetables (Balances doshas when eaten fresh and in moderation); Onion (Ushna, stimulates Agni, balances Kapha and Vata); Tomato (Amla, sour, stimulates digestion, use sparingly for Pitta); Ginger-Garlic Paste (Ushna, kindles Agni, aids digestion); Oil/Ghee (Snigdha, unctuous, balances Vata and nourishes tissues); Turmeric (Ushna, anti-inflammatory, purifies blood); Red Chilli Powder (Ushna, heating, use sparingly for Pitta); Garam Masala (Ushna, kindles Agni, aids digestion); Salt (Ushna, enhances taste, balances electrolytes)"
Sambar Sadam,Tamil Nadu (General),Rice Dish,Veg,Rice cooked with sambar & vegetables,Rice,1 cup (~220g),260,8,40,7,,,,,,,,"Rice, Oil/Ghee, Whole Spices, Salt","Rice (Laghu, easy to digest, balances Kapha); Oil/Ghee (Snigdha, unctuous, balances Vata and nourishes tissues); Whole Spices (Ushna, kindles Agni, aids digestion); Salt (Ushna, enhances taste, balances electrolytes)"
Seedai,Tamil Nadu (General),Snack,Veg,"Deep-fried tiny rice flour-urad dal balls, festive","Rice, Urad Dal",20 pcs (~60g),260,4,28,14,,,,,,,,"Rice, Urad Dal, Salt, Oil, Mixed Spices","Rice (Laghu, easy to digest, balances Kapha); Urad Dal (Laghu, protein-rich, balances Kapha); Salt (Ushna, enhances taste, balances electrolytes); Oil (Snigdha, unctuous, balances Vata); Mixed Spices (Ushna, kindles Agni, aids digestion)"
Semiya Payasam,Tamil Nadu (General),Sweet,Veg,Vermicelli milk sweet pudding,"Beans, Milk, Vermicelli",1 cup (~150g),250,5,36,9,,,,,,,,"Beans, Milk, Vermicelli, Sugar, Ghee, Milk/Khoya, Cardamom","Beans (Balances doshas when eaten fresh and in moderation); Milk (Guru, Shita, cooling and building, balances Pitta); Vermicelli (Balances doshas when eaten fresh and in moderation); Sugar (Guru, Madhura, builds Ojas but heavy for Kapha); Ghee (Snigdha, unctuous, balances Vata and nourishes tissues); Milk/Khoya (Guru, Shita, cooling and building, balances Pitta); Cardamom (Ushna, aromatic, soothes digestion)"
Sevai (Rice Noodles),Tamil Nadu (General),Breakfast/Tiffin,Veg,Steamed rice noodles tossed with tempering,Rice,1 cup (~150g),220,4,42,4,,,,,,,,"Rice, Salt, Oil, Mixed Spices","Rice (Laghu, easy to digest, balances Kapha); Salt (Ushna, enhances taste, balances electrolytes); Oil (Snigdha, unctuous, balances Vata); Mixed Spices (Ushna, kindles Agni, aids digestion)"
Sukku Kaapi,Tamil Nadu (General),Beverage,Veg,Dry ginger-pepper spiced coffee/decoction,"Ginger, Coffee",1 cup (~150ml),50,0.5,10,0.5,,,,,,,,"Ginger, Coffee, Water, Sugar, Ice","Ginger (Ushna, kindles Agni, aids digestion); Coffee (Balances doshas when eaten fresh and in moderation); Water (Balances doshas when eaten fresh and in moderation); Sugar (Guru, Madhura, builds Ojas but heavy for Kapha); Ice (Balances doshas when eaten fresh and in moderation)"
Sundakkai Vathal Kuzhambu,Tamil Nadu (General),Curry,Veg,Sun-dried turkey berry tangy tamarind curry,Tamarind,1 cup (~200g),140,3,16,7,,,,,,,,"Tamarind, Onion, Tomato, Ginger-Garlic Paste, Oil/Ghee, Turmeric, Red Chilli Powder, Garam Masala, Salt","Tamarind (Amla, stimulates Agni); Onion (Ushna, stimulates Agni, balances Kapha and Vata); Tomato (Amla, sour, stimulates digestion, use sparingly for Pitta); Ginger-Garlic Paste (Ushna, kindles Agni, aids digestion); Oil/Ghee (Snigdha, unctuous, balances Vata and nourishes tissues); Turmeric (Ushna, anti-inflammatory, purifies blood); Red Chilli Powder (Ushna, heating, use sparingly for Pitta); Garam Masala (Ushna, kindles Agni, aids digestion); Salt (Ushna, enhances taste, balances electrolytes)"
Sundal,Tamil Nadu (General),Snack,Veg,Boiled chickpea/legume tempered with coconut,Coconut,1 cup (~150g),180,9,26,4,,,,,,,,"Coconut, Salt, Oil, Mixed Spices","Coconut (Shita, cooling, pacifies Pitta); Salt (Ushna, enhances taste, balances electrolytes); Oil (Snigdha, unctuous, balances Vata); Mixed Spices (Ushna, kindles Agni, aids digestion)"
Sweet Kozhukattai,Tamil Nadu (General),Sweet,Veg,Steamed rice dumpling with coconut-jaggery filling,"Rice, Coconut, Jaggery",2 pcs (~80g),190,3,34,5,,,,,,,,"Rice, Coconut, Jaggery, Sugar, Ghee, Milk/Khoya, Cardamom","Rice (Laghu, easy to digest, balances Kapha); Coconut (Shita, cooling, pacifies Pitta); Jaggery (Ushna, warming sweetness, aids digestion); Sugar (Guru, Madhura, builds Ojas but heavy for Kapha); Ghee (Snigdha, unctuous, balances Vata and nourishes tissues); Milk/Khoya (Guru, Shita, cooling and building, balances Pitta); Cardamom (Ushna, aromatic, soothes digestion)"
Sweet Paniyaram,Tamil Nadu (General),Sweet/Snack,Veg,"Sweetened fermented batter dumplings, pan-fried",Rice & Urad Dal,6 pcs (~120g),240,4,38,8,,,,,,,,"Rice, Urad Dal, Sugar, Ghee, Milk/Khoya, Cardamom","Rice (Laghu, easy to digest, balances Kapha); Urad Dal (Laghu, protein-rich, balances Kapha); Sugar (Guru, Madhura, builds Ojas but heavy for Kapha); Ghee (Snigdha, unctuous, balances Vata and nourishes tissues); Milk/Khoya (Guru, Shita, cooling and building, balances Pitta); Cardamom (Ushna, aromatic, soothes digestion)"
Sweet Pongal (Sakkarai Pongal),Tamil Nadu (General),Sweet,Veg,Rice-jaggery-moong dal sweet pudding with ghee,"Rice, Moong Dal, Ghee, Jaggery",1 cup (~180g),320,6,50,11,,,,,,,,"Rice, Moong Dal, Ghee, Jaggery, Sugar, Milk/Khoya, Cardamom","Rice (Laghu, easy to digest, balances Kapha); Moong Dal (Laghu, protein-rich, balances Kapha); Ghee (Snigdha, unctuous, balances Vata and nourishes tissues); Jaggery (Ushna, warming sweetness, aids digestion); Sugar (Guru, Madhura, builds Ojas but heavy for Kapha); Milk/Khoya (Guru, Shita, cooling and building, balances Pitta); Cardamom (Ushna, aromatic, soothes digestion)"
Thakkali Thokku,Tamil Nadu (General),Chutney/Pickle,Veg,Thick tangy tomato relish,Tomato,2 tbsp (~40g),70,1,9,4,,,,,,,,"Tomato, Green Chilli, Salt, Spices, Oil (tempering), Oil, Mustard Seeds, Turmeric, Red Chilli Powder","Tomato (Amla, sour, stimulates digestion, use sparingly for Pitta); Green Chilli (Ushna, use sparingly for Pitta); Salt (Ushna, enhances taste, balances electrolytes); Spices (Balances doshas when eaten fresh and in moderation); Oil (tempering) (Snigdha, unctuous, balances Vata); Oil (Snigdha, unctuous, balances Vata); Mustard Seeds (Ushna, stimulates digestion); Turmeric (Ushna, anti-inflammatory, purifies blood); Red Chilli Powder (Ushna, heating, use sparingly for Pitta)"
Thattai,Tamil Nadu (General),Snack,Veg,Crisp fried spiced rice flour discs,Rice,3 pcs (~60g),270,4,30,15,,,,,,,,"Rice, Salt, Oil, Mixed Spices","Rice (Laghu, easy to digest, balances Kapha); Salt (Ushna, enhances taste, balances electrolytes); Oil (Snigdha, unctuous, balances Vata); Mixed Spices (Ushna, kindles Agni, aids digestion)"
Thengai Sadam (Coconut Rice),Tamil Nadu (General),Rice Dish,Veg,Rice tempered with fresh coconut & lentils,"Rice, Coconut",1 cup (~200g),290,5,42,12,,,,,,,,"Rice, Coconut, Oil/Ghee, Whole Spices, Salt","Rice (Laghu, easy to digest, balances Kapha); Coconut (Shita, cooling, pacifies Pitta); Oil/Ghee (Snigdha, unctuous, balances Vata and nourishes tissues); Whole Spices (Ushna, kindles Agni, aids digestion); Salt (Ushna, enhances taste, balances electrolytes)"
Tirunelveli Halwa,Tamil Nadu (Tirunelveli),Sweet,Veg,Glossy wheat-ghee-sugar halwa,"Wheat Flour, Ghee, Sugar",2 pcs (~50g),230,2,32,11,,,,,,,,"Wheat Flour, Ghee, Sugar, Milk/Khoya, Cardamom","Wheat Flour (Guru, nourishing, grounds Vata); Ghee (Snigdha, unctuous, balances Vata and nourishes tissues); Sugar (Guru, Madhura, builds Ojas but heavy for Kapha); Milk/Khoya (Guru, Shita, cooling and building, balances Pitta); Cardamom (Ushna, aromatic, soothes digestion)"
Tomato Rasam,Tamil Nadu (General),Curry/Soup,Veg,Thin tangy tomato-pepper soup,Tomato,1 cup (~200g),80,3,11,2,,,,,,,,"Tomato, Onion, Ginger-Garlic Paste, Oil/Ghee, Turmeric, Red Chilli Powder, Garam Masala, Salt, Stock/Water, Pepper, Butter/Oil","Tomato (Amla, sour, stimulates digestion, use sparingly for Pitta); Onion (Ushna, stimulates Agni, balances Kapha and Vata); Ginger-Garlic Paste (Ushna, kindles Agni, aids digestion); Oil/Ghee (Snigdha, unctuous, balances Vata and nourishes tissues); Turmeric (Ushna, anti-inflammatory, purifies blood); Red Chilli Powder (Ushna, heating, use sparingly for Pitta); Garam Masala (Ushna, kindles Agni, aids digestion); Salt (Ushna, enhances taste, balances electrolytes); Stock/Water (Guru, Ushna, deeply nourishing); Pepper (Ushna, heating, clears Kapha); Butter/Oil (Snigdha, unctuous, balances Vata)"
Ulundu Kanji,Tamil Nadu (Kongu Nadu),Breakfast/Tiffin,Veg,Black gram-rice savory porridge,Rice,1 bowl (~250g),200,8,30,5,,,,,,,,"Rice, Salt, Oil, Mixed Spices","Rice (Laghu, easy to digest, balances Kapha); Salt (Ushna, enhances taste, balances electrolytes); Oil (Snigdha, unctuous, balances Vata); Mixed Spices (Ushna, kindles Agni, aids digestion)"
Uttapam,Tamil Nadu (General),Breakfast/Tiffin,Veg,Thick savory rice-lentil pancake with toppings,Rice,1 piece (~150g),210,6,32,6,,,,,,,,"Rice, Salt, Oil, Mixed Spices","Rice (Laghu, easy to digest, balances Kapha); Salt (Ushna, enhances taste, balances electrolytes); Oil (Snigdha, unctuous, balances Vata); Mixed Spices (Ushna, kindles Agni, aids digestion)"
Vatha Kuzhambu,Tamil Nadu (General),Curry,Veg,Sun-dried vegetable tamarind gravy,Tamarind,1 cup (~200g),140,3,16,7,,,,,,,,"Tamarind, Onion, Tomato, Ginger-Garlic Paste, Oil/Ghee, Turmeric, Red Chilli Powder, Garam Masala, Salt","Tamarind (Amla, stimulates Agni); Onion (Ushna, stimulates Agni, balances Kapha and Vata); Tomato (Amla, sour, stimulates digestion, use sparingly for Pitta); Ginger-Garlic Paste (Ushna, kindles Agni, aids digestion); Oil/Ghee (Snigdha, unctuous, balances Vata and nourishes tissues); Turmeric (Ushna, anti-inflammatory, purifies blood); Red Chilli Powder (Ushna, heating, use sparingly for Pitta); Garam Masala (Ushna, kindles Agni, aids digestion); Salt (Ushna, enhances taste, balances electrolytes)"
Vazhaipoo Vadai,Tamil Nadu (Kongu Nadu),Snack,Veg,Banana flower & chana dal fritters,"Chickpeas, Banana",2 pcs (~90g),220,7,22,12,,,,,,,,"Chickpeas, Banana, Salt, Oil, Mixed Spices","Chickpeas (Laghu, grounding, aids digestion); Banana (Guru, Shita, grounding); Salt (Ushna, enhances taste, balances electrolytes); Oil (Snigdha, unctuous, balances Vata); Mixed Spices (Ushna, kindles Agni, aids digestion)"
Verkadalai Chutney,Tamil Nadu (General),Chutney,Veg,Roasted peanut chutney with chili & tamarind,"Peanut, Chili, Tamarind",1/4 cup (~50g),120,4,8,9,,,,,,,,"Peanut, Chili, Tamarind, Green Chilli, Salt, Spices, Oil (tempering)","Peanut (Guru, Ushna, energy dense); Chili (Balances doshas when eaten fresh and in moderation); Tamarind (Amla, stimulates Agni); Green Chilli (Ushna, use sparingly for Pitta); Salt (Ushna, enhances taste, balances electrolytes); Spices (Balances doshas when eaten fresh and in moderation); Oil (tempering) (Snigdha, unctuous, balances Vata)"
Verkadalai Urundai,Tamil Nadu (General),Sweet,Veg,Peanut-jaggery rolled sweet balls,"Jaggery, Peanut",2 pcs (~40g),190,5,18,11,,,,,,,,"Jaggery, Peanut, Sugar, Ghee, Milk/Khoya, Cardamom","Jaggery (Ushna, warming sweetness, aids digestion); Peanut (Guru, Ushna, energy dense); Sugar (Guru, Madhura, builds Ojas but heavy for Kapha); Ghee (Snigdha, unctuous, balances Vata and nourishes tissues); Milk/Khoya (Guru, Shita, cooling and building, balances Pitta); Cardamom (Ushna, aromatic, soothes digestion)"
Yera Thokku (Prawn Masala),Tamil Nadu (Chettinad),Non-Veg,Non-Veg,Thick spicy prawn masala,Prawn,1 cup (~180g),260,20,8,17,,,,,,,,"Prawn, Salt, Oil, Mixed Spices","Prawn (Balances doshas when eaten fresh and in moderation); Salt (Ushna, enhances taste, balances electrolytes); Oil (Snigdha, unctuous, balances Vata); Mixed Spices (Ushna, kindles Agni, aids digestion)"
Achappam (Rose Cookies),Kerala (General),Sweet/Snack,Egg (Ovo-Veg),Crisp deep-fried flower-shaped rice-egg cookie,"Rice, Egg",3 pcs (~50g),250,3,28,14,,,,,,,,"Rice, Egg, Sugar, Ghee, Milk/Khoya, Cardamom","Rice (Laghu, easy to digest, balances Kapha); Egg (Guru, Ushna, builds strength, use moderately for Pitta); Sugar (Guru, Madhura, builds Ojas but heavy for Kapha); Ghee (Snigdha, unctuous, balances Vata and nourishes tissues); Milk/Khoya (Guru, Shita, cooling and building, balances Pitta); Cardamom (Ushna, aromatic, soothes digestion)"
Ada Pradhaman,Kerala (Travancore),Sweet,Veg,Rice flakes-jaggery-coconut milk payasam,"Rice, Coconut, Milk, Jaggery",1 cup (~150g),290,3,40,14,,,,,,,,"Rice, Coconut, Milk, Jaggery, Sugar, Ghee, Milk/Khoya, Cardamom","Rice (Laghu, easy to digest, balances Kapha); Coconut (Shita, cooling, pacifies Pitta); Milk (Guru, Shita, cooling and building, balances Pitta); Jaggery (Ushna, warming sweetness, aids digestion); Sugar (Guru, Madhura, builds Ojas but heavy for Kapha); Ghee (Snigdha, unctuous, balances Vata and nourishes tissues); Milk/Khoya (Guru, Shita, cooling and building, balances Pitta); Cardamom (Ushna, aromatic, soothes digestion)"
Appam,Kerala (General),Breakfast/Tiffin,Veg,Fermented rice-coconut bowl-shaped crepe,"Rice, Coconut",2 pcs (~120g),220,3,38,6,,,,,,,,"Rice, Coconut, Salt, Oil, Mixed Spices","Rice (Laghu, easy to digest, balances Kapha); Coconut (Shita, cooling, pacifies Pitta); Salt (Ushna, enhances taste, balances electrolytes); Oil (Snigdha, unctuous, balances Vata); Mixed Spices (Ushna, kindles Agni, aids digestion)"
Avial,Kerala (General),Curry,Veg,Mixed vegetables in coconut-yogurt curry,"Coconut, Curd/Yogurt",1 cup (~200g),180,5,18,10,,,,,,,,"Coconut, Curd/Yogurt, Onion, Tomato, Ginger-Garlic Paste, Oil/Ghee, Turmeric, Red Chilli Powder, Garam Masala, Salt","Coconut (Shita, cooling, pacifies Pitta); Curd/Yogurt (Amla, Guru, sour and cooling in moderation); Onion (Ushna, stimulates Agni, balances Kapha and Vata); Tomato (Amla, sour, stimulates digestion, use sparingly for Pitta); Ginger-Garlic Paste (Ushna, kindles Agni, aids digestion); Oil/Ghee (Snigdha, unctuous, balances Vata and nourishes tissues); Turmeric (Ushna, anti-inflammatory, purifies blood); Red Chilli Powder (Ushna, heating, use sparingly for Pitta); Garam Masala (Ushna, kindles Agni, aids digestion); Salt (Ushna, enhances taste, balances electrolytes)"
Banana Chips,Kerala (Central Kerala),Snack,Veg,Deep-fried coconut oil banana slices,"Banana, Coconut",1 cup (~50g),270,1,32,15,,,,,,,,"Banana, Coconut, Salt, Oil, Mixed Spices","Banana (Guru, Shita, grounding); Coconut (Shita, cooling, pacifies Pitta); Salt (Ushna, enhances taste, balances electrolytes); Oil (Snigdha, unctuous, balances Vata); Mixed Spices (Ushna, kindles Agni, aids digestion)"
Beef Ularthiyathu,Kerala (Central Kerala),Non-Veg,Non-Veg,Dry roasted spicy beef fry with coconut slivers,"Coconut, Beef",1 cup (~200g),380,26,6,28,,,,,,,,"Coconut, Beef, Salt, Oil, Mixed Spices","Coconut (Shita, cooling, pacifies Pitta); Beef (Balances doshas when eaten fresh and in moderation); Salt (Ushna, enhances taste, balances electrolytes); Oil (Snigdha, unctuous, balances Vata); Mixed Spices (Ushna, kindles Agni, aids digestion)"
Chakka Pradhaman,Kerala (Travancore),Sweet,Veg,Jackfruit-jaggery-coconut milk payasam,"Jackfruit, Coconut, Milk, Jaggery",1 cup (~150g),300,4,44,13,,,,,,,,"Jackfruit, Coconut, Milk, Jaggery, Sugar, Ghee, Milk/Khoya, Cardamom","Jackfruit (Balances doshas when eaten fresh and in moderation); Coconut (Shita, cooling, pacifies Pitta); Milk (Guru, Shita, cooling and building, balances Pitta); Jaggery (Ushna, warming sweetness, aids digestion); Sugar (Guru, Madhura, builds Ojas but heavy for Kapha); Ghee (Snigdha, unctuous, balances Vata and nourishes tissues); Milk/Khoya (Guru, Shita, cooling and building, balances Pitta); Cardamom (Ushna, aromatic, soothes digestion)"
Chakka Varatti,Kerala (Central Kerala),Sweet/Side,Veg,Jackfruit-jaggery thick jam preserve,"Jackfruit, Jaggery",2 tbsp (~40g),110,0.5,26,0.3,,,,,,,,"Jackfruit, Jaggery, Sugar, Ghee, Milk/Khoya, Cardamom","Jackfruit (Balances doshas when eaten fresh and in moderation); Jaggery (Ushna, warming sweetness, aids digestion); Sugar (Guru, Madhura, builds Ojas but heavy for Kapha); Ghee (Snigdha, unctuous, balances Vata and nourishes tissues); Milk/Khoya (Guru, Shita, cooling and building, balances Pitta); Cardamom (Ushna, aromatic, soothes digestion)"
Chammanthi Podi,Kerala (General),Chutney/Side,Veg,Dry roasted coconut-chili chutney powder,"Coconut, Chili",2 tbsp (~20g),90,2,6,7,,,,,,,,"Coconut, Chili, Green Chilli, Salt, Spices, Oil (tempering)","Coconut (Shita, cooling, pacifies Pitta); Chili (Balances doshas when eaten fresh and in moderation); Green Chilli (Ushna, use sparingly for Pitta); Salt (Ushna, enhances taste, balances electrolytes); Spices (Balances doshas when eaten fresh and in moderation); Oil (tempering) (Snigdha, unctuous, balances Vata)"
Chatti Pathiri,Kerala (Malabar),Sweet/Snack,Egg (Ovo-Veg),Layered sweet-savory pastry with egg & meat/sugar filling,"Egg, Sugar",1 slice (~100g),320,10,30,18,,,,,,,,"Egg, Sugar, Ghee, Milk/Khoya, Cardamom","Egg (Guru, Ushna, builds strength, use moderately for Pitta); Sugar (Guru, Madhura, builds Ojas but heavy for Kapha); Ghee (Snigdha, unctuous, balances Vata and nourishes tissues); Milk/Khoya (Guru, Shita, cooling and building, balances Pitta); Cardamom (Ushna, aromatic, soothes digestion)"
Chemmeen Curry (Prawn Curry),Kerala (Central Kerala),Non-Veg,Non-Veg,Prawns in tangy coconut-based curry,"Coconut, Prawn",1 cup (~200g),260,18,8,18,,,,,,,,"Coconut, Prawn, Salt, Oil, Mixed Spices","Coconut (Shita, cooling, pacifies Pitta); Prawn (Balances doshas when eaten fresh and in moderation); Salt (Ushna, enhances taste, balances electrolytes); Oil (Snigdha, unctuous, balances Vata); Mixed Spices (Ushna, kindles Agni, aids digestion)"
Chemmeen Varuthathu (Prawn Roast),Kerala (Central Kerala),Non-Veg,Non-Veg,Dry roasted spicy prawn fry,Prawn,1 cup (~180g),250,22,6,16,,,,,,,,"Prawn, Salt, Oil, Mixed Spices","Prawn (Balances doshas when eaten fresh and in moderation); Salt (Ushna, enhances taste, balances electrolytes); Oil (Snigdha, unctuous, balances Vata); Mixed Spices (Ushna, kindles Agni, aids digestion)"
Chena Mezhukkupuratti,Kerala (General),Curry,Veg,Elephant foot yam dry stir-fry in coconut oil,"Yam, Coconut",1 cup (~150g),160,2,26,6,,,,,,,,"Yam, Coconut, Onion, Tomato, Ginger-Garlic Paste, Oil/Ghee, Turmeric, Red Chilli Powder, Garam Masala, Salt","Yam (Balances doshas when eaten fresh and in moderation); Coconut (Shita, cooling, pacifies Pitta); Onion (Ushna, stimulates Agni, balances Kapha and Vata); Tomato (Amla, sour, stimulates digestion, use sparingly for Pitta); Ginger-Garlic Paste (Ushna, kindles Agni, aids digestion); Oil/Ghee (Snigdha, unctuous, balances Vata and nourishes tissues); Turmeric (Ushna, anti-inflammatory, purifies blood); Red Chilli Powder (Ushna, heating, use sparingly for Pitta); Garam Masala (Ushna, kindles Agni, aids digestion); Salt (Ushna, enhances taste, balances electrolytes)"
Cherukizhangu Puzhukku,Kerala (Central Kerala),Side/Curry,Veg,Mashed small potatoes with coconut & cumin,"Coconut, Cumin",1 cup (~200g),220,4,36,7,,,,,,,,"Coconut, Cumin, Onion, Tomato, Ginger-Garlic Paste, Oil/Ghee, Turmeric, Red Chilli Powder, Garam Masala, Salt","Coconut (Shita, cooling, pacifies Pitta); Cumin (Ushna, kindles Agni, eases digestion); Onion (Ushna, stimulates Agni, balances Kapha and Vata); Tomato (Amla, sour, stimulates digestion, use sparingly for Pitta); Ginger-Garlic Paste (Ushna, kindles Agni, aids digestion); Oil/Ghee (Snigdha, unctuous, balances Vata and nourishes tissues); Turmeric (Ushna, anti-inflammatory, purifies blood); Red Chilli Powder (Ushna, heating, use sparingly for Pitta); Garam Masala (Ushna, kindles Agni, aids digestion); Salt (Ushna, enhances taste, balances electrolytes)"
Cherupayar Curry,Kerala (General),Curry,Veg,Green gram curry in coconut milk,"Coconut, Milk",1 cup (~200g),180,9,22,6,,,,,,,,"Coconut, Milk, Onion, Tomato, Ginger-Garlic Paste, Oil/Ghee, Turmeric, Red Chilli Powder, Garam Masala, Salt","Coconut (Shita, cooling, pacifies Pitta); Milk (Guru, Shita, cooling and building, balances Pitta); Onion (Ushna, stimulates Agni, balances Kapha and Vata); Tomato (Amla, sour, stimulates digestion, use sparingly for Pitta); Ginger-Garlic Paste (Ushna, kindles Agni, aids digestion); Oil/Ghee (Snigdha, unctuous, balances Vata and nourishes tissues); Turmeric (Ushna, anti-inflammatory, purifies blood); Red Chilli Powder (Ushna, heating, use sparingly for Pitta); Garam Masala (Ushna, kindles Agni, aids digestion); Salt (Ushna, enhances taste, balances electrolytes)"
Chicken Stew (Kerala style),Kerala (Central Kerala),Non-Veg,Non-Veg,Mild coconut milk chicken stew with potato,"Potato, Coconut, Milk, Chicken",1 cup (~200g),260,20,10,16,,,,,,,,"Potato, Coconut, Milk, Chicken, Salt, Oil, Mixed Spices","Potato (Guru, Vata aggravating in excess); Coconut (Shita, cooling, pacifies Pitta); Milk (Guru, Shita, cooling and building, balances Pitta); Chicken (Guru, Ushna, builds strength); Salt (Ushna, enhances taste, balances electrolytes); Oil (Snigdha, unctuous, balances Vata); Mixed Spices (Ushna, kindles Agni, aids digestion)"
Dosa (Kerala style),Kerala (General),Breakfast/Tiffin,Veg,Fermented rice-lentil crepe,Rice,1 piece (~100g),130,3,24,3,,,,,,,,"Rice, Salt, Oil, Mixed Spices","Rice (Laghu, easy to digest, balances Kapha); Salt (Ushna, enhances taste, balances electrolytes); Oil (Snigdha, unctuous, balances Vata); Mixed Spices (Ushna, kindles Agni, aids digestion)"
Duck Roast,Kerala (Central Kerala (Kuttanad)),Non-Veg,Non-Veg,Slow-cooked spicy roasted duck,Duck,1 cup (~200g),380,26,6,28,,,,,,,,"Duck, Salt, Oil, Mixed Spices","Duck (Guru, Ushna, nourishing, best fresh); Salt (Ushna, enhances taste, balances electrolytes); Oil (Snigdha, unctuous, balances Vata); Mixed Spices (Ushna, kindles Agni, aids digestion)"
Egg Curry (Kerala style),Kerala (General),Non-Veg,Non-Veg,Boiled eggs in coconut milk curry,"Coconut, Milk, Egg",1 cup (~200g),260,12,10,20,,,,,,,,"Coconut, Milk, Egg, Salt, Oil, Mixed Spices","Coconut (Shita, cooling, pacifies Pitta); Milk (Guru, Shita, cooling and building, balances Pitta); Egg (Guru, Ushna, builds strength, use moderately for Pitta); Salt (Ushna, enhances taste, balances electrolytes); Oil (Snigdha, unctuous, balances Vata); Mixed Spices (Ushna, kindles Agni, aids digestion)"
Ela Ada,Kerala (General),Sweet,Veg,Steamed rice-jaggery-coconut dumpling in banana leaf,"Rice, Banana, Coconut, Jaggery",2 pcs (~90g),210,3,38,6,,,,,,,,"Rice, Banana, Coconut, Jaggery, Sugar, Ghee, Milk/Khoya, Cardamom","Rice (Laghu, easy to digest, balances Kapha); Banana (Guru, Shita, grounding); Coconut (Shita, cooling, pacifies Pitta); Jaggery (Ushna, warming sweetness, aids digestion); Sugar (Guru, Madhura, builds Ojas but heavy for Kapha); Ghee (Snigdha, unctuous, balances Vata and nourishes tissues); Milk/Khoya (Guru, Shita, cooling and building, balances Pitta); Cardamom (Ushna, aromatic, soothes digestion)"
Elaneer Pudding,Kerala (Central Kerala),Sweet,Veg,Tender coconut water-flesh set pudding,Coconut,1 cup (~150g),180,4,20,9,,,,,,,,"Coconut, Sugar, Ghee, Milk/Khoya, Cardamom","Coconut (Shita, cooling, pacifies Pitta); Sugar (Guru, Madhura, builds Ojas but heavy for Kapha); Ghee (Snigdha, unctuous, balances Vata and nourishes tissues); Milk/Khoya (Guru, Shita, cooling and building, balances Pitta); Cardamom (Ushna, aromatic, soothes digestion)"
Erissery,Kerala (General),Curry,Veg,Pumpkin-lentil curry with coconut & cumin,"Pumpkin, Coconut, Cumin",1 cup (~200g),180,7,24,6,,,,,,,,"Pumpkin, Coconut, Cumin, Onion, Tomato, Ginger-Garlic Paste, Oil/Ghee, Turmeric, Red Chilli Powder, Garam Masala, Salt","Pumpkin (Balances doshas when eaten fresh and in moderation); Coconut (Shita, cooling, pacifies Pitta); Cumin (Ushna, kindles Agni, eases digestion); Onion (Ushna, stimulates Agni, balances Kapha and Vata); Tomato (Amla, sour, stimulates digestion, use sparingly for Pitta); Ginger-Garlic Paste (Ushna, kindles Agni, aids digestion); Oil/Ghee (Snigdha, unctuous, balances Vata and nourishes tissues); Turmeric (Ushna, anti-inflammatory, purifies blood); Red Chilli Powder (Ushna, heating, use sparingly for Pitta); Garam Masala (Ushna, kindles Agni, aids digestion); Salt (Ushna, enhances taste, balances electrolytes)"
Fish Moilee,Kerala (General),Non-Veg,Non-Veg,Fish in mild coconut milk curry,"Coconut, Milk, Fish",1 cup (~200g),250,20,8,16,,,,,,,,"Coconut, Milk, Fish, Salt, Oil, Mixed Spices","Coconut (Shita, cooling, pacifies Pitta); Milk (Guru, Shita, cooling and building, balances Pitta); Fish (Guru, Ushna, nourishing, best fresh); Salt (Ushna, enhances taste, balances electrolytes); Oil (Snigdha, unctuous, balances Vata); Mixed Spices (Ushna, kindles Agni, aids digestion)"
Idichakka Thoran,Kerala (Central Kerala),Curry,Veg,Tender jackfruit stir-fry with coconut,"Jackfruit, Coconut",1 cup (~150g),120,4,14,6,,,,,,,,"Jackfruit, Coconut, Onion, Tomato, Ginger-Garlic Paste, Oil/Ghee, Turmeric, Red Chilli Powder, Garam Masala, Salt","Jackfruit (Balances doshas when eaten fresh and in moderation); Coconut (Shita, cooling, pacifies Pitta); Onion (Ushna, stimulates Agni, balances Kapha and Vata); Tomato (Amla, sour, stimulates digestion, use sparingly for Pitta); Ginger-Garlic Paste (Ushna, kindles Agni, aids digestion); Oil/Ghee (Snigdha, unctuous, balances Vata and nourishes tissues); Turmeric (Ushna, anti-inflammatory, purifies blood); Red Chilli Powder (Ushna, heating, use sparingly for Pitta); Garam Masala (Ushna, kindles Agni, aids digestion); Salt (Ushna, enhances taste, balances electrolytes)"
Idiyappam,Kerala (General),Breakfast/Tiffin,Veg,Steamed rice noodle nests,"Rice, Noodles",1 cup (~120g),170,3,36,1,,,,,,,,"Rice, Noodles, Salt, Oil, Mixed Spices","Rice (Laghu, easy to digest, balances Kapha); Noodles (Balances doshas when eaten fresh and in moderation); Salt (Ushna, enhances taste, balances electrolytes); Oil (Snigdha, unctuous, balances Vata); Mixed Spices (Ushna, kindles Agni, aids digestion)"
Idli (Kerala style),Kerala (General),Breakfast/Tiffin,Veg,Steamed fermented rice-lentil cake,Rice,2 pcs (~80g),80,3,16,0.5,,,,,,,,"Rice, Salt, Oil, Mixed Spices","Rice (Laghu, easy to digest, balances Kapha); Salt (Ushna, enhances taste, balances electrolytes); Oil (Snigdha, unctuous, balances Vata); Mixed Spices (Ushna, kindles Agni, aids digestion)"
Irachi Puttu,Kerala (Malabar),Breakfast/Tiffin,Non-Veg,Steamed rice flour cylinder layered with spiced minced meat,Rice,1 cup (~180g),280,14,36,8,,,,,,,,"Rice, Salt, Oil, Mixed Spices","Rice (Laghu, easy to digest, balances Kapha); Salt (Ushna, enhances taste, balances electrolytes); Oil (Snigdha, unctuous, balances Vata); Mixed Spices (Ushna, kindles Agni, aids digestion)"
Kadala Curry,Kerala (General),Curry,Veg,"Black chickpea curry, classic Puttu pairing",Black Chickpeas (Kala Chana),1 cup (~200g),220,11,28,7,,,,,,,,"Black Chickpeas (Kala Chana), Onion, Tomato, Ginger-Garlic Paste, Oil/Ghee, Turmeric, Red Chilli Powder, Garam Masala, Salt","Black Chickpeas (Kala Chana) (Laghu, grounding, aids digestion); Onion (Ushna, stimulates Agni, balances Kapha and Vata); Tomato (Amla, sour, stimulates digestion, use sparingly for Pitta); Ginger-Garlic Paste (Ushna, kindles Agni, aids digestion); Oil/Ghee (Snigdha, unctuous, balances Vata and nourishes tissues); Turmeric (Ushna, anti-inflammatory, purifies blood); Red Chilli Powder (Ushna, heating, use sparingly for Pitta); Garam Masala (Ushna, kindles Agni, aids digestion); Salt (Ushna, enhances taste, balances electrolytes)"
Kalan,Kerala (Travancore),Curry,Veg,Yogurt-yam curry with coconut,"Yam, Coconut, Curd/Yogurt",1 cup (~200g),170,6,16,9,,,,,,,,"Yam, Coconut, Curd/Yogurt, Onion, Tomato, Ginger-Garlic Paste, Oil/Ghee, Turmeric, Red Chilli Powder, Garam Masala, Salt","Yam (Balances doshas when eaten fresh and in moderation); Coconut (Shita, cooling, pacifies Pitta); Curd/Yogurt (Amla, Guru, sour and cooling in moderation); Onion (Ushna, stimulates Agni, balances Kapha and Vata); Tomato (Amla, sour, stimulates digestion, use sparingly for Pitta); Ginger-Garlic Paste (Ushna, kindles Agni, aids digestion); Oil/Ghee (Snigdha, unctuous, balances Vata and nourishes tissues); Turmeric (Ushna, anti-inflammatory, purifies blood); Red Chilli Powder (Ushna, heating, use sparingly for Pitta); Garam Masala (Ushna, kindles Agni, aids digestion); Salt (Ushna, enhances taste, balances electrolytes)"
Kalathappam,Kerala (Malabar),Sweet,Veg,Baked sweet rice-jaggery-coconut cake,"Rice, Coconut, Jaggery",1 slice (~80g),230,3,36,8,,,,,,,,"Rice, Coconut, Jaggery, Sugar, Ghee, Milk/Khoya, Cardamom","Rice (Laghu, easy to digest, balances Kapha); Coconut (Shita, cooling, pacifies Pitta); Jaggery (Ushna, warming sweetness, aids digestion); Sugar (Guru, Madhura, builds Ojas but heavy for Kapha); Ghee (Snigdha, unctuous, balances Vata and nourishes tissues); Milk/Khoya (Guru, Shita, cooling and building, balances Pitta); Cardamom (Ushna, aromatic, soothes digestion)"
Kallappam,Kerala (Travancore),Breakfast/Tiffin,Veg,Toddy/yeast-fermented rice pancake,Rice,2 pcs (~120g),230,3,40,6,,,,,,,,"Rice, Salt, Oil, Mixed Spices","Rice (Laghu, easy to digest, balances Kapha); Salt (Ushna, enhances taste, balances electrolytes); Oil (Snigdha, unctuous, balances Vata); Mixed Spices (Ushna, kindles Agni, aids digestion)"
Kallumakkaya Curry (Mussel Curry),Kerala (Malabar (Kozhikode)),Non-Veg,Non-Veg,Mussels in spicy coconut curry,Coconut,1 cup (~200g),240,18,10,15,,,,,,,,"Coconut, Salt, Oil, Mixed Spices","Coconut (Shita, cooling, pacifies Pitta); Salt (Ushna, enhances taste, balances electrolytes); Oil (Snigdha, unctuous, balances Vata); Mixed Spices (Ushna, kindles Agni, aids digestion)"
Kanji (Rice Gruel),Kerala (General),Breakfast/Staple,Veg,"Watery rice porridge, everyday staple",Rice,1 bowl (~250g),150,3,32,0.5,,,,,,,,"Rice, Oil/Ghee, Whole Spices, Salt","Rice (Laghu, easy to digest, balances Kapha); Oil/Ghee (Snigdha, unctuous, balances Vata and nourishes tissues); Whole Spices (Ushna, kindles Agni, aids digestion); Salt (Ushna, enhances taste, balances electrolytes)"
Kappa (Tapioca) Boiled,Kerala (Central Kerala),Staple,Veg,"Boiled tapioca, plain side",Tapioca,1 cup (~200g),240,2,58,0.5,,,,,,,,"Tapioca, Rice, Oil/Ghee, Whole Spices, Salt","Tapioca (Balances doshas when eaten fresh and in moderation); Rice (Laghu, easy to digest, balances Kapha); Oil/Ghee (Snigdha, unctuous, balances Vata and nourishes tissues); Whole Spices (Ushna, kindles Agni, aids digestion); Salt (Ushna, enhances taste, balances electrolytes)"
Kappa Puzhukku,Kerala (Central Kerala),Curry/Side,Veg,Mashed tapioca with coconut-cumin-chili,"Coconut, Cumin, Chili",1 cup (~200g),280,4,52,7,,,,,,,,"Coconut, Cumin, Chili, Onion, Tomato, Ginger-Garlic Paste, Oil/Ghee, Turmeric, Red Chilli Powder, Garam Masala, Salt","Coconut (Shita, cooling, pacifies Pitta); Cumin (Ushna, kindles Agni, eases digestion); Chili (Balances doshas when eaten fresh and in moderation); Onion (Ushna, stimulates Agni, balances Kapha and Vata); Tomato (Amla, sour, stimulates digestion, use sparingly for Pitta); Ginger-Garlic Paste (Ushna, kindles Agni, aids digestion); Oil/Ghee (Snigdha, unctuous, balances Vata and nourishes tissues); Turmeric (Ushna, anti-inflammatory, purifies blood); Red Chilli Powder (Ushna, heating, use sparingly for Pitta); Garam Masala (Ushna, kindles Agni, aids digestion); Salt (Ushna, enhances taste, balances electrolytes)"
Karimeen Pollichathu,Kerala (Central Kerala (Kuttanad)),Non-Veg,Non-Veg,"Pearl spot fish marinated & wrapped in banana leaf, pan-seared","Banana, Fish",1 serving (~200g),280,24,6,18,,,,,,,,"Banana, Fish, Salt, Oil, Mixed Spices","Banana (Guru, Shita, grounding); Fish (Guru, Ushna, nourishing, best fresh); Salt (Ushna, enhances taste, balances electrolytes); Oil (Snigdha, unctuous, balances Vata); Mixed Spices (Ushna, kindles Agni, aids digestion)"
Kattan Chaya,Kerala (General),Beverage,Veg,"Black tea without milk, lightly sweetened","Milk, Tea Leaves",1 cup (~150ml),40,0,10,0,,,,,,,,"Milk, Tea Leaves, Water, Sugar, Ice","Milk (Guru, Shita, cooling and building, balances Pitta); Tea Leaves (Balances doshas when eaten fresh and in moderation); Water (Balances doshas when eaten fresh and in moderation); Sugar (Guru, Madhura, builds Ojas but heavy for Kapha); Ice (Balances doshas when eaten fresh and in moderation)"
Kaya Mezhukkupuratti,Kerala (General),Curry,Veg,Raw banana dry stir-fry in coconut oil,"Banana, Coconut",1 cup (~150g),170,2,28,7,,,,,,,,"Banana, Coconut, Onion, Tomato, Ginger-Garlic Paste, Oil/Ghee, Turmeric, Red Chilli Powder, Garam Masala, Salt","Banana (Guru, Shita, grounding); Coconut (Shita, cooling, pacifies Pitta); Onion (Ushna, stimulates Agni, balances Kapha and Vata); Tomato (Amla, sour, stimulates digestion, use sparingly for Pitta); Ginger-Garlic Paste (Ushna, kindles Agni, aids digestion); Oil/Ghee (Snigdha, unctuous, balances Vata and nourishes tissues); Turmeric (Ushna, anti-inflammatory, purifies blood); Red Chilli Powder (Ushna, heating, use sparingly for Pitta); Garam Masala (Ushna, kindles Agni, aids digestion); Salt (Ushna, enhances taste, balances electrolytes)"
Kerala Porotta (Malabar Paratha),Kerala (Malabar),Breakfast/Bread,Veg,Layered flaky maida flatbread,Refined Flour,1 piece (~120g),320,6,42,14,,,,,,,,"Refined Flour, Salt, Oil, Mixed Spices","Refined Flour (Guru, heavier to digest, best in moderation); Salt (Ushna, enhances taste, balances electrolytes); Oil (Snigdha, unctuous, balances Vata); Mixed Spices (Ushna, kindles Agni, aids digestion)"
Kichadi,Kerala (Travancore),Curry/Side,Veg,Vegetable in mild yogurt-coconut gravy,"Coconut, Curd/Yogurt",1 cup (~150g),110,4,10,6,,,,,,,,"Coconut, Curd/Yogurt, Onion, Tomato, Ginger-Garlic Paste, Oil/Ghee, Turmeric, Red Chilli Powder, Garam Masala, Salt","Coconut (Shita, cooling, pacifies Pitta); Curd/Yogurt (Amla, Guru, sour and cooling in moderation); Onion (Ushna, stimulates Agni, balances Kapha and Vata); Tomato (Amla, sour, stimulates digestion, use sparingly for Pitta); Ginger-Garlic Paste (Ushna, kindles Agni, aids digestion); Oil/Ghee (Snigdha, unctuous, balances Vata and nourishes tissues); Turmeric (Ushna, anti-inflammatory, purifies blood); Red Chilli Powder (Ushna, heating, use sparingly for Pitta); Garam Masala (Ushna, kindles Agni, aids digestion); Salt (Ushna, enhances taste, balances electrolytes)"
Kootu Curry,Kerala (Travancore),Curry,Veg,Black chickpea-yam curry with coconut,"Yam, Coconut",1 cup (~200g),210,9,26,8,,,,,,,,"Yam, Coconut, Onion, Tomato, Ginger-Garlic Paste, Oil/Ghee, Turmeric, Red Chilli Powder, Garam Masala, Salt","Yam (Balances doshas when eaten fresh and in moderation); Coconut (Shita, cooling, pacifies Pitta); Onion (Ushna, stimulates Agni, balances Kapha and Vata); Tomato (Amla, sour, stimulates digestion, use sparingly for Pitta); Ginger-Garlic Paste (Ushna, kindles Agni, aids digestion); Oil/Ghee (Snigdha, unctuous, balances Vata and nourishes tissues); Turmeric (Ushna, anti-inflammatory, purifies blood); Red Chilli Powder (Ushna, heating, use sparingly for Pitta); Garam Masala (Ushna, kindles Agni, aids digestion); Salt (Ushna, enhances taste, balances electrolytes)"
"Kozhi Curry (Chicken Curry, Kerala style)",Kerala (General),Non-Veg,Non-Veg,Coconut-based spicy chicken curry,"Coconut, Chicken",1 cup (~200g),300,24,8,20,,,,,,,,"Coconut, Chicken, Salt, Oil, Mixed Spices","Coconut (Shita, cooling, pacifies Pitta); Chicken (Guru, Ushna, builds strength); Salt (Ushna, enhances taste, balances electrolytes); Oil (Snigdha, unctuous, balances Vata); Mixed Spices (Ushna, kindles Agni, aids digestion)"
Kozhikode Halwa,Kerala (Malabar (Kozhikode)),Sweet,Veg,Glossy chewy wheat/rice starch-sugar halwa,"Rice, Wheat Flour, Sugar",2 pcs (~50g),210,1,36,7,,,,,,,,"Rice, Wheat Flour, Sugar, Ghee, Milk/Khoya, Cardamom","Rice (Laghu, easy to digest, balances Kapha); Wheat Flour (Guru, nourishing, grounds Vata); Sugar (Guru, Madhura, builds Ojas but heavy for Kapha); Ghee (Snigdha, unctuous, balances Vata and nourishes tissues); Milk/Khoya (Guru, Shita, cooling and building, balances Pitta); Cardamom (Ushna, aromatic, soothes digestion)"
Kozhukatta,Kerala (General),Sweet/Snack,Veg,Steamed rice dumpling with coconut-jaggery filling,"Rice, Coconut, Jaggery",2 pcs (~80g),190,3,34,5,,,,,,,,"Rice, Coconut, Jaggery, Sugar, Ghee, Milk/Khoya, Cardamom","Rice (Laghu, easy to digest, balances Kapha); Coconut (Shita, cooling, pacifies Pitta); Jaggery (Ushna, warming sweetness, aids digestion); Sugar (Guru, Madhura, builds Ojas but heavy for Kapha); Ghee (Snigdha, unctuous, balances Vata and nourishes tissues); Milk/Khoya (Guru, Shita, cooling and building, balances Pitta); Cardamom (Ushna, aromatic, soothes digestion)"
Kumbilappam,Kerala (Malabar),Sweet,Veg,Steamed jackfruit-rice dumpling in teak leaf,"Rice, Jackfruit, Tea Leaves",2 pcs (~90g),200,3,36,5,,,,,,,,"Rice, Jackfruit, Tea Leaves, Sugar, Ghee, Milk/Khoya, Cardamom","Rice (Laghu, easy to digest, balances Kapha); Jackfruit (Balances doshas when eaten fresh and in moderation); Tea Leaves (Balances doshas when eaten fresh and in moderation); Sugar (Guru, Madhura, builds Ojas but heavy for Kapha); Ghee (Snigdha, unctuous, balances Vata and nourishes tissues); Milk/Khoya (Guru, Shita, cooling and building, balances Pitta); Cardamom (Ushna, aromatic, soothes digestion)"
Kuzhalappam,Kerala (Central Kerala),Snack,Veg,Crisp fried rice flour cylinder snack,Rice,4 pcs (~60g),260,3,32,13,,,,,,,,"Rice, Salt, Oil, Mixed Spices","Rice (Laghu, easy to digest, balances Kapha); Salt (Ushna, enhances taste, balances electrolytes); Oil (Snigdha, unctuous, balances Vata); Mixed Spices (Ushna, kindles Agni, aids digestion)"
Malabar (Thalassery) Biryani,Kerala (Malabar),Rice Dish,Non-Veg,Fragrant short-grain rice biryani with meat,Rice,1 plate (~300g),480,22,55,18,,,,,,,,"Rice, Oil/Ghee, Whole Spices, Salt","Rice (Laghu, easy to digest, balances Kapha); Oil/Ghee (Snigdha, unctuous, balances Vata and nourishes tissues); Whole Spices (Ushna, kindles Agni, aids digestion); Salt (Ushna, enhances taste, balances electrolytes)"
Meen Achar (Fish Pickle),Kerala (Central Kerala),Pickle,Non-Veg,Spicy fish pickle in oil,Fish,1 tbsp (~15g),50,3,2,4,,,,,,,,"Fish, Oil, Mustard Seeds, Turmeric, Red Chilli Powder, Salt","Fish (Guru, Ushna, nourishing, best fresh); Oil (Snigdha, unctuous, balances Vata); Mustard Seeds (Ushna, stimulates digestion); Turmeric (Ushna, anti-inflammatory, purifies blood); Red Chilli Powder (Ushna, heating, use sparingly for Pitta); Salt (Ushna, enhances taste, balances electrolytes)"
Meen Curry (Alleppey Fish Curry),Kerala (Central Kerala (Alleppey)),Non-Veg,Non-Veg,Tangy kokum-based fish curry,Fish,1 cup (~200g),230,20,6,14,,,,,,,,"Fish, Salt, Oil, Mixed Spices","Fish (Guru, Ushna, nourishing, best fresh); Salt (Ushna, enhances taste, balances electrolytes); Oil (Snigdha, unctuous, balances Vata); Mixed Spices (Ushna, kindles Agni, aids digestion)"
Meen Peera,Kerala (Central Kerala),Non-Veg,Non-Veg,Fish cooked with grated coconut & spices,"Coconut, Fish",1 cup (~200g),240,20,6,16,,,,,,,,"Coconut, Fish, Salt, Oil, Mixed Spices","Coconut (Shita, cooling, pacifies Pitta); Fish (Guru, Ushna, nourishing, best fresh); Salt (Ushna, enhances taste, balances electrolytes); Oil (Snigdha, unctuous, balances Vata); Mixed Spices (Ushna, kindles Agni, aids digestion)"
Meen Pollichathu (Generic),Kerala (General),Non-Veg,Non-Veg,Fish marinated & pan-seared in banana leaf,"Banana, Fish",1 serving (~200g),270,22,6,18,,,,,,,,"Banana, Fish, Salt, Oil, Mixed Spices","Banana (Guru, Shita, grounding); Fish (Guru, Ushna, nourishing, best fresh); Salt (Ushna, enhances taste, balances electrolytes); Oil (Snigdha, unctuous, balances Vata); Mixed Spices (Ushna, kindles Agni, aids digestion)"
Meen Varuthathu (Fish Fry),Kerala (General),Non-Veg,Non-Veg,Shallow-fried spiced fish,Fish,1 serving (~150g),250,20,10,15,,,,,,,,"Fish, Salt, Oil, Mixed Spices","Fish (Guru, Ushna, nourishing, best fresh); Salt (Ushna, enhances taste, balances electrolytes); Oil (Snigdha, unctuous, balances Vata); Mixed Spices (Ushna, kindles Agni, aids digestion)"
Meen Vevichathu (Kottayam Fish Curry),Kerala (Travancore (Kottayam)),Non-Veg,Non-Veg,"Fiery red tamarind fish curry, clay-pot style","Fish, Tamarind",1 cup (~200g),240,20,8,15,,,,,,,,"Fish, Tamarind, Salt, Oil, Mixed Spices","Fish (Guru, Ushna, nourishing, best fresh); Tamarind (Amla, stimulates Agni); Salt (Ushna, enhances taste, balances electrolytes); Oil (Snigdha, unctuous, balances Vata); Mixed Spices (Ushna, kindles Agni, aids digestion)"
Muttamala,Kerala (Central Kerala (Syrian Christian)),Sweet,Non-Veg,Egg yolk-sugar syrup thread sweet,"Egg, Sugar",2 pcs (~40g),180,4,20,9,,,,,,,,"Egg, Sugar, Ghee, Milk/Khoya, Cardamom","Egg (Guru, Ushna, builds strength, use moderately for Pitta); Sugar (Guru, Madhura, builds Ojas but heavy for Kapha); Ghee (Snigdha, unctuous, balances Vata and nourishes tissues); Milk/Khoya (Guru, Shita, cooling and building, balances Pitta); Cardamom (Ushna, aromatic, soothes digestion)"
Mutton Curry (Kerala style),Kerala (General),Non-Veg,Non-Veg,Spicy coconut-based mutton curry,"Coconut, Mutton",1 cup (~200g),360,24,8,26,,,,,,,,"Coconut, Mutton, Salt, Oil, Mixed Spices","Coconut (Shita, cooling, pacifies Pitta); Mutton (Guru, Ushna, heavy and warming); Salt (Ushna, enhances taste, balances electrolytes); Oil (Snigdha, unctuous, balances Vata); Mixed Spices (Ushna, kindles Agni, aids digestion)"
Mutton Stew (Kerala Christmas style),Kerala (Central Kerala),Non-Veg,Non-Veg,Mild coconut milk mutton stew with potato,"Potato, Coconut, Milk, Mutton",1 cup (~200g),290,20,10,18,,,,,,,,"Potato, Coconut, Milk, Mutton, Salt, Oil, Mixed Spices","Potato (Guru, Vata aggravating in excess); Coconut (Shita, cooling, pacifies Pitta); Milk (Guru, Shita, cooling and building, balances Pitta); Mutton (Guru, Ushna, heavy and warming); Salt (Ushna, enhances taste, balances electrolytes); Oil (Snigdha, unctuous, balances Vata); Mixed Spices (Ushna, kindles Agni, aids digestion)"
Naadan Kozhi Varuthathu,Kerala (Central Kerala),Non-Veg,Non-Veg,Dry roasted spicy country chicken fry,Chicken,1 cup (~200g),320,26,6,22,,,,,,,,"Chicken, Salt, Oil, Mixed Spices","Chicken (Guru, Ushna, builds strength); Salt (Ushna, enhances taste, balances electrolytes); Oil (Snigdha, unctuous, balances Vata); Mixed Spices (Ushna, kindles Agni, aids digestion)"
Naranga Achar (Lime Pickle),Kerala (General),Pickle,Veg,Tangy fermented lime pickle,Lime,1 tbsp (~15g),30,0.3,6,0.5,,,,,,,,"Lime, Oil, Mustard Seeds, Turmeric, Red Chilli Powder, Salt","Lime (Amla, alkalising, stimulates Agni); Oil (Snigdha, unctuous, balances Vata); Mustard Seeds (Ushna, stimulates digestion); Turmeric (Ushna, anti-inflammatory, purifies blood); Red Chilli Powder (Ushna, heating, use sparingly for Pitta); Salt (Ushna, enhances taste, balances electrolytes)"
Neyyappam,Kerala (General),Sweet/Snack,Veg,Deep-fried rice-jaggery sweet dumpling in ghee,"Rice, Ghee, Jaggery",3 pcs (~90g),270,3,38,12,,,,,,,,"Rice, Ghee, Jaggery, Sugar, Milk/Khoya, Cardamom","Rice (Laghu, easy to digest, balances Kapha); Ghee (Snigdha, unctuous, balances Vata and nourishes tissues); Jaggery (Ushna, warming sweetness, aids digestion); Sugar (Guru, Madhura, builds Ojas but heavy for Kapha); Milk/Khoya (Guru, Shita, cooling and building, balances Pitta); Cardamom (Ushna, aromatic, soothes digestion)"
Njandu Curry (Crab Curry),Kerala (Central Kerala),Non-Veg,Non-Veg,Crab in spicy coconut based curry,Coconut,1 cup (~200g),250,18,8,16,,,,,,,,"Coconut, Salt, Oil, Mixed Spices","Coconut (Shita, cooling, pacifies Pitta); Salt (Ushna, enhances taste, balances electrolytes); Oil (Snigdha, unctuous, balances Vata); Mixed Spices (Ushna, kindles Agni, aids digestion)"
Olan,Kerala (Travancore),Curry,Veg,Ash gourd-coconut milk mild curry with black-eyed peas,"Green Peas, Coconut, Milk",1 cup (~200g),140,5,16,7,,,,,,,,"Green Peas, Coconut, Milk, Onion, Tomato, Ginger-Garlic Paste, Oil/Ghee, Turmeric, Red Chilli Powder, Garam Masala, Salt","Green Peas (Balances doshas when eaten fresh and in moderation); Coconut (Shita, cooling, pacifies Pitta); Milk (Guru, Shita, cooling and building, balances Pitta); Onion (Ushna, stimulates Agni, balances Kapha and Vata); Tomato (Amla, sour, stimulates digestion, use sparingly for Pitta); Ginger-Garlic Paste (Ushna, kindles Agni, aids digestion); Oil/Ghee (Snigdha, unctuous, balances Vata and nourishes tissues); Turmeric (Ushna, anti-inflammatory, purifies blood); Red Chilli Powder (Ushna, heating, use sparingly for Pitta); Garam Masala (Ushna, kindles Agni, aids digestion); Salt (Ushna, enhances taste, balances electrolytes)"
Palada Payasam,Kerala (General),Sweet,Veg,Rice ada-milk sweet pudding,"Rice, Milk",1 cup (~150g),270,6,36,11,,,,,,,,"Rice, Milk, Sugar, Ghee, Milk/Khoya, Cardamom","Rice (Laghu, easy to digest, balances Kapha); Milk (Guru, Shita, cooling and building, balances Pitta); Sugar (Guru, Madhura, builds Ojas but heavy for Kapha); Ghee (Snigdha, unctuous, balances Vata and nourishes tissues); Milk/Khoya (Guru, Shita, cooling and building, balances Pitta); Cardamom (Ushna, aromatic, soothes digestion)"
Parippu Payasam,Kerala (General),Sweet,Veg,Moong dal-jaggery-coconut milk payasam,"Moong Dal, Coconut, Milk, Jaggery",1 cup (~150g),260,6,34,11,,,,,,,,"Moong Dal, Coconut, Milk, Jaggery, Sugar, Ghee, Milk/Khoya, Cardamom","Moong Dal (Laghu, protein-rich, balances Kapha); Coconut (Shita, cooling, pacifies Pitta); Milk (Guru, Shita, cooling and building, balances Pitta); Jaggery (Ushna, warming sweetness, aids digestion); Sugar (Guru, Madhura, builds Ojas but heavy for Kapha); Ghee (Snigdha, unctuous, balances Vata and nourishes tissues); Milk/Khoya (Guru, Shita, cooling and building, balances Pitta); Cardamom (Ushna, aromatic, soothes digestion)"
Pathiri,Kerala (Malabar),Breakfast/Tiffin,Veg,Thin steamed rice flour flatbread,Rice,2 pcs (~100g),180,3,38,1,,,,,,,,"Rice, Salt, Oil, Mixed Spices","Rice (Laghu, easy to digest, balances Kapha); Salt (Ushna, enhances taste, balances electrolytes); Oil (Snigdha, unctuous, balances Vata); Mixed Spices (Ushna, kindles Agni, aids digestion)"
Payar Thoran,Kerala (General),Curry,Veg,Cowpea stir-fry with grated coconut,Coconut,1 cup (~150g),130,6,16,5,,,,,,,,"Coconut, Onion, Tomato, Ginger-Garlic Paste, Oil/Ghee, Turmeric, Red Chilli Powder, Garam Masala, Salt","Coconut (Shita, cooling, pacifies Pitta); Onion (Ushna, stimulates Agni, balances Kapha and Vata); Tomato (Amla, sour, stimulates digestion, use sparingly for Pitta); Ginger-Garlic Paste (Ushna, kindles Agni, aids digestion); Oil/Ghee (Snigdha, unctuous, balances Vata and nourishes tissues); Turmeric (Ushna, anti-inflammatory, purifies blood); Red Chilli Powder (Ushna, heating, use sparingly for Pitta); Garam Masala (Ushna, kindles Agni, aids digestion); Salt (Ushna, enhances taste, balances electrolytes)"
Pazham Pori,Kerala (General),Snack/Sweet,Veg,Deep-fried batter-coated ripe banana fritter,Banana,2 pcs (~120g),280,3,40,12,,,,,,,,"Banana, Sugar, Ghee, Milk/Khoya, Cardamom","Banana (Guru, Shita, grounding); Sugar (Guru, Madhura, builds Ojas but heavy for Kapha); Ghee (Snigdha, unctuous, balances Vata and nourishes tissues); Milk/Khoya (Guru, Shita, cooling and building, balances Pitta); Cardamom (Ushna, aromatic, soothes digestion)"
Pulissery,Kerala (Travancore),Curry,Veg,Yogurt-based mild curry with vegetables,Curd/Yogurt,1 cup (~200g),150,5,14,8,,,,,,,,"Curd/Yogurt, Onion, Tomato, Ginger-Garlic Paste, Oil/Ghee, Turmeric, Red Chilli Powder, Garam Masala, Salt","Curd/Yogurt (Amla, Guru, sour and cooling in moderation); Onion (Ushna, stimulates Agni, balances Kapha and Vata); Tomato (Amla, sour, stimulates digestion, use sparingly for Pitta); Ginger-Garlic Paste (Ushna, kindles Agni, aids digestion); Oil/Ghee (Snigdha, unctuous, balances Vata and nourishes tissues); Turmeric (Ushna, anti-inflammatory, purifies blood); Red Chilli Powder (Ushna, heating, use sparingly for Pitta); Garam Masala (Ushna, kindles Agni, aids digestion); Salt (Ushna, enhances taste, balances electrolytes)"
Puliyinji,Kerala (Travancore),Chutney/Side,Veg,Ginger-tamarind-jaggery tangy relish,"Jaggery, Ginger, Tamarind",1 tbsp (~20g),30,0.3,6,0.5,,,,,,,,"Jaggery, Ginger, Tamarind, Green Chilli, Salt, Spices, Oil (tempering)","Jaggery (Ushna, warming sweetness, aids digestion); Ginger (Ushna, kindles Agni, aids digestion); Tamarind (Amla, stimulates Agni); Green Chilli (Ushna, use sparingly for Pitta); Salt (Ushna, enhances taste, balances electrolytes); Spices (Balances doshas when eaten fresh and in moderation); Oil (tempering) (Snigdha, unctuous, balances Vata)"
Puttu,Kerala (General),Breakfast/Tiffin,Veg,Steamed rice flour-coconut cylinder,"Rice, Coconut",1 cup (~150g),210,4,42,3,,,,,,,,"Rice, Coconut, Salt, Oil, Mixed Spices","Rice (Laghu, easy to digest, balances Kapha); Coconut (Shita, cooling, pacifies Pitta); Salt (Ushna, enhances taste, balances electrolytes); Oil (Snigdha, unctuous, balances Vata); Mixed Spices (Ushna, kindles Agni, aids digestion)"
Rasam (Kerala style),Kerala (General),Curry/Soup,Veg,Thin tangy pepper-tamarind soup,Tamarind,1 cup (~200g),80,3,11,2,,,,,,,,"Tamarind, Onion, Tomato, Ginger-Garlic Paste, Oil/Ghee, Turmeric, Red Chilli Powder, Garam Masala, Salt, Stock/Water, Pepper, Butter/Oil","Tamarind (Amla, stimulates Agni); Onion (Ushna, stimulates Agni, balances Kapha and Vata); Tomato (Amla, sour, stimulates digestion, use sparingly for Pitta); Ginger-Garlic Paste (Ushna, kindles Agni, aids digestion); Oil/Ghee (Snigdha, unctuous, balances Vata and nourishes tissues); Turmeric (Ushna, anti-inflammatory, purifies blood); Red Chilli Powder (Ushna, heating, use sparingly for Pitta); Garam Masala (Ushna, kindles Agni, aids digestion); Salt (Ushna, enhances taste, balances electrolytes); Stock/Water (Guru, Ushna, deeply nourishing); Pepper (Ushna, heating, clears Kapha); Butter/Oil (Snigdha, unctuous, balances Vata)"
Sambar (Kerala style),Kerala (General),Curry,Veg,Lentil-vegetable tangy stew,"Lentils, Mixed Vegetables",1 cup (~200g),150,7,20,4,,,,,,,,"Lentils, Mixed Vegetables, Onion, Tomato, Ginger-Garlic Paste, Oil/Ghee, Turmeric, Red Chilli Powder, Garam Masala, Salt","Lentils (Laghu, protein-rich, balances Kapha); Mixed Vegetables (Balances doshas when eaten fresh and in moderation); Onion (Ushna, stimulates Agni, balances Kapha and Vata); Tomato (Amla, sour, stimulates digestion, use sparingly for Pitta); Ginger-Garlic Paste (Ushna, kindles Agni, aids digestion); Oil/Ghee (Snigdha, unctuous, balances Vata and nourishes tissues); Turmeric (Ushna, anti-inflammatory, purifies blood); Red Chilli Powder (Ushna, heating, use sparingly for Pitta); Garam Masala (Ushna, kindles Agni, aids digestion); Salt (Ushna, enhances taste, balances electrolytes)"
Sulaimani,Kerala (Malabar),Beverage,Veg,"Spiced black tea with lemon, no milk","Lemon, Milk, Tea Leaves",1 cup (~150ml),40,0,10,0,,,,,,,,"Lemon, Milk, Tea Leaves, Water, Sugar, Ice","Lemon (Amla, alkalising, stimulates Agni); Milk (Guru, Shita, cooling and building, balances Pitta); Tea Leaves (Balances doshas when eaten fresh and in moderation); Water (Balances doshas when eaten fresh and in moderation); Sugar (Guru, Madhura, builds Ojas but heavy for Kapha); Ice (Balances doshas when eaten fresh and in moderation)"
Thenga Chammanthi,Kerala (General),Chutney,Veg,Fresh coconut chutney with shallots & chili,"Coconut, Chili",1/4 cup (~50g),100,2,5,9,,,,,,,,"Coconut, Chili, Green Chilli, Salt, Spices, Oil (tempering)","Coconut (Shita, cooling, pacifies Pitta); Chili (Balances doshas when eaten fresh and in moderation); Green Chilli (Ushna, use sparingly for Pitta); Salt (Ushna, enhances taste, balances electrolytes); Spices (Balances doshas when eaten fresh and in moderation); Oil (tempering) (Snigdha, unctuous, balances Vata)"
Thoran,Kerala (General),Curry,Veg,Stir-fried vegetables with grated coconut,Coconut,1 cup (~150g),100,3,10,6,,,,,,,,"Coconut, Onion, Tomato, Ginger-Garlic Paste, Oil/Ghee, Turmeric, Red Chilli Powder, Garam Masala, Salt","Coconut (Shita, cooling, pacifies Pitta); Onion (Ushna, stimulates Agni, balances Kapha and Vata); Tomato (Amla, sour, stimulates digestion, use sparingly for Pitta); Ginger-Garlic Paste (Ushna, kindles Agni, aids digestion); Oil/Ghee (Snigdha, unctuous, balances Vata and nourishes tissues); Turmeric (Ushna, anti-inflammatory, purifies blood); Red Chilli Powder (Ushna, heating, use sparingly for Pitta); Garam Masala (Ushna, kindles Agni, aids digestion); Salt (Ushna, enhances taste, balances electrolytes)"
Unnakaya,Kerala (Malabar),Sweet,Veg,"Stuffed ripe banana sweet, deep fried",Banana,2 pcs (~90g),260,4,38,11,,,,,,,,"Banana, Sugar, Ghee, Milk/Khoya, Cardamom","Banana (Guru, Shita, grounding); Sugar (Guru, Madhura, builds Ojas but heavy for Kapha); Ghee (Snigdha, unctuous, balances Vata and nourishes tissues); Milk/Khoya (Guru, Shita, cooling and building, balances Pitta); Cardamom (Ushna, aromatic, soothes digestion)"
Unni Appam,Kerala (General),Sweet/Snack,Veg,Deep-fried rice-jaggery-banana sweet dumpling,"Rice, Banana, Jaggery",3 pcs (~90g),280,4,42,11,,,,,,,,"Rice, Banana, Jaggery, Sugar, Ghee, Milk/Khoya, Cardamom","Rice (Laghu, easy to digest, balances Kapha); Banana (Guru, Shita, grounding); Jaggery (Ushna, warming sweetness, aids digestion); Sugar (Guru, Madhura, builds Ojas but heavy for Kapha); Ghee (Snigdha, unctuous, balances Vata and nourishes tissues); Milk/Khoya (Guru, Shita, cooling and building, balances Pitta); Cardamom (Ushna, aromatic, soothes digestion)"
Uppumavu (Rava Upma),Kerala (General),Breakfast/Tiffin,Veg,Semolina upma with vegetables & tempering,"Semolina, Beans",1 cup (~150g),220,5,30,9,,,,,,,,"Semolina, Beans, Salt, Oil, Mixed Spices","Semolina (Balances doshas when eaten fresh and in moderation); Beans (Balances doshas when eaten fresh and in moderation); Salt (Ushna, enhances taste, balances electrolytes); Oil (Snigdha, unctuous, balances Vata); Mixed Spices (Ushna, kindles Agni, aids digestion)"
Vattayappam,Kerala (Central Kerala),Sweet,Veg,Steamed fermented sweet rice cake,Rice,2 pcs (~100g),210,4,42,3,,,,,,,,"Rice, Sugar, Ghee, Milk/Khoya, Cardamom","Rice (Laghu, easy to digest, balances Kapha); Sugar (Guru, Madhura, builds Ojas but heavy for Kapha); Ghee (Snigdha, unctuous, balances Vata and nourishes tissues); Milk/Khoya (Guru, Shita, cooling and building, balances Pitta); Cardamom (Ushna, aromatic, soothes digestion)"
Vellayappam,Kerala (Central Kerala),Breakfast/Tiffin,Veg,Soft fermented rice pancake with coconut milk,"Rice, Coconut, Milk",2 pcs (~120g),220,3,38,6,,,,,,,,"Rice, Coconut, Milk, Salt, Oil, Mixed Spices","Rice (Laghu, easy to digest, balances Kapha); Coconut (Shita, cooling, pacifies Pitta); Milk (Guru, Shita, cooling and building, balances Pitta); Salt (Ushna, enhances taste, balances electrolytes); Oil (Snigdha, unctuous, balances Vata); Mixed Spices (Ushna, kindles Agni, aids digestion)"
Vendakka Mezhukkupuratti,Kerala (General),Curry,Veg,Okra dry stir-fry in coconut oil,"Okra, Coconut",1 cup (~150g),110,3,10,6,,,,,,,,"Okra, Coconut, Onion, Tomato, Ginger-Garlic Paste, Oil/Ghee, Turmeric, Red Chilli Powder, Garam Masala, Salt","Okra (Laghu, light, supports digestion); Coconut (Shita, cooling, pacifies Pitta); Onion (Ushna, stimulates Agni, balances Kapha and Vata); Tomato (Amla, sour, stimulates digestion, use sparingly for Pitta); Ginger-Garlic Paste (Ushna, kindles Agni, aids digestion); Oil/Ghee (Snigdha, unctuous, balances Vata and nourishes tissues); Turmeric (Ushna, anti-inflammatory, purifies blood); Red Chilli Powder (Ushna, heating, use sparingly for Pitta); Garam Masala (Ushna, kindles Agni, aids digestion); Salt (Ushna, enhances taste, balances electrolytes)"
Alu Vadi (Patra),Maharashtra (General),Snack,Veg,Steamed & fried colocasia leaf rolls with tamarind-jaggery paste,"Colocasia, Jaggery, Tamarind",3 pcs (~120g),190,5,28,6,,,,,,,,"Colocasia, Jaggery, Tamarind, Salt, Oil, Mixed Spices","Colocasia (Balances doshas when eaten fresh and in moderation); Jaggery (Ushna, warming sweetness, aids digestion); Tamarind (Amla, stimulates Agni); Salt (Ushna, enhances taste, balances electrolytes); Oil (Snigdha, unctuous, balances Vata); Mixed Spices (Ushna, kindles Agni, aids digestion)"
Aluchi Bhaji,Maharashtra (General),Curry,Veg,Colocasia leaves cooked with peanuts & jaggery,"Colocasia, Jaggery, Peanut",1 cup (~150g),180,5,20,9,,,,,,,,"Colocasia, Jaggery, Peanut, Onion, Tomato, Ginger-Garlic Paste, Oil/Ghee, Turmeric, Red Chilli Powder, Garam Masala, Salt","Colocasia (Balances doshas when eaten fresh and in moderation); Jaggery (Ushna, warming sweetness, aids digestion); Peanut (Guru, Ushna, energy dense); Onion (Ushna, stimulates Agni, balances Kapha and Vata); Tomato (Amla, sour, stimulates digestion, use sparingly for Pitta); Ginger-Garlic Paste (Ushna, kindles Agni, aids digestion); Oil/Ghee (Snigdha, unctuous, balances Vata and nourishes tissues); Turmeric (Ushna, anti-inflammatory, purifies blood); Red Chilli Powder (Ushna, heating, use sparingly for Pitta); Garam Masala (Ushna, kindles Agni, aids digestion); Salt (Ushna, enhances taste, balances electrolytes)"
Amboli,Maharashtra (Konkan),Breakfast/Tiffin,Veg,Fermented rice-lentil soft thick dosa,Rice,2 pcs (~150g),220,6,36,5,,,,,,,,"Rice, Salt, Oil, Mixed Spices","Rice (Laghu, easy to digest, balances Kapha); Salt (Ushna, enhances taste, balances electrolytes); Oil (Snigdha, unctuous, balances Vata); Mixed Spices (Ushna, kindles Agni, aids digestion)"
Ambyachi Dal,Maharashtra (General),Curry/Dal,Veg,"Raw mango cooked with toor dal, summer special","Toor Dal, Mango",1 cup (~200g),160,8,20,5,,,,,,,,"Toor Dal, Mango, Onion, Tomato, Ginger-Garlic Paste, Oil/Ghee, Turmeric, Red Chilli Powder, Garam Masala, Salt","Toor Dal (Laghu, protein-rich, balances Kapha); Mango (Guru, Snigdha, nourishing in season); Onion (Ushna, stimulates Agni, balances Kapha and Vata); Tomato (Amla, sour, stimulates digestion, use sparingly for Pitta); Ginger-Garlic Paste (Ushna, kindles Agni, aids digestion); Oil/Ghee (Snigdha, unctuous, balances Vata and nourishes tissues); Turmeric (Ushna, anti-inflammatory, purifies blood); Red Chilli Powder (Ushna, heating, use sparingly for Pitta); Garam Masala (Ushna, kindles Agni, aids digestion); Salt (Ushna, enhances taste, balances electrolytes)"
Amti,Maharashtra (General),Curry/Dal,Veg,Spiced toor dal curry with kala masala & jaggery,"Toor Dal, Jaggery",1 cup (~200g),170,8,22,5,,,,,,,,"Toor Dal, Jaggery, Onion, Tomato, Ginger-Garlic Paste, Oil/Ghee, Turmeric, Red Chilli Powder, Garam Masala, Salt","Toor Dal (Laghu, protein-rich, balances Kapha); Jaggery (Ushna, warming sweetness, aids digestion); Onion (Ushna, stimulates Agni, balances Kapha and Vata); Tomato (Amla, sour, stimulates digestion, use sparingly for Pitta); Ginger-Garlic Paste (Ushna, kindles Agni, aids digestion); Oil/Ghee (Snigdha, unctuous, balances Vata and nourishes tissues); Turmeric (Ushna, anti-inflammatory, purifies blood); Red Chilli Powder (Ushna, heating, use sparingly for Pitta); Garam Masala (Ushna, kindles Agni, aids digestion); Salt (Ushna, enhances taste, balances electrolytes)"
Anarsa,Maharashtra (General),Sweet,Veg,Deep-fried rice flour-jaggery sweet disc,"Rice, Jaggery",1 piece (~40g),160,1,28,5,,,,,,,,"Rice, Jaggery, Sugar, Ghee, Milk/Khoya, Cardamom","Rice (Laghu, easy to digest, balances Kapha); Jaggery (Ushna, warming sweetness, aids digestion); Sugar (Guru, Madhura, builds Ojas but heavy for Kapha); Ghee (Snigdha, unctuous, balances Vata and nourishes tissues); Milk/Khoya (Guru, Shita, cooling and building, balances Pitta); Cardamom (Ushna, aromatic, soothes digestion)"
Bangda Fry,Maharashtra (Konkan),Non-Veg,Non-Veg,Shallow-fried spiced mackerel,Mackerel (Bangda Fish),1 serving (~150g),260,20,8,17,,,,,,,,"Mackerel (Bangda Fish), Salt, Oil, Mixed Spices","Mackerel (Bangda Fish) (Guru, Ushna, nourishing, best fresh); Salt (Ushna, enhances taste, balances electrolytes); Oil (Snigdha, unctuous, balances Vata); Mixed Spices (Ushna, kindles Agni, aids digestion)"
Basundi,Maharashtra (General),Sweet,Veg,Sweetened reduced milk with nuts & saffron,Milk,1 cup (~150g),280,7,28,14,,,,,,,,"Milk, Sugar, Ghee, Milk/Khoya, Cardamom","Milk (Guru, Shita, cooling and building, balances Pitta); Sugar (Guru, Madhura, builds Ojas but heavy for Kapha); Ghee (Snigdha, unctuous, balances Vata and nourishes tissues); Milk/Khoya (Guru, Shita, cooling and building, balances Pitta); Cardamom (Ushna, aromatic, soothes digestion)"
Batata Vada,Maharashtra (General),Snack,Veg,Deep-fried spiced potato fritter,Potato,2 pcs (~120g),260,5,32,12,,,,,,,,"Potato, Salt, Oil, Mixed Spices","Potato (Guru, Vata aggravating in excess); Salt (Ushna, enhances taste, balances electrolytes); Oil (Snigdha, unctuous, balances Vata); Mixed Spices (Ushna, kindles Agni, aids digestion)"
Batatyachi Bhaji,Maharashtra (General),Curry,Veg,Dry potato curry with mustard & curry leaves,"Potato, Mustard, Curry Leaves",1 cup (~150g),180,3,28,6,,,,,,,,"Potato, Mustard, Curry Leaves, Onion, Tomato, Ginger-Garlic Paste, Oil/Ghee, Turmeric, Red Chilli Powder, Garam Masala, Salt","Potato (Guru, Vata aggravating in excess); Mustard (Balances doshas when eaten fresh and in moderation); Curry Leaves (Ushna, enhances Agni); Onion (Ushna, stimulates Agni, balances Kapha and Vata); Tomato (Amla, sour, stimulates digestion, use sparingly for Pitta); Ginger-Garlic Paste (Ushna, kindles Agni, aids digestion); Oil/Ghee (Snigdha, unctuous, balances Vata and nourishes tissues); Turmeric (Ushna, anti-inflammatory, purifies blood); Red Chilli Powder (Ushna, heating, use sparingly for Pitta); Garam Masala (Ushna, kindles Agni, aids digestion); Salt (Ushna, enhances taste, balances electrolytes)"
Bhadang,Maharashtra (Western Maharashtra),Snack,Veg,Spicy roasted puffed rice with peanuts & garlic,"Rice, Peanut, Garlic",1 cup (~50g),210,4,26,10,,,,,,,,"Rice, Peanut, Garlic, Salt, Oil, Mixed Spices","Rice (Laghu, easy to digest, balances Kapha); Peanut (Guru, Ushna, energy dense); Garlic (Ushna, heating, balances Vata and Kapha); Salt (Ushna, enhances taste, balances electrolytes); Oil (Snigdha, unctuous, balances Vata); Mixed Spices (Ushna, kindles Agni, aids digestion)"
Bhakri,Maharashtra (General),Roti/Bread,Veg,Hand-patted jowar/bajra flatbread,"Sorghum, Pearl Millet",1 piece (~60g),130,4,24,1.5,,,,,,,,"Sorghum, Pearl Millet, Wheat Flour, Salt, Water, Oil/Ghee","Sorghum (Balances doshas when eaten fresh and in moderation); Pearl Millet (Balances doshas when eaten fresh and in moderation); Wheat Flour (Guru, nourishing, grounds Vata); Salt (Ushna, enhances taste, balances electrolytes); Water (Balances doshas when eaten fresh and in moderation); Oil/Ghee (Snigdha, unctuous, balances Vata and nourishes tissues)"
Bharli Mirchi,Maharashtra (General),Curry,Veg,Stuffed large green chili in peanut-sesame masala,"Peanut, Chili",1 cup (~150g),190,5,14,13,,,,,,,,"Peanut, Chili, Onion, Tomato, Ginger-Garlic Paste, Oil/Ghee, Turmeric, Red Chilli Powder, Garam Masala, Salt","Peanut (Guru, Ushna, energy dense); Chili (Balances doshas when eaten fresh and in moderation); Onion (Ushna, stimulates Agni, balances Kapha and Vata); Tomato (Amla, sour, stimulates digestion, use sparingly for Pitta); Ginger-Garlic Paste (Ushna, kindles Agni, aids digestion); Oil/Ghee (Snigdha, unctuous, balances Vata and nourishes tissues); Turmeric (Ushna, anti-inflammatory, purifies blood); Red Chilli Powder (Ushna, heating, use sparingly for Pitta); Garam Masala (Ushna, kindles Agni, aids digestion); Salt (Ushna, enhances taste, balances electrolytes)"
Bharli Vangi,Maharashtra (General),Curry,Veg,Stuffed baby eggplant peanut-coconut curry,"Coconut, Eggplant, Peanut",1 cup (~200g),240,6,20,15,,,,,,,,"Coconut, Eggplant, Peanut, Onion, Tomato, Ginger-Garlic Paste, Oil/Ghee, Turmeric, Red Chilli Powder, Garam Masala, Salt","Coconut (Shita, cooling, pacifies Pitta); Eggplant (Laghu, light, supports digestion); Peanut (Guru, Ushna, energy dense); Onion (Ushna, stimulates Agni, balances Kapha and Vata); Tomato (Amla, sour, stimulates digestion, use sparingly for Pitta); Ginger-Garlic Paste (Ushna, kindles Agni, aids digestion); Oil/Ghee (Snigdha, unctuous, balances Vata and nourishes tissues); Turmeric (Ushna, anti-inflammatory, purifies blood); Red Chilli Powder (Ushna, heating, use sparingly for Pitta); Garam Masala (Ushna, kindles Agni, aids digestion); Salt (Ushna, enhances taste, balances electrolytes)"
Bhel Puri,Maharashtra (Mumbai),Snack,Veg,"Puffed rice with chutneys, sev & vegetables",Rice,1 plate (~150g),220,5,36,6,,,,,,,,"Rice, Salt, Oil, Mixed Spices","Rice (Laghu, easy to digest, balances Kapha); Salt (Ushna, enhances taste, balances electrolytes); Oil (Snigdha, unctuous, balances Vata); Mixed Spices (Ushna, kindles Agni, aids digestion)"
Bombil Fry (Bombay Duck Fry),Maharashtra (Konkan),Non-Veg,Non-Veg,Rava-coated fried Bombay duck fish,"Semolina, Fish",1 serving (~150g),240,18,10,15,,,,,,,,"Semolina, Fish, Salt, Oil, Mixed Spices","Semolina (Balances doshas when eaten fresh and in moderation); Fish (Guru, Ushna, nourishing, best fresh); Salt (Ushna, enhances taste, balances electrolytes); Oil (Snigdha, unctuous, balances Vata); Mixed Spices (Ushna, kindles Agni, aids digestion)"
Chana Usal,Maharashtra (General),Curry,Veg,Sprouted black chickpea curry with coconut & goda masala,"Chickpeas, Coconut",1 cup (~150g),190,10,24,6,,,,,,,,"Chickpeas, Coconut, Onion, Tomato, Ginger-Garlic Paste, Oil/Ghee, Turmeric, Red Chilli Powder, Garam Masala, Salt","Chickpeas (Laghu, grounding, aids digestion); Coconut (Shita, cooling, pacifies Pitta); Onion (Ushna, stimulates Agni, balances Kapha and Vata); Tomato (Amla, sour, stimulates digestion, use sparingly for Pitta); Ginger-Garlic Paste (Ushna, kindles Agni, aids digestion); Oil/Ghee (Snigdha, unctuous, balances Vata and nourishes tissues); Turmeric (Ushna, anti-inflammatory, purifies blood); Red Chilli Powder (Ushna, heating, use sparingly for Pitta); Garam Masala (Ushna, kindles Agni, aids digestion); Salt (Ushna, enhances taste, balances electrolytes)"
Chivda,Maharashtra (General),Snack,Veg,Spiced flattened rice mixture with peanuts & sev,"Rice, Peanut",1 cup (~50g),230,4,28,11,,,,,,,,"Rice, Peanut, Salt, Oil, Mixed Spices","Rice (Laghu, easy to digest, balances Kapha); Peanut (Guru, Ushna, energy dense); Salt (Ushna, enhances taste, balances electrolytes); Oil (Snigdha, unctuous, balances Vata); Mixed Spices (Ushna, kindles Agni, aids digestion)"
Dinkache Ladoo,Maharashtra (General),Sweet,Veg,Edible gum-ghee-jaggery winter energy ladoo,"Ghee, Jaggery",2 pcs (~50g),260,3,24,17,,,,,,,,"Ghee, Jaggery, Sugar, Milk/Khoya, Cardamom","Ghee (Snigdha, unctuous, balances Vata and nourishes tissues); Jaggery (Ushna, warming sweetness, aids digestion); Sugar (Guru, Madhura, builds Ojas but heavy for Kapha); Milk/Khoya (Guru, Shita, cooling and building, balances Pitta); Cardamom (Ushna, aromatic, soothes digestion)"
Frankie (Mumbai Roll),Maharashtra (Mumbai),Snack,Non-Veg,"Spiced filling rolled in flatbread, street food",Wheat Flour,1 roll (~200g),380,14,44,16,,,,,,,,"Wheat Flour, Salt, Oil, Mixed Spices","Wheat Flour (Guru, nourishing, grounds Vata); Salt (Ushna, enhances taste, balances electrolytes); Oil (Snigdha, unctuous, balances Vata); Mixed Spices (Ushna, kindles Agni, aids digestion)"
Ghavan,Maharashtra (Konkan),Breakfast/Tiffin,Veg,Thin rice flour crepe,Rice,2 pcs (~100g),160,3,32,2,,,,,,,,"Rice, Salt, Oil, Mixed Spices","Rice (Laghu, easy to digest, balances Kapha); Salt (Ushna, enhances taste, balances electrolytes); Oil (Snigdha, unctuous, balances Vata); Mixed Spices (Ushna, kindles Agni, aids digestion)"
Harbhryachi Usal,Maharashtra (General),Curry,Veg,Sprouted green gram curry with coconut,Coconut,1 cup (~150g),170,10,22,5,,,,,,,,"Coconut, Onion, Tomato, Ginger-Garlic Paste, Oil/Ghee, Turmeric, Red Chilli Powder, Garam Masala, Salt","Coconut (Shita, cooling, pacifies Pitta); Onion (Ushna, stimulates Agni, balances Kapha and Vata); Tomato (Amla, sour, stimulates digestion, use sparingly for Pitta); Ginger-Garlic Paste (Ushna, kindles Agni, aids digestion); Oil/Ghee (Snigdha, unctuous, balances Vata and nourishes tissues); Turmeric (Ushna, anti-inflammatory, purifies blood); Red Chilli Powder (Ushna, heating, use sparingly for Pitta); Garam Masala (Ushna, kindles Agni, aids digestion); Salt (Ushna, enhances taste, balances electrolytes)"
Kadhi (Maharashtrian style),Maharashtra (General),Curry,Veg,Tangy-sweet buttermilk-besan curry,Gram Flour,1 cup (~200g),150,5,20,5,,,,,,,,"Gram Flour, Onion, Tomato, Ginger-Garlic Paste, Oil/Ghee, Turmeric, Red Chilli Powder, Garam Masala, Salt","Gram Flour (Laghu, light, balances Kapha); Onion (Ushna, stimulates Agni, balances Kapha and Vata); Tomato (Amla, sour, stimulates digestion, use sparingly for Pitta); Ginger-Garlic Paste (Ushna, kindles Agni, aids digestion); Oil/Ghee (Snigdha, unctuous, balances Vata and nourishes tissues); Turmeric (Ushna, anti-inflammatory, purifies blood); Red Chilli Powder (Ushna, heating, use sparingly for Pitta); Garam Masala (Ushna, kindles Agni, aids digestion); Salt (Ushna, enhances taste, balances electrolytes)"
Kairiche Lonche,Maharashtra (General),Pickle,Veg,Raw mango pickle in oil & mustard,"Mango, Mustard",1 tbsp (~15g),60,0.3,3,5,,,,,,,,"Mango, Mustard, Oil, Mustard Seeds, Turmeric, Red Chilli Powder, Salt","Mango (Guru, Snigdha, nourishing in season); Mustard (Balances doshas when eaten fresh and in moderation); Oil (Snigdha, unctuous, balances Vata); Mustard Seeds (Ushna, stimulates digestion); Turmeric (Ushna, anti-inflammatory, purifies blood); Red Chilli Powder (Ushna, heating, use sparingly for Pitta); Salt (Ushna, enhances taste, balances electrolytes)"
Kanda Bhaji,Maharashtra (General),Snack,Veg,Deep-fried onion fritters,"Onion, Gram Flour (Besan)",1 cup (~100g),240,4,26,13,,,,,,,,"Onion, Gram Flour (Besan), Salt, Oil, Mixed Spices","Onion (Ushna, stimulates Agni, balances Kapha and Vata); Gram Flour (Besan) (Laghu, light, balances Kapha); Salt (Ushna, enhances taste, balances electrolytes); Oil (Snigdha, unctuous, balances Vata); Mixed Spices (Ushna, kindles Agni, aids digestion)"
Karanji,Maharashtra (General),Sweet,Veg,Deep-fried sweet dumpling with coconut-jaggery filling,"Coconut, Jaggery",2 pcs (~80g),260,3,36,12,,,,,,,,"Coconut, Jaggery, Sugar, Ghee, Milk/Khoya, Cardamom","Coconut (Shita, cooling, pacifies Pitta); Jaggery (Ushna, warming sweetness, aids digestion); Sugar (Guru, Madhura, builds Ojas but heavy for Kapha); Ghee (Snigdha, unctuous, balances Vata and nourishes tissues); Milk/Khoya (Guru, Shita, cooling and building, balances Pitta); Cardamom (Ushna, aromatic, soothes digestion)"
Khandeshi Shev Bhaji,Maharashtra (Khandesh),Curry,Veg,Fried gram-flour noodles in spicy tomato gravy,Tomato,1 cup (~200g),280,7,26,17,,,,,,,,"Tomato, Onion, Ginger-Garlic Paste, Oil/Ghee, Turmeric, Red Chilli Powder, Garam Masala, Salt","Tomato (Amla, sour, stimulates digestion, use sparingly for Pitta); Onion (Ushna, stimulates Agni, balances Kapha and Vata); Ginger-Garlic Paste (Ushna, kindles Agni, aids digestion); Oil/Ghee (Snigdha, unctuous, balances Vata and nourishes tissues); Turmeric (Ushna, anti-inflammatory, purifies blood); Red Chilli Powder (Ushna, heating, use sparingly for Pitta); Garam Masala (Ushna, kindles Agni, aids digestion); Salt (Ushna, enhances taste, balances electrolytes)"
Kharvas,Maharashtra (Konkan),Sweet,Veg,Steamed colostrum milk custard,Milk,1 piece (~100g),180,9,14,10,,,,,,,,"Milk, Sugar, Ghee, Milk/Khoya, Cardamom","Milk (Guru, Shita, cooling and building, balances Pitta); Sugar (Guru, Madhura, builds Ojas but heavy for Kapha); Ghee (Snigdha, unctuous, balances Vata and nourishes tissues); Milk/Khoya (Guru, Shita, cooling and building, balances Pitta); Cardamom (Ushna, aromatic, soothes digestion)"
Khichdi (Maharashtrian style),Maharashtra (General),Staple,Veg,Simple rice-dal khichdi with ghee,"Rice, Ghee",1 cup (~200g),240,8,38,6,,,,,,,,"Rice, Ghee, Oil/Ghee, Whole Spices, Salt","Rice (Laghu, easy to digest, balances Kapha); Ghee (Snigdha, unctuous, balances Vata and nourishes tissues); Oil/Ghee (Snigdha, unctuous, balances Vata and nourishes tissues); Whole Spices (Ushna, kindles Agni, aids digestion); Salt (Ushna, enhances taste, balances electrolytes)"
Khobrayachi Chutney,Maharashtra (General),Chutney,Veg,Fresh coconut chutney with green chili,"Coconut, Chili",1/4 cup (~50g),100,2,5,9,,,,,,,,"Coconut, Chili, Green Chilli, Salt, Spices, Oil (tempering)","Coconut (Shita, cooling, pacifies Pitta); Chili (Balances doshas when eaten fresh and in moderation); Green Chilli (Ushna, use sparingly for Pitta); Salt (Ushna, enhances taste, balances electrolytes); Spices (Balances doshas when eaten fresh and in moderation); Oil (tempering) (Snigdha, unctuous, balances Vata)"
Kokum Sarbat,Maharashtra (Konkan),Beverage,Veg,Tangy-sweet kokum cooling drink,Kokum,1 glass (~200ml),90,0.3,22,0.2,,,,,,,,"Kokum, Water, Sugar, Ice","Kokum (Balances doshas when eaten fresh and in moderation); Water (Balances doshas when eaten fresh and in moderation); Sugar (Guru, Madhura, builds Ojas but heavy for Kapha); Ice (Balances doshas when eaten fresh and in moderation)"
Kolambi Masala (Prawn Masala),Maharashtra (Konkan),Non-Veg,Non-Veg,Prawns in spicy onion-coconut masala,"Onion, Coconut, Prawn",1 cup (~200g),270,20,8,18,,,,,,,,"Onion, Coconut, Prawn, Salt, Oil, Mixed Spices","Onion (Ushna, stimulates Agni, balances Kapha and Vata); Coconut (Shita, cooling, pacifies Pitta); Prawn (Balances doshas when eaten fresh and in moderation); Salt (Ushna, enhances taste, balances electrolytes); Oil (Snigdha, unctuous, balances Vata); Mixed Spices (Ushna, kindles Agni, aids digestion)"
Kolhapuri Chicken (Tambda Rassa),Maharashtra (Kolhapur (Western Maharashtra)),Non-Veg,Non-Veg,"Fiery red spicy chicken curry, Kolhapuri masala",Chicken,1 cup (~200g),340,24,8,24,,,,,,,,"Chicken, Salt, Oil, Mixed Spices","Chicken (Guru, Ushna, builds strength); Salt (Ushna, enhances taste, balances electrolytes); Oil (Snigdha, unctuous, balances Vata); Mixed Spices (Ushna, kindles Agni, aids digestion)"
Kombdi Vade,Maharashtra (Konkan (Malvani)),Non-Veg,Non-Veg,Spicy chicken curry served with deep-fried puri,Chicken,1 serving (~250g),420,20,38,20,,,,,,,,"Chicken, Salt, Oil, Mixed Spices","Chicken (Guru, Ushna, builds strength); Salt (Ushna, enhances taste, balances electrolytes); Oil (Snigdha, unctuous, balances Vata); Mixed Spices (Ushna, kindles Agni, aids digestion)"
Kothimbir Vadi,Maharashtra (General),Snack,Veg,Steamed & fried gram flour-coriander squares,Coriander,1 cup (~100g),210,7,22,10,,,,,,,,"Coriander, Salt, Oil, Mixed Spices","Coriander (Shita, cooling, soothes Pitta); Salt (Ushna, enhances taste, balances electrolytes); Oil (Snigdha, unctuous, balances Vata); Mixed Spices (Ushna, kindles Agni, aids digestion)"
Lasun Chutney (Kolhapuri),Maharashtra (Kolhapur),Chutney/Side,Veg,Fiery dry garlic-chili-coconut chutney,"Coconut, Chili, Garlic",1 tbsp (~15g),50,1,4,3,,,,,,,,"Coconut, Chili, Garlic, Green Chilli, Salt, Spices, Oil (tempering)","Coconut (Shita, cooling, pacifies Pitta); Chili (Balances doshas when eaten fresh and in moderation); Garlic (Ushna, heating, balances Vata and Kapha); Green Chilli (Ushna, use sparingly for Pitta); Salt (Ushna, enhances taste, balances electrolytes); Spices (Balances doshas when eaten fresh and in moderation); Oil (tempering) (Snigdha, unctuous, balances Vata)"
Masale Bhaat,Maharashtra (General),Rice Dish,Veg,Spiced mixed vegetable rice with goda masala,Rice,1 cup (~200g),280,6,42,10,,,,,,,,"Rice, Oil/Ghee, Whole Spices, Salt","Rice (Laghu, easy to digest, balances Kapha); Oil/Ghee (Snigdha, unctuous, balances Vata and nourishes tissues); Whole Spices (Ushna, kindles Agni, aids digestion); Salt (Ushna, enhances taste, balances electrolytes)"
Matki Usal,Maharashtra (General),Curry,Veg,Sprouted moth bean curry with coconut & goda masala,Coconut,1 cup (~150g),180,10,22,6,,,,,,,,"Coconut, Onion, Tomato, Ginger-Garlic Paste, Oil/Ghee, Turmeric, Red Chilli Powder, Garam Masala, Salt","Coconut (Shita, cooling, pacifies Pitta); Onion (Ushna, stimulates Agni, balances Kapha and Vata); Tomato (Amla, sour, stimulates digestion, use sparingly for Pitta); Ginger-Garlic Paste (Ushna, kindles Agni, aids digestion); Oil/Ghee (Snigdha, unctuous, balances Vata and nourishes tissues); Turmeric (Ushna, anti-inflammatory, purifies blood); Red Chilli Powder (Ushna, heating, use sparingly for Pitta); Garam Masala (Ushna, kindles Agni, aids digestion); Salt (Ushna, enhances taste, balances electrolytes)"
Metkut,Maharashtra (General),Side/Condiment,Veg,Roasted multi-lentil spice powder mixed with ghee & rice,"Rice, Ghee",1 tbsp (~15g),65,3,6,3,,,,,,,,"Rice, Ghee, Salt, Pepper, Oil/Butter","Rice (Laghu, easy to digest, balances Kapha); Ghee (Snigdha, unctuous, balances Vata and nourishes tissues); Salt (Ushna, enhances taste, balances electrolytes); Pepper (Ushna, heating, clears Kapha); Oil/Butter (Snigdha, unctuous, balances Vata)"
Misal Pav,Maharashtra (General),Snack/Breakfast,Veg,Spicy sprouted lentil curry with bread,Bread,1 plate (~300g),380,14,50,13,,,,,,,,"Bread, Salt, Oil, Mixed Spices","Bread (Balances doshas when eaten fresh and in moderation); Salt (Ushna, enhances taste, balances electrolytes); Oil (Snigdha, unctuous, balances Vata); Mixed Spices (Ushna, kindles Agni, aids digestion)"
Modak (Ukdiche Modak),Maharashtra (General),Sweet,Veg,Steamed rice dumpling with coconut-jaggery filling,"Rice, Coconut, Jaggery",2 pcs (~80g),190,3,34,5,,,,,,,,"Rice, Coconut, Jaggery, Sugar, Ghee, Milk/Khoya, Cardamom","Rice (Laghu, easy to digest, balances Kapha); Coconut (Shita, cooling, pacifies Pitta); Jaggery (Ushna, warming sweetness, aids digestion); Sugar (Guru, Madhura, builds Ojas but heavy for Kapha); Ghee (Snigdha, unctuous, balances Vata and nourishes tissues); Milk/Khoya (Guru, Shita, cooling and building, balances Pitta); Cardamom (Ushna, aromatic, soothes digestion)"
Mutton Sukka (Konkan style),Maharashtra (Konkan),Non-Veg,Non-Veg,Dry spiced mutton roast with coconut,"Coconut, Mutton",1 cup (~200g),370,25,8,27,,,,,,,,"Coconut, Mutton, Salt, Oil, Mixed Spices","Coconut (Shita, cooling, pacifies Pitta); Mutton (Guru, Ushna, heavy and warming); Salt (Ushna, enhances taste, balances electrolytes); Oil (Snigdha, unctuous, balances Vata); Mixed Spices (Ushna, kindles Agni, aids digestion)"
Nagpur Santra Barfi,Maharashtra (Vidarbha (Nagpur)),Sweet,Veg,Orange-flavored milk-based fudge sweet,"Orange, Milk",2 pcs (~40g),170,3,20,8,,,,,,,,"Orange, Milk, Sugar, Ghee, Milk/Khoya, Cardamom","Orange (Balances doshas when eaten fresh and in moderation); Milk (Guru, Shita, cooling and building, balances Pitta); Sugar (Guru, Madhura, builds Ojas but heavy for Kapha); Ghee (Snigdha, unctuous, balances Vata and nourishes tissues); Milk/Khoya (Guru, Shita, cooling and building, balances Pitta); Cardamom (Ushna, aromatic, soothes digestion)"
Pandhra Rassa (White Chicken Curry),Maharashtra (Kolhapur (Western Maharashtra)),Non-Veg,Non-Veg,Mild coconut-cashew based white chicken curry,"Coconut, Chicken, Cashew",1 cup (~200g),300,22,8,20,,,,,,,,"Coconut, Chicken, Cashew, Salt, Oil, Mixed Spices","Coconut (Shita, cooling, pacifies Pitta); Chicken (Guru, Ushna, builds strength); Cashew (Guru, Snigdha, builds tissue); Salt (Ushna, enhances taste, balances electrolytes); Oil (Snigdha, unctuous, balances Vata); Mixed Spices (Ushna, kindles Agni, aids digestion)"
"Pani Puri (Puchka, Mumbai style)",Maharashtra (Mumbai),Snack,Veg,Crisp hollow puris filled with tangy spiced water,Semolina (Sooji/Rava),6 pcs (~100g),180,3,28,6,,,,,,,,"Semolina (Sooji/Rava), Salt, Oil, Mixed Spices","Semolina (Sooji/Rava) (Balances doshas when eaten fresh and in moderation); Salt (Ushna, enhances taste, balances electrolytes); Oil (Snigdha, unctuous, balances Vata); Mixed Spices (Ushna, kindles Agni, aids digestion)"
Pav Bhaji,Maharashtra (Mumbai),Snack/Main,Veg,Mashed spiced vegetable mash with buttered bread,Bread,1 plate (~300g),420,10,55,17,,,,,,,,"Bread, Salt, Oil, Mixed Spices","Bread (Balances doshas when eaten fresh and in moderation); Salt (Ushna, enhances taste, balances electrolytes); Oil (Snigdha, unctuous, balances Vata); Mixed Spices (Ushna, kindles Agni, aids digestion)"
Pithla,Maharashtra (General),Curry,Veg,Gram flour cooked into a savory thick curry,Gram Flour (Besan),1 cup (~200g),180,9,18,9,,,,,,,,"Gram Flour (Besan), Onion, Tomato, Ginger-Garlic Paste, Oil/Ghee, Turmeric, Red Chilli Powder, Garam Masala, Salt","Gram Flour (Besan) (Laghu, light, balances Kapha); Onion (Ushna, stimulates Agni, balances Kapha and Vata); Tomato (Amla, sour, stimulates digestion, use sparingly for Pitta); Ginger-Garlic Paste (Ushna, kindles Agni, aids digestion); Oil/Ghee (Snigdha, unctuous, balances Vata and nourishes tissues); Turmeric (Ushna, anti-inflammatory, purifies blood); Red Chilli Powder (Ushna, heating, use sparingly for Pitta); Garam Masala (Ushna, kindles Agni, aids digestion); Salt (Ushna, enhances taste, balances electrolytes)"
Poha (Kanda Poha),Maharashtra (General),Breakfast/Tiffin,Veg,"Flattened rice tempered with onion, peanuts, turmeric","Rice, Flattened Rice, Onion, Peanut, Turmeric",1 cup (~150g),200,4,34,5,,,,,,,,"Rice, Flattened Rice, Onion, Peanut, Turmeric, Salt, Oil, Mixed Spices","Rice (Laghu, easy to digest, balances Kapha); Flattened Rice (Laghu, light and easy to digest, balances Kapha); Onion (Ushna, stimulates Agni, balances Kapha and Vata); Peanut (Guru, Ushna, energy dense); Turmeric (Ushna, anti-inflammatory, purifies blood); Salt (Ushna, enhances taste, balances electrolytes); Oil (Snigdha, unctuous, balances Vata); Mixed Spices (Ushna, kindles Agni, aids digestion)"
Puran Poli,Maharashtra (General),Sweet,Veg,Sweet lentil-jaggery stuffed flatbread,Jaggery,1 piece (~80g),250,5,42,7,,,,,,,,"Jaggery, Sugar, Ghee, Milk/Khoya, Cardamom","Jaggery (Ushna, warming sweetness, aids digestion); Sugar (Guru, Madhura, builds Ojas but heavy for Kapha); Ghee (Snigdha, unctuous, balances Vata and nourishes tissues); Milk/Khoya (Guru, Shita, cooling and building, balances Pitta); Cardamom (Ushna, aromatic, soothes digestion)"
Ragda Pattice,Maharashtra (Mumbai),Snack,Veg,Potato patties topped with white pea curry & chutneys,Potato,1 plate (~250g),320,9,48,10,,,,,,,,"Potato, Salt, Oil, Mixed Spices","Potato (Guru, Vata aggravating in excess); Salt (Ushna, enhances taste, balances electrolytes); Oil (Snigdha, unctuous, balances Vata); Mixed Spices (Ushna, kindles Agni, aids digestion)"
Sabudana Khichdi,Maharashtra (General),Breakfast/Tiffin,Veg,Tapioca pearls with peanuts & potato,"Sago/Tapioca Pearls, Potato, Peanut",1 cup (~150g),260,5,38,10,,,,,,,,"Sago/Tapioca Pearls, Potato, Peanut, Salt, Oil, Mixed Spices","Sago/Tapioca Pearls (Balances doshas when eaten fresh and in moderation); Potato (Guru, Vata aggravating in excess); Peanut (Guru, Ushna, energy dense); Salt (Ushna, enhances taste, balances electrolytes); Oil (Snigdha, unctuous, balances Vata); Mixed Spices (Ushna, kindles Agni, aids digestion)"
Sabudana Thalipeeth,Maharashtra (General),Snack,Veg,Pan-fried tapioca-potato-peanut patty,"Sago/Tapioca Pearls, Potato, Peanut",2 pcs (~120g),280,6,40,11,,,,,,,,"Sago/Tapioca Pearls, Potato, Peanut, Salt, Oil, Mixed Spices","Sago/Tapioca Pearls (Balances doshas when eaten fresh and in moderation); Potato (Guru, Vata aggravating in excess); Peanut (Guru, Ushna, energy dense); Salt (Ushna, enhances taste, balances electrolytes); Oil (Snigdha, unctuous, balances Vata); Mixed Spices (Ushna, kindles Agni, aids digestion)"
Sabudana Vada,Maharashtra (General),Snack,Veg,Deep-fried tapioca-potato-peanut fritter,"Sago/Tapioca Pearls, Potato, Peanut",2 pcs (~100g),250,5,30,13,,,,,,,,"Sago/Tapioca Pearls, Potato, Peanut, Salt, Oil, Mixed Spices","Sago/Tapioca Pearls (Balances doshas when eaten fresh and in moderation); Potato (Guru, Vata aggravating in excess); Peanut (Guru, Ushna, energy dense); Salt (Ushna, enhances taste, balances electrolytes); Oil (Snigdha, unctuous, balances Vata); Mixed Spices (Ushna, kindles Agni, aids digestion)"
Saoji Chicken,Maharashtra (Vidarbha (Nagpur)),Non-Veg,Non-Veg,Extremely fiery Vidarbha-style spicy chicken curry,Chicken,1 cup (~200g),340,24,8,24,,,,,,,,"Chicken, Salt, Oil, Mixed Spices","Chicken (Guru, Ushna, builds strength); Salt (Ushna, enhances taste, balances electrolytes); Oil (Snigdha, unctuous, balances Vata); Mixed Spices (Ushna, kindles Agni, aids digestion)"
Sev Puri,Maharashtra (Mumbai),Snack,Veg,"Crisp puris topped with potato, chutneys & sev",Potato,1 plate (~150g),250,5,36,10,,,,,,,,"Potato, Salt, Oil, Mixed Spices","Potato (Guru, Vata aggravating in excess); Salt (Ushna, enhances taste, balances electrolytes); Oil (Snigdha, unctuous, balances Vata); Mixed Spices (Ushna, kindles Agni, aids digestion)"
Shira (Sheera),Maharashtra (General),Sweet/Breakfast,Veg,Sweet semolina pudding with ghee & nuts,"Semolina, Beans, Ghee",1 cup (~150g),300,4,45,12,,,,,,,,"Semolina, Beans, Ghee, Sugar, Milk/Khoya, Cardamom","Semolina (Balances doshas when eaten fresh and in moderation); Beans (Balances doshas when eaten fresh and in moderation); Ghee (Snigdha, unctuous, balances Vata and nourishes tissues); Sugar (Guru, Madhura, builds Ojas but heavy for Kapha); Milk/Khoya (Guru, Shita, cooling and building, balances Pitta); Cardamom (Ushna, aromatic, soothes digestion)"
Shrikhand,Maharashtra (General),Sweet,Veg,Sweetened hung curd with saffron & cardamom,Curd/Yogurt,1 cup (~150g),270,7,32,12,,,,,,,,"Curd/Yogurt, Sugar, Ghee, Milk/Khoya, Cardamom","Curd/Yogurt (Amla, Guru, sour and cooling in moderation); Sugar (Guru, Madhura, builds Ojas but heavy for Kapha); Ghee (Snigdha, unctuous, balances Vata and nourishes tissues); Milk/Khoya (Guru, Shita, cooling and building, balances Pitta); Cardamom (Ushna, aromatic, soothes digestion)"
Solkadhi,Maharashtra (Konkan),Beverage/Side,Veg,Kokum-coconut milk digestive drink,"Coconut, Milk",1 glass (~200ml),90,1,6,7,,,,,,,,"Coconut, Milk, Water, Sugar, Ice","Coconut (Shita, cooling, pacifies Pitta); Milk (Guru, Shita, cooling and building, balances Pitta); Water (Balances doshas when eaten fresh and in moderation); Sugar (Guru, Madhura, builds Ojas but heavy for Kapha); Ice (Balances doshas when eaten fresh and in moderation)"
"Sungta Curry (Prawn Curry, Konkan)",Maharashtra (Konkan),Non-Veg,Non-Veg,Prawns in coconut-based Malvani curry,"Coconut, Prawn",1 cup (~200g),260,19,8,17,,,,,,,,"Coconut, Prawn, Salt, Oil, Mixed Spices","Coconut (Shita, cooling, pacifies Pitta); Prawn (Balances doshas when eaten fresh and in moderation); Salt (Ushna, enhances taste, balances electrolytes); Oil (Snigdha, unctuous, balances Vata); Mixed Spices (Ushna, kindles Agni, aids digestion)"
Surmai Fry (Kingfish Fry),Maharashtra (Konkan),Non-Veg,Non-Veg,Shallow-fried spiced kingfish steaks,Kingfish (Surmai),1 serving (~150g),270,22,6,18,,,,,,,,"Kingfish (Surmai), Salt, Oil, Mixed Spices","Kingfish (Surmai) (Guru, Ushna, nourishing, best fresh); Salt (Ushna, enhances taste, balances electrolytes); Oil (Snigdha, unctuous, balances Vata); Mixed Spices (Ushna, kindles Agni, aids digestion)"
Thalipeeth,Maharashtra (General),Breakfast/Tiffin,Veg,Multigrain savory pancake,Mixed Flours,1 piece (~100g),210,6,30,7,,,,,,,,"Mixed Flours, Salt, Oil, Mixed Spices","Mixed Flours (Balances doshas when eaten fresh and in moderation); Salt (Ushna, enhances taste, balances electrolytes); Oil (Snigdha, unctuous, balances Vata); Mixed Spices (Ushna, kindles Agni, aids digestion)"
Thecha,Maharashtra (Vidarbha),Chutney/Side,Veg,Fiery pounded green chili-garlic dry chutney,"Chili, Garlic",1 tbsp (~15g),25,0.5,2,1.5,,,,,,,,"Chili, Garlic, Green Chilli, Salt, Spices, Oil (tempering)","Chili (Balances doshas when eaten fresh and in moderation); Garlic (Ushna, heating, balances Vata and Kapha); Green Chilli (Ushna, use sparingly for Pitta); Salt (Ushna, enhances taste, balances electrolytes); Spices (Balances doshas when eaten fresh and in moderation); Oil (tempering) (Snigdha, unctuous, balances Vata)"
Tilgul Ladoo,Maharashtra (General),Sweet,Veg,"Sesame seed-jaggery ladoo, Makar Sankranti specialty",Jaggery,2 pcs (~40g),190,4,20,10,,,,,,,,"Jaggery, Sugar, Ghee, Milk/Khoya, Cardamom","Jaggery (Ushna, warming sweetness, aids digestion); Sugar (Guru, Madhura, builds Ojas but heavy for Kapha); Ghee (Snigdha, unctuous, balances Vata and nourishes tissues); Milk/Khoya (Guru, Shita, cooling and building, balances Pitta); Cardamom (Ushna, aromatic, soothes digestion)"
Ukdiche Modak,Maharashtra (Konkan),Sweet,Veg,Steamed rice flour modak with coconut-jaggery filling,"Rice, Coconut, Jaggery",2 pcs (~80g),190,3,34,5,,,,,,,,"Rice, Coconut, Jaggery, Sugar, Ghee, Milk/Khoya, Cardamom","Rice (Laghu, easy to digest, balances Kapha); Coconut (Shita, cooling, pacifies Pitta); Jaggery (Ushna, warming sweetness, aids digestion); Sugar (Guru, Madhura, builds Ojas but heavy for Kapha); Ghee (Snigdha, unctuous, balances Vata and nourishes tissues); Milk/Khoya (Guru, Shita, cooling and building, balances Pitta); Cardamom (Ushna, aromatic, soothes digestion)"
Usal (Moong Usal),Maharashtra (General),Curry,Veg,Sprouted moong curry with goda masala & coconut,"Moong Dal, Coconut",1 cup (~150g),170,10,22,5,,,,,,,,"Moong Dal, Coconut, Onion, Tomato, Ginger-Garlic Paste, Oil/Ghee, Turmeric, Red Chilli Powder, Garam Masala, Salt","Moong Dal (Laghu, protein-rich, balances Kapha); Coconut (Shita, cooling, pacifies Pitta); Onion (Ushna, stimulates Agni, balances Kapha and Vata); Tomato (Amla, sour, stimulates digestion, use sparingly for Pitta); Ginger-Garlic Paste (Ushna, kindles Agni, aids digestion); Oil/Ghee (Snigdha, unctuous, balances Vata and nourishes tissues); Turmeric (Ushna, anti-inflammatory, purifies blood); Red Chilli Powder (Ushna, heating, use sparingly for Pitta); Garam Masala (Ushna, kindles Agni, aids digestion); Salt (Ushna, enhances taste, balances electrolytes)"
Vada Pav,Maharashtra (Mumbai),Snack,Veg,Spiced potato fritter in bread bun,"Potato, Bread",1 piece (~150g),290,7,42,10,,,,,,,,"Potato, Bread, Salt, Oil, Mixed Spices","Potato (Guru, Vata aggravating in excess); Bread (Balances doshas when eaten fresh and in moderation); Salt (Ushna, enhances taste, balances electrolytes); Oil (Snigdha, unctuous, balances Vata); Mixed Spices (Ushna, kindles Agni, aids digestion)"
Vangyache Bharit,Maharashtra (General),Curry,Veg,"Roasted mashed eggplant with onion, garlic & spices","Onion, Eggplant, Garlic",1 cup (~150g),130,3,14,7,,,,,,,,"Onion, Eggplant, Garlic, Tomato, Ginger-Garlic Paste, Oil/Ghee, Turmeric, Red Chilli Powder, Garam Masala, Salt","Onion (Ushna, stimulates Agni, balances Kapha and Vata); Eggplant (Laghu, light, supports digestion); Garlic (Ushna, heating, balances Vata and Kapha); Tomato (Amla, sour, stimulates digestion, use sparingly for Pitta); Ginger-Garlic Paste (Ushna, kindles Agni, aids digestion); Oil/Ghee (Snigdha, unctuous, balances Vata and nourishes tissues); Turmeric (Ushna, anti-inflammatory, purifies blood); Red Chilli Powder (Ushna, heating, use sparingly for Pitta); Garam Masala (Ushna, kindles Agni, aids digestion); Salt (Ushna, enhances taste, balances electrolytes)"
Varan Bhaat,Maharashtra (General),Staple,Veg,Simple boiled toor dal served with rice & ghee,"Rice, Toor Dal, Ghee",1 plate (~250g),280,10,44,7,,,,,,,,"Rice, Toor Dal, Ghee, Oil/Ghee, Whole Spices, Salt","Rice (Laghu, easy to digest, balances Kapha); Toor Dal (Laghu, protein-rich, balances Kapha); Ghee (Snigdha, unctuous, balances Vata and nourishes tissues); Oil/Ghee (Snigdha, unctuous, balances Vata and nourishes tissues); Whole Spices (Ushna, kindles Agni, aids digestion); Salt (Ushna, enhances taste, balances electrolytes)"
Zunka,Maharashtra (General),Curry,Veg,"Gram flour cooked dry with onion, garlic & mustard","Onion, Mustard, Garlic",1 cup (~150g),190,7,18,10,,,,,,,,"Onion, Mustard, Garlic, Tomato, Ginger-Garlic Paste, Oil/Ghee, Turmeric, Red Chilli Powder, Garam Masala, Salt","Onion (Ushna, stimulates Agni, balances Kapha and Vata); Mustard (Balances doshas when eaten fresh and in moderation); Garlic (Ushna, heating, balances Vata and Kapha); Tomato (Amla, sour, stimulates digestion, use sparingly for Pitta); Ginger-Garlic Paste (Ushna, kindles Agni, aids digestion); Oil/Ghee (Snigdha, unctuous, balances Vata and nourishes tissues); Turmeric (Ushna, anti-inflammatory, purifies blood); Red Chilli Powder (Ushna, heating, use sparingly for Pitta); Garam Masala (Ushna, kindles Agni, aids digestion); Salt (Ushna, enhances taste, balances electrolytes)"
